candidate_id,tour,date,date_key,month,side,player_name,opponent_name,surface,tourney_name,tourney_id,round,raw_prob,artifact_prob,market_prob,odds,actual_result,source_bookmaker,odds_source_confidence,bp_convert_rate_diff,bp_convert_rate_surface_diff,bp_save_rate_diff,bp_save_rate_surface_diff,deciding_set_win_rate_diff,elo_diff,h2h_surface_win_rate_diff,h2h_win_rate_diff,matches_played_diff,points_diff,rank_diff,rank_momentum_diff,recent_form_diff,recent_surface_form_diff,return_rating_diff,return_rating_surface_diff,serve_rating_diff,serve_rating_surface_diff,surface_elo_diff,win_pct_diff,raw_edge,artifact_edge,log_odds,is_near_dog,wf_period,target
atp:2026-01-04:0:A,atp,2026-01-04,2026-01-04,2026-01,A,Adam Walton,Rinky Hijikata,Hard,,,,0.52282125,0.52282125,0.4477611940298506,2.2333333333333343,0.0,,,0.0085467829815218,-0.0398318739414106,-0.0122518218568972,0.0191419457144318,0.0853211636396006,30.01843750941839,-0.0,-0.0,-39.0,186.0,35.0,-0.051899732265029,-0.1244945887863456,-0.175387723031814,-0.0052420108550995,0.0143793885859689,0.0398336826066764,0.0496409934443787,-32.24400922154882,-0.0432953983176645,0.07506005597014942,0.07506005597014942,0.8034952377288112,True,train,0
atp:2026-01-04:7:B,atp,2026-01-04,2026-01-04,2026-01,B,Aleksandar Vukic,Frances Tiafoe,Hard,,,,0.30164945,0.30164945,0.346938775510204,2.882352941176471,0.0,,,-0.1772253130377843,-0.1810325197470261,0.0047840069962655,-0.0086105532026995,0.3356681101926963,-114.91462710218048,-0.0,-0.0,-156.0,-792.0,-54.0,-0.0103494322774813,-0.0039872801166563,-0.0039872801166563,-0.0397715597787547,-0.0386126703094378,0.0151762665529048,0.0170229332754273,-109.59558430750826,-0.1654143077714874,-0.04528932551020404,-0.04528932551020404,1.0586069540544107,True,train,0
atp:2026-01-04:2:A,atp,2026-01-04,2026-01-04,2026-01,A,Alex Michelsen,Learner Tien,Hard,,,,0.33251217,0.33251217,0.3708920187793427,2.6962025316455698,1.0,,,-0.0765296612640328,-0.0804959311708142,-0.0811984922815201,-0.0839548785809212,-0.1758077978445731,-163.14259229640516,0.0,0.4545454545454546,57.0,-240.0,-10.0,-0.24307602758523,-0.5259374916790427,-0.5259374916790427,0.0070445917822533,0.0072975843560085,-0.0624145135636592,-0.0626523907599001,-166.11991574320928,-0.0731538992408557,-0.038379848779342696,-0.038379848779342696,0.9918443132424036,True,train,1
atp:2026-01-04:1:B,atp,2026-01-04,2026-01-04,2026-01,B,Brandon Nakashima,Alejandro Davidovich Fokina,Hard,,,,0.35713255,0.35713255,0.40096618357487923,2.4939759036144578,1.0,,,-0.0339548757236626,-0.0339548757236626,-0.1391771929578921,-0.1391771929578921,-0.0749285360661921,-111.64487448754768,0.0,0.0,-44.0,-1205.0,-21.0,-0.2151319986494812,-0.3091045636636613,-0.3091045636636613,-0.0292828098900096,-0.0292828098900096,-0.0117326538928791,-0.0117326538928791,-100.796196861226,-0.017708663916217,-0.04383363357487924,-0.04383363357487924,0.9138781854687711,True,train,1
atp:2026-01-04:3:A,atp,2026-01-04,2026-01-04,2026-01,A,Cameron Norrie,Ugo Humbert,Hard,,,,0.4673248,0.4673248,0.4320987654320988,2.314285714285714,1.0,,,-0.1912477778832695,-0.1919938046175923,-0.0803811482062416,-0.0964576117551029,0.3428238109719854,-24.557980418278476,0.0,0.0,68.0,193.0,10.0,0.3244189265578868,-0.0383818968175659,-0.0383818968175659,0.0254295561528082,0.0276894300107573,0.0167823702021524,0.0194002161726641,-119.33659554860832,0.0491682819606502,0.03522603456790119,0.03522603456790119,0.839101093183025,True,train,1
atp:2026-01-04:15:B,atp,2026-01-04,2026-01-04,2026-01,B,Dane Sweeny,Reilly Opelka,Hard,,,,0.23419210000000001,0.23419210000000001,0.3942307692307693,2.536585365853658,0.0,,,-0.0680153611587296,-0.068077208940446,-0.18760389532631,-0.1852144018829379,-0.0586464295923114,-87.23087365111178,-0.0,-0.0,-151.0,-693.0,-130.0,0.5144574175824176,0.0186598004003099,0.0186598004003099,0.0383718373760958,0.0386031519220994,-0.0844025153658755,-0.0861994376216156,-99.07670405831186,-0.1953290870488322,-0.16003866923076926,-0.16003866923076926,0.9308188324370646,True,train,0
atp:2026-01-04:9:A,atp,2026-01-04,2026-01-04,2026-01,A,James Duckworth,Alex Michelsen,Hard,,,,0.45760044,0.45760044,0.4342431761786601,2.3028571428571425,0.0,,,-0.0832556689970546,-0.065927100127328,0.2081226646764562,0.2035753075209678,-0.3653095128678894,-41.6036989106608,-0.0,-0.0,-1.0,-606.0,-49.0,0.2177335513442002,0.3095101999121779,0.3095101999121779,-0.0191821971313285,-0.0218342824315645,0.0132446224284096,0.012423242833724,-52.80710586701025,-0.076063492063492,0.023357263821339902,0.023357263821339902,0.8341505880231688,True,train,0
atp:2026-01-04:13:A,atp,2026-01-04,2026-01-04,2026-01,A,Nick Kyrgios,Aleksandar Kovacevic,Hard,,,,0.6200927,0.6200927,0.3741176470588235,2.6729559748427674,0.0,,,0.071566980529385,0.1152243830193725,0.110320010451028,0.1464665408821833,0.3882385204882133,346.2779502132639,-0.0,-0.0,-10.0,-827.0,-611.0,-0.0173812282734646,0.4432150230640033,0.5407102814933198,0.0122257976026219,0.0163627791432793,0.0739148900641677,0.0792686116602133,282.6620396128558,0.3475821092589536,0.24597505294117655,0.24597505294117655,0.9831849667041853,True,train,0
atp:2026-01-04:8:B,atp,2026-01-04,2026-01-04,2026-01,B,Pablo Carreno Busta,Grigor Dimitrov,Hard,,,,0.41816549999999997,0.41816549999999997,0.3438914027149321,2.9078947368421053,0.0,,,-0.145023144071702,0.0223316239806751,-0.1700919168747743,-0.2171516411592217,-0.408265755417574,-260.4029790349857,-0.0,-0.0,-78.0,-512.0,-49.0,0.5495484922125262,-0.4034334765549532,-0.345724730799413,-0.0119292643141123,0.019244529899686,-0.0091512644445714,-0.0144592838017739,-243.45947970004383,-0.061517727104754,0.07427409728506784,0.07427409728506784,1.0674293612314218,True,train,0
atp:2026-01-04:14:A,atp,2026-01-04,2026-01-04,2026-01,A,Quentin Halys,Alexei Popyrin,Hard,,,,0.32230535,0.32230535,0.3824228028503563,2.6149068322981366,1.0,,,0.1469198608748547,0.1693891315665286,-0.1100067426623928,-0.0693613407093388,-0.0341501736709938,-150.01278070922012,0.0,0.0,-89.0,-331.0,-38.0,-0.050140119669772,-0.0961431210639748,-0.0961431210639748,-0.0397593293517161,-0.0320173230978989,-0.0027796549892074,-0.0047412944983057,-145.13443780930288,-0.0718703976435934,-0.0601174528503563,-0.0601174528503563,0.9612284686979184,True,train,1
atp:2026-01-04:16:A,atp,2026-01-04,2026-01-04,2026-01,A,Tomas Machac,Jiri Lehecka,Hard,,,,0.4189502,0.4189502,0.3581395348837209,2.792207792207792,0.0,,,0.1797635653536798,0.2038099800843499,0.1127790055781471,0.1292883589831267,-0.0507859386541184,-53.782927615195376,-0.0,-0.0,-70.0,-870.0,-14.0,-0.2261343349718795,-0.1065829438038544,-0.1065829438038544,0.0175160007209057,0.0166600037619748,-0.0321046259824633,-0.0283898641562219,7.164469967919331,0.0045615293936753,0.06081066511627908,0.06081066511627908,1.026832606273979,True,train,0
atp:2026-01-04:17:A,atp,2026-01-04,2026-01-04,2026-01,A,Valentin Vacherot,Sebastian Korda,Hard,,,,0.50630265,0.50630265,0.3627906976744186,2.7564102564102564,0.0,,,0.088379327968904,0.097247833346266,-0.019924909616414,0.0043451023362388,0.0693420826906866,-33.943164394458336,-0.0,-0.0,-216.0,393.0,17.0,4.423627049861956,0.1770232680190354,0.1770232680190354,-0.0261234762087182,-0.0316001921260417,-0.0014893380017958,0.0034424802851314,-14.070715884947504,-0.0512820512820512,0.14351195232558134,0.14351195232558134,1.013929201438071,True,train,0
atp:2026-01-05:19:A,atp,2026-01-05,2026-01-05,2026-01,A,Alexandre Muller,Miomir Kecmanovic,Hard,,,,0.5231223,0.5231223,0.4364089775561097,2.291428571428572,1.0,,,-0.0041047124290131,-0.0011315244390797,0.0964065292081201,0.0940593163283204,0.2323780008294309,28.43509255957497,0.2727272727272727,0.2727272727272727,-164.0,190.0,8.0,0.082102880585666,-0.0195471899697128,-0.0195471899697128,-0.0384053162300318,-0.03904528664011,0.0081364226576268,0.0088456347294971,-4.990410227213033,-0.0434178972611384,0.08671332244389035,0.08671332244389035,0.8291754533830553,True,train,1
atp:2026-01-05:21:A,atp,2026-01-05,2026-01-05,2026-01,A,Botic Van De Zandschulp,Alexander Bublik,Hard,,,,0.27528667,0.27528667,0.3517241379310345,2.8431372549019605,0.0,,,0.0020641443469386,-0.0033569776230787,-0.2539913224652104,-0.2663726487696997,-0.1339127216085422,-240.13264639925796,-0.0,-0.0,-93.0,-2099.0,-66.0,-0.1446127402009755,-0.2858041396366822,-0.2858041396366822,0.0116679967821532,0.0139959086749829,-0.0223954981523136,-0.023884114580125,-121.46613915729108,-0.0491987179487179,-0.07643746793103451,-0.07643746793103451,1.0449081096962485,True,train,0
atp:2026-01-05:24:B,atp,2026-01-05,2026-01-05,2026-01,B,Coleman Wong,Gabriel Diallo,Hard,,,,0.28570910000000005,0.28570910000000005,0.3439635535307516,2.9072847682119214,1.0,,,-0.1033543419178106,-0.0733183748122747,0.0395048923044831,0.0585372009751321,-0.0992310235242167,-166.45960060141738,0.0,0.0,-50.0,-822.0,-109.0,0.1847112350993892,0.0779480684596037,0.0945631799338596,-0.0034511000885012,-0.0011262581923444,-0.0269071194705878,-0.0246113502692716,-52.78081612652909,-0.1875,-0.05825445353075154,-0.05825445353075154,1.0672195762602472,True,train,1
atp:2026-01-05:22:A,atp,2026-01-05,2026-01-05,2026-01,A,Damir Dzumhur,Nuno Borges,Hard,,,,0.35428625,0.35428625,0.3439635535307517,2.9072847682119205,0.0,,,0.1266118548145319,0.1347518837936229,-0.09215533819321,-0.1137666426618504,-0.2249398644452034,-132.76787444691604,-0.0,-0.0,-67.0,-283.0,-19.0,-0.0356731875719217,-0.2695221558968706,-0.2695221558968706,0.0351190229081249,0.0312426734544726,-0.0267234950490287,-0.027480156988965,-214.94392007923784,-0.1184935701163502,0.010322696469248327,0.010322696469248327,1.067219576260247,True,train,0
atp:2026-01-05:23:A,atp,2026-01-05,2026-01-05,2026-01,A,Francisco Comesana,Juncheng Shang,Hard,,,,0.51454747,0.51454747,0.3579676674364896,2.793548387096774,0.0,,,0.050872712744536,0.04714693527746,0.1773587164978636,0.1586843091438129,-0.0384831115191797,-31.875493518851044,-0.0,-0.0,-18.0,614.0,186.0,0.112471198156682,-0.14715848393608,-0.14715848393608,0.0033074686733698,0.0004616343026933,-0.0458853437310433,-0.0502287667209303,-61.77744622965383,-0.0758738277919863,0.1565798025635104,0.1565798025635104,1.0273126110832431,True,train,0
atp:2026-01-05:30:B,atp,2026-01-05,2026-01-05,2026-01,B,Laslo Djere,Marcos Giron,Hard,,,,0.48444354999999995,0.48444354999999995,0.4257425742574257,2.3488372093023258,0.0,,,-0.0511151303910537,-0.0033598762949171,-0.1483949171146235,-0.0553054124405352,0.1189129300913691,-21.36941272320996,-0.0,-0.0,-45.0,-193.0,-33.0,-0.0047430047430047,-0.3763535542197595,-0.1052845318837097,-0.0125093574428668,-0.0046959510005675,-0.0043271881683856,0.0065496187532044,-11.278833947654448,0.0281456356222711,0.05870097574257427,0.05870097574257427,0.8539204011476971,True,train,0
atp:2026-01-05:27:A,atp,2026-01-05,2026-01-05,2026-01,A,Lorenzo Sonego,Juncheng Shang,Hard,,,,0.62098473,0.62098473,0.425061425061425,2.3526011560693645,0.0,,,-0.108742948452726,-0.108742948452726,0.3159929767010704,0.3159929767010704,0.0252376616903734,20.70520390417232,-0.0,-0.0,217.0,1040.0,213.0,0.291873869801085,0.1138659207171703,0.1138659207171703,-0.0134995949073341,-0.0134995949073341,0.0075891051067339,0.0075891051067339,20.272713893337368,-0.0317219012871187,0.19592330493857496,0.19592330493857496,0.8555215909448162,True,train,0
atp:2026-01-05:33:A,atp,2026-01-05,2026-01-05,2026-01,A,Michael Mmoh,Alejandro Tabilo,Hard,,,,0.33867887,0.33867887,0.4009661835748792,2.493975903614458,1.0,,,0.1316085100903769,0.1533487702363609,-0.1784908795952174,-0.1341815876873189,0.0912947495504336,-21.019133686908617,0.0,0.0,-78.0,-533.0,-205.0,0.2395861240035044,0.0684635019386403,0.0988804704855943,0.0535667248066152,0.0370424354635687,-0.0501833396693912,-0.044301307111726,25.67333131024384,-0.0062670737586373,-0.062287313574879155,-0.062287313574879155,0.9138781854687713,True,train,1
atp:2026-01-05:28:B,atp,2026-01-05,2026-01-05,2026-01,B,Rei Sakamoto,Lorenzo Sonego,Hard,,,,0.25568336,0.25568336,0.3486238532110092,2.8684210526315788,0.0,,,-0.0187659390997709,-0.0187659390997709,0.010504695283996,0.010504695283996,0.0403495478261947,-127.04700775245806,-0.0,-0.0,-284.0,-937.0,-144.0,-0.1480077707298775,-0.6272253011511779,-0.6272253011511779,-0.050045715203433,-0.050045715203433,-0.0365360192453204,-0.0365360192453204,-114.66636418504118,-0.4755244755244755,-0.09294049321100917,-0.09294049321100917,1.0537617225027578,True,train,0
atp:2026-01-05:20:B,atp,2026-01-05,2026-01-05,2026-01,B,Yibing Wu,Andrey Rublev,Hard,,,,0.29544543999999995,0.29544543999999995,0.3378076062639822,2.9602649006622506,0.0,,,0.0946580823170696,0.1017588343901058,0.031820351106229,0.0202838945473045,0.2932849137658335,-22.602342869584614,-0.0,-0.0,-352.0,-2188.0,-165.0,0.0195236235845372,0.2668160531300919,0.2668160531300919,-0.0062364419356902,-0.0055053445090985,0.0041276049679409,0.0043184259344349,25.297976157213498,-0.1538554508097654,-0.04236216626398226,-0.04236216626398226,1.0852787577986442,True,train,0
atp:2026-01-05:34:A,atp,2026-01-05,2026-01-05,2026-01,A,Yibing Wu,Fabian Marozsan,Hard,,,,0.36320215,0.36320215,0.4285714285714286,2.333333333333333,1.0,,,0.1967746639489722,0.2037662377664082,0.0935022342759442,0.0791639657288721,0.1366650637131577,-6.807260540922698,0.0,0.0,-72.0,-678.0,-127.0,0.0384245917387127,0.1993775494792641,0.1993775494792641,-0.0107081613756041,-0.0104568264984745,-0.0365796756640889,-0.0372396918327618,30.125907037983097,0.0150375939849624,-0.0653692785714286,-0.0653692785714286,0.8472978603872034,True,train,1
atp:2026-01-12:35:A,atp,2026-01-12,2026-01-12,2026-01,A,Adrian Mannarino,Eliot Spizzirri,Hard,,,,0.5709648,0.5709648,0.3857142857142857,2.592592592592593,0.0,,,-0.1937921820312323,-0.1868346573261505,0.0704408535105844,0.0745091308149258,-0.2874232143348473,51.31972305215186,-0.0,-0.0,240.0,145.0,20.0,-0.1961699416797773,-0.2061408649248883,-0.2061408649248883,-0.0021515273078354,-0.0054736468860706,-0.019153126546014,-0.026235388739966,17.499511560015208,-0.0030404378230465,0.18525051428571437,0.18525051428571437,0.9526583760450301,True,train,0
atp:2026-01-12:40:A,atp,2026-01-12,2026-01-12,2026-01,A,Aleksandar Kovacevic,Hamad Medjedovic,Hard,,,,0.37741765,0.37741765,0.3548387096774193,2.8181818181818183,0.0,,,-0.1731900430365784,-0.1685273526869729,-0.0665755732889471,-0.0545096891210606,0.0198202980651096,-139.49475422823298,-0.0,-1.0,23.0,159.0,21.0,0.1792237442922374,0.1296935917883418,0.1296935917883418,-0.0191815592777215,-0.0194024682912974,-0.0047971155026531,-0.008407443344454,-122.63909447399352,-0.1593031609195402,0.022578940322580676,0.022578940322580676,1.0360919316867758,True,train,0
atp:2026-01-12:60:B,atp,2026-01-12,2026-01-12,2026-01,B,Alexander Shevchenko,Marton Fucsovics,Hard,,,,0.38633704,0.38633704,0.3776722090261282,2.6477987421383653,1.0,,,-0.1748870058600821,-0.1461346145085408,-0.0357104729646086,-0.0718718633938599,0.0426641976516507,-115.11500068442842,0.0,0.0,-87.0,-304.0,-42.0,0.0153121805186886,0.0860654286902394,-0.024701981138133,-0.0500131551138746,-0.0709386732471684,0.019523298795155,0.0176464312938656,-44.377515428888955,-0.0790114210821943,0.008664830973871829,0.008664830973871829,0.97372863146215,True,train,1
atp:2026-01-12:41:B,atp,2026-01-12,2026-01-12,2026-01,B,Andrea Vavassori,Aleksandar Vukic,Hard,,,,0.39258689999999996,0.39258689999999996,0.40096618357487923,2.4939759036144578,0.0,,,0.029462350098488,0.1798983899629995,0.0180330447245777,-0.0616599514890942,0.0043290964731345,-4.762623419668444,-0.0,-0.0,-115.0,-561.0,-252.0,-0.0758725341426403,-0.078743346384964,0.0047744001554355,0.0181806734205676,0.0111500920856014,0.0020410996880385,0.0170742013428302,7.81329527228354,-0.0074074074074073,-0.00837928357487927,-0.00837928357487927,0.9138781854687711,True,train,0
atp:2026-01-12:45:A,atp,2026-01-12,2026-01-12,2026-01,A,Damir Dzumhur,Alexander Shevchenko,Hard,,,,0.45498922,0.45498922,0.4285714285714286,2.333333333333333,0.0,,,0.1354875244806643,0.116078563473374,-0.0076704459151767,0.0191506093056225,-0.2719830645432425,-57.821360889339985,-0.0,-0.0,-37.0,185.0,31.0,-0.0369532428355957,-0.2525226480769977,-0.1417552382486253,0.0278105097861114,0.0415074560131199,-0.0049157891941375,-0.0055336875207,-146.1984468332771,-0.0978593272171254,0.026417791428571424,0.026417791428571424,0.8472978603872034,True,train,0
atp:2026-01-12:47:B,atp,2026-01-12,2026-01-12,2026-01,B,Eliot Spizzirri,Fabian Marozsan,Hard,,,,0.39944690000000005,0.39944690000000005,0.44638403990024933,2.240223463687151,0.0,,,0.2153416371655147,0.2182381839192069,0.0117606788234253,0.0013083718762757,0.0916120064379077,-91.2435754624571,-0.0,-0.0,-102.0,-328.0,-35.0,0.1482130895622365,0.1232698952599692,0.1232698952599692,0.0088409867986292,0.0095229142495054,0.0103445999488708,0.014632121309017,-85.48754884383266,-0.0428093645484949,-0.04693713990024928,-0.04693713990024928,0.8065756214658143,True,train,0
atp:2026-01-12:44:B,atp,2026-01-12,2026-01-12,2026-01,B,Fabian Marozsan,Casper Ruud,Hard,,,,0.28127824999999995,0.28127824999999995,0.34090909090909105,2.9333333333333322,1.0,,,-0.1706400210988899,-0.1717568918438133,0.0077528846677562,0.0081183044207089,0.0518212606572948,-164.5173962476615,0.0,0.0,-234.0,-1825.0,-42.0,0.0407408555967314,-0.2598469744054144,-0.2598469744054144,-0.0277948543482379,-0.027587141958169,-0.0192160151369775,-0.0184570869261887,-119.86018684185728,-0.1776005979818113,-0.0596308409090911,-0.0596308409090911,1.0761394328160507,True,train,1
atp:2026-01-12:53:B,atp,2026-01-12,2026-01-12,2026-01,B,Francisco Cerundolo,Jaume Munar,Hard,,,,0.5054053000000001,0.5054053000000001,0.4356435643564357,2.295454545454545,0.0,,,-0.0116607924208695,-0.008878990958247,-0.0385114854466663,-0.037984201897101,0.0594687733481209,49.29823929260192,-0.0,0.5384615384615385,25.0,650.0,12.0,-0.1703713043829952,0.1675661464531545,0.1675661464531545,0.0318361681046668,0.0312227861138877,-0.0490362439146074,-0.0431219956561039,80.99182274209466,0.1193809401489854,0.06976173564356436,0.06976173564356436,0.8309308829229981,True,train,0
atp:2026-01-12:49:A,atp,2026-01-12,2026-01-12,2026-01,A,Francisco Comesana,Valentin Royer,Hard,,,,0.43786934,0.43786934,0.4472361809045225,2.235955056179776,1.0,,,0.0248715003382607,0.0228293398011209,-0.1107518152471044,-0.123949752476815,-0.0075673500394068,11.922745975085943,0.0,0.0,31.0,-95.0,-10.0,-0.1211071535741777,0.0752369995280987,0.0752369995280987,0.0430072871841442,0.0407341574614983,-0.0273070057613706,-0.0305610397231608,-33.79039712069334,-0.0054945054945054,-0.0093668409045225,-0.0093668409045225,0.804668454992353,True,train,1
atp:2026-01-12:50:A,atp,2026-01-12,2026-01-12,2026-01,A,Gael Monfils,Fabian Marozsan,Hard,,,,0.55065227,0.55065227,0.3961352657004831,2.524390243902439,0.0,,,0.1362466921142693,0.1355445953599376,-0.0094573301293411,-0.0123104475619489,-0.1094067575653594,14.216114100111326,-0.0,0.4545454545454546,62.0,-175.0,-14.0,0.0038979841853213,-0.2528477636640528,-0.0562773056753044,0.0004246546925902,0.0016859236921419,-0.0602512530360352,-0.0331578974286669,92.82868689437328,0.0945222304102186,0.15451700429951698,0.15451700429951698,0.925999546001116,True,train,0
atp:2026-01-12:51:A,atp,2026-01-12,2026-01-12,2026-01,A,Hamad Medjedovic,Jakub Mensik,Hard,,,,0.36868867,0.36868867,0.4180929095354523,2.391812865497076,0.0,,,0.1097817261460604,0.1033466195147115,-0.0073674372847142,-0.0135684177649673,0.0206238575283817,-95.74600618118552,-0.0,-0.0,-28.0,-1432.0,-62.0,-0.1284735236391041,-0.2792123346256232,-0.2792123346256232,-0.0485858776568188,-0.0458888135860138,0.0351588017517767,0.034713417729134,-99.10328405859627,-0.093070652173913,-0.04940423953545231,-0.04940423953545231,0.8720515995401419,True,train,0
atp:2026-01-12:43:B,atp,2026-01-12,2026-01-12,2026-01,B,Hugo Gaston,Cameron Norrie,Hard,,,,0.21499100000000004,0.21499100000000004,0.37411764705882355,2.672955974842767,0.0,,,0.1062607292669478,0.1717946560908846,0.0239812623046541,-0.0057805230301932,-0.1980240252344358,-251.63380865454587,-0.0,-0.0,-205.0,-910.0,-69.0,0.0898499060969039,-0.3549408077116295,-0.3473068375748092,0.0109330964393487,0.0083559030097823,-0.0764713529084302,-0.0678636804216719,-182.92681838801764,-0.2127811692240004,-0.1591266470588235,-0.1591266470588235,0.9831849667041852,True,train,0
atp:2026-01-12:64:B,atp,2026-01-12,2026-01-12,2026-01,B,Jacob Fearnley,Quentin Halys,Hard,,,,0.5666169999999999,0.5666169999999999,0.4222222222222223,2.3684210526315788,0.0,,,0.1308243405114089,0.0982364338869085,0.0710540918100779,0.051619234604424,0.1714837971484327,46.277480959540526,-0.0,-0.0,-68.0,108.0,20.0,0.1659474471266823,-0.0892750310630344,-0.0892750310630344,0.0242418517682097,0.0146342297309417,-0.0436756328276963,-0.0461194996630367,30.93861926926661,0.0364246345554756,0.14439477777777765,0.14439477777777765,0.8622235106038793,True,train,0
atp:2026-01-12:52:A,atp,2026-01-12,2026-01-12,2026-01,A,James Duckworth,Tomas Machac,Hard,,,,0.30853194,0.30853194,0.4285714285714286,2.333333333333333,0.0,,,-0.1584935570845144,-0.1696631802253736,0.1199305562754038,0.1011007082503958,-0.1348577137655894,-164.49963604548702,-0.0,-0.0,16.0,-751.0,-55.0,0.2650284761834541,0.185986294819809,0.185986294819809,0.0299920749615197,0.0287805523832186,0.0019332437254789,-0.001425470884327,-204.22474101333432,-0.1509379509379509,-0.1200394885714286,-0.1200394885714286,0.8472978603872034,True,train,0
atp:2026-01-12:39:B,atp,2026-01-12,2026-01-12,2026-01,B,Luciano Darderi,Alejandro Tabilo,Hard,,,,0.44250124999999996,0.44250124999999996,0.42156862745098045,2.3720930232558137,1.0,,,0.2062732143975151,0.2057427350351785,-0.1413416948519082,-0.1598317265799402,0.0672896013284261,-33.638909103445485,0.0,-0.3999999999999999,-25.0,862.0,57.0,0.0521533111697046,-0.2096478803139666,-0.2096478803139666,0.0206949676764899,0.018553013607665,-0.0434499744756686,-0.0455086560910403,-161.38907503612086,0.0223756067961165,0.02093262254901951,0.02093262254901951,0.8637726975907085,True,train,1
atp:2026-01-12:65:A,atp,2026-01-12,2026-01-12,2026-01,A,Quentin Halys,Tomas Machac,Hard,,,,0.23896886,0.23896886,0.3942307692307692,2.5365853658536586,0.0,,,-0.0841933024494268,-0.0941034211203249,-0.0983515914408413,-0.0852868004073366,0.0394913660567801,-198.81117816455208,-0.0,-0.0,-3.0,-776.0,-59.0,-0.0708008179276384,-0.0511280698202492,-0.0511280698202492,-0.0167934551211184,-0.011328327621593,0.0041042823762053,0.0020832290940279,-241.35630339219892,-0.189804587935429,-0.1552619092307692,-0.1552619092307692,0.9308188324370649,True,train,0
atp:2026-01-12:67:A,atp,2026-01-12,2026-01-12,2026-01,A,Reilly Opelka,Tommy Paul,Hard,,,,0.39535227,0.39535227,0.3741176470588235,2.6729559748427674,0.0,,,-0.0266300260729123,-0.013238171735967,-0.0088512378359075,0.0389084080647852,0.0004856303286481,-183.08826771255508,-0.0,-0.0,-140.0,-1037.0,-32.0,0.1601189771266156,-0.1028889905051501,-0.092322941872873,-0.0716915631065983,-0.0776219135174265,0.0521315194953705,0.0624024361488937,-120.88782412921046,-0.077049283776109,0.021234622941176506,0.021234622941176506,0.9831849667041853,True,train,0
atp:2026-01-12:70:A,atp,2026-01-12,2026-01-12,2026-01,A,Sebastian Baez,Emilio Nava,Hard,,,,0.5646618,0.5646618,0.4491315136476426,2.2265193370165752,1.0,,,0.1485252830301943,0.1480668832439709,0.040202448509614,0.0444601767006087,0.1307763900082316,55.4507544072776,0.0,0.0,175.0,468.0,43.0,-0.0013298748144508,0.0858042870478326,0.0858042870478326,-0.0113602819299813,-0.0088317853969369,-0.007462496740581,-0.0050524529641733,-13.625245408146156,0.1994590939824205,0.1155302863523574,0.1155302863523574,0.8004395306808575,True,train,1
atp:2026-01-12:71:A,atp,2026-01-12,2026-01-12,2026-01,A,Sebastian Baez,Jenson Brooksby,Hard,,,,0.33261293,0.33261293,0.3975903614457831,2.5151515151515156,1.0,,,-0.0474521694252959,-0.052530479727915,0.0592525816561601,0.0632979555846336,0.0229405439676161,-144.24991969389475,0.0,0.0,95.0,128.0,5.0,-0.0603034115931253,-0.0543045975021081,-0.0543045975021081,-0.0310261154257559,-0.0297678323021154,-0.0242469304096754,-0.0210323103895055,-149.165222153159,-0.0681777298075193,-0.06497743144578311,-0.06497743144578311,0.9223330463301178,True,train,1
atp:2026-01-12:73:A,atp,2026-01-12,2026-01-12,2026-01,A,Tallon Griekspoor,Ugo Humbert,Hard,,,,0.47285157,0.47285157,0.3842482100238664,2.602484472049689,0.0,,,-0.3484923109899754,-0.3410614634471212,-0.3463032531923959,-0.3534540341559091,0.1917501546299819,-80.51582979803061,-0.0,-0.0,-47.0,195.0,11.0,0.2711323763955343,-0.3551554631044674,-0.3551554631044674,-0.0510363815032538,-0.0482828403302004,-0.0232087803483969,-0.0198492911033141,-156.25589632730316,-0.0307586206896551,0.08860335997613361,0.08860335997613361,0.9564665549376746,True,train,0
atp:2026-01-12:68:B,atp,2026-01-12,2026-01-12,2026-01,B,Tristan Schoolkate,Rinky Hijikata,Hard,,,,0.53237015,0.53237015,0.4477611940298508,2.233333333333333,0.0,,,-0.0917916592221526,-0.122555074395714,-0.0745786524867537,-0.0580193865289819,0.0368342232893604,22.202045429477497,-0.0,-0.0,-68.0,95.0,13.0,0.030075363038737,-0.1707426741350135,-0.1274835100263653,-0.0114153078965362,0.0050940930093752,-0.0029326680839074,0.0062063025105572,-21.985907360586452,-0.0363636363636363,0.08460895597014917,0.08460895597014917,0.8034952377288105,True,train,0
atp:2026-01-12:37:B,atp,2026-01-12,2026-01-12,2026-01,B,Valentin Vacherot,Alejandro Davidovich Fokina,Hard,,,,0.37362890000000004,0.37362890000000004,0.38242280285035624,2.614906832298137,0.0,,,0.0961370830939503,0.1029786816727923,-0.100008937638412,-0.0772253051211104,0.0531611127883816,-61.59632406916444,-0.0,-0.0,-256.0,-1102.0,-17.0,0.0245296440748644,0.0848899058620732,0.0848899058620732,-0.0247239726767919,-0.0302591867660075,-0.0014336629683144,0.0026595894698505,-19.440771042450024,-0.0155023923444976,-0.008793902850356194,-0.008793902850356194,0.9612284686979186,True,train,0
atp:2026-01-19:79:A,atp,2026-01-19,2026-01-19,2026-01,A,Adrian Mannarino,Rinky Hijikata,Hard,,,,0.5805826,0.5805826,0.3942307692307692,2.5365853658536586,0.0,,,-0.0838407703259807,-0.1157453689326445,-0.0108739564687397,0.000374196088101,-0.019496187991766,81.54443477890982,-0.0,-0.0,164.0,271.0,44.0,-0.1568251821801517,-0.2844421624588429,-0.2844421624588429,-0.0170167340340238,-0.0097816854480757,0.0080007500125706,0.0123957713704806,2.131208679169049,0.0678040244969379,0.18635183076923073,0.18635183076923073,0.9308188324370649,True,train,0
atp:2026-01-19:124:B,atp,2026-01-19,2026-01-19,2026-01,B,Alex Michelsen,Karen Khachanov,Hard,,,,0.31205696000000005,0.31205696000000005,0.3890214797136038,2.570552147239264,0.0,,,0.0243094561088648,0.0264720766467939,0.1320385563459075,0.1297801089496866,0.276848719405026,-81.26634326945282,-0.0,-0.0,-185.0,-1020.0,-21.0,0.017305376078177,0.2160157416549085,0.2160157416549085,0.0074869847528598,0.0077661600438102,-0.0339299109071079,-0.0343190673521003,-54.236095002021784,-0.0962145110410094,-0.07696451971360374,-0.07696451971360374,0.9441207191153755,True,train,0
atp:2026-01-19:91:A,atp,2026-01-19,2026-01-19,2026-01,A,Botic Van De Zandschulp,Juncheng Shang,Hard,,,,0.59274244,0.59274244,0.4292803970223325,2.3294797687861273,1.0,,,-0.1122879668787777,-0.1200984985658291,-0.0715354567579515,-0.080341756697059,0.0688053545232463,-40.7019945774789,0.0,0.0,125.0,531.0,176.0,0.1643471659919028,-0.2352619986147179,-0.2352619986147179,0.0312082928432052,0.0330661322909803,-0.0341813304594776,-0.0346496674474638,-50.71378256828484,-0.0316553863508177,0.16346204297766748,0.16346204297766748,0.845644967448904,True,train,1
atp:2026-01-19:98:A,atp,2026-01-19,2026-01-19,2026-01,A,Cristian Garin,Luciano Darderi,Hard,,,,0.49705556,0.49705556,0.3824228028503563,2.6149068322981366,0.0,,,-0.2473097553176751,-0.1148073671447592,0.0954730819525688,-0.0539230990163608,-0.2141543064962794,-17.916427927099676,-0.0,-0.0,61.0,-853.0,-54.0,0.209806128830519,0.081316016655862,0.1698970075648757,0.0038292018153994,0.0180913899971064,0.0281984876899779,0.0024602328792956,87.99028293933429,0.0037865748709122,0.11463275714964372,0.11463275714964372,0.9612284686979184,True,train,0
atp:2026-01-19:110:B,atp,2026-01-19,2026-01-19,2026-01,B,Dane Sweeny,Gael Monfils,Hard,,,,0.26501906,0.26501906,0.37914691943127965,2.6374999999999997,1.0,,,-0.0816343490335759,-0.0774960718116727,-0.0325958487632108,-0.0310573401460675,0.1017211486253232,-147.91600061215718,0.0,0.0,-171.0,-505.0,-114.0,0.5,0.102021357464036,-0.0282932423340491,-0.0532334347542697,-0.0543390849088874,-0.0063550654463576,-0.0298402506604044,-219.69279057706171,-0.3097913322632424,-0.11412785943127968,-0.11412785943127968,0.9698314988021848,True,train,1
atp:2026-01-19:130:B,atp,2026-01-19,2026-01-19,2026-01,B,Daniel Altmaier,Marin Cilic,Hard,,,,0.47825956000000003,0.47825956000000003,0.3776722090261282,2.6477987421383653,0.0,,,0.0134682741467813,-0.0022505504739579,-0.0102371731518483,-0.0123123744817859,-0.0237129195288309,-71.66203086767496,-0.0,-0.0,4.0,358.0,27.0,0.1049730524252817,-0.1008712931954526,-0.1008712931954526,-0.0059823798454146,-0.0047398510738788,-0.0348325619528286,-0.0354099842484327,-66.42193783142511,-0.1903963414634146,0.10058735097387184,0.10058735097387184,0.97372863146215,True,train,0
atp:2026-01-19:104:A,atp,2026-01-19,2026-01-19,2026-01,A,Elias Ymer,Alexander Shevchenko,Hard,,,,0.5108794,0.5108794,0.3501144164759725,2.8562091503267975,0.0,,,0.1529214708460441,0.2173136238538512,0.1078527365192799,0.108013529880572,-0.3208052789854143,-78.62322629791083,-0.0,-0.0,-66.0,-315.0,-76.0,0.2397206374188471,-0.1303145997980851,-0.0146242887643974,0.0330001350056768,0.0481429288047939,-0.0004492936833292,0.0153062533561114,-6.910937196848636,-0.0679347826086956,0.16076498352402746,0.16076498352402746,1.0494952737031547,True,train,0
atp:2026-01-19:105:A,atp,2026-01-19,2026-01-19,2026-01,A,Eliot Spizzirri,Joao Fonseca,Hard,,,,0.3294677,0.3294677,0.3942307692307692,2.5365853658536586,1.0,,,-0.0312838624784156,-0.0390833306677687,-0.0467186891556309,-0.0304532688336824,-0.0964242488714662,-126.44356126974776,0.0,0.0,-38.0,-963.0,-65.0,0.0057780740252542,-0.0380325329583688,-0.0380325329583688,0.0243911876881611,0.023281260813023,0.0151462318809992,0.020791149387298,-107.94450869522755,-0.0925925925925925,-0.06476306923076924,-0.06476306923076924,0.9308188324370649,True,train,1
atp:2026-01-19:93:B,atp,2026-01-19,2026-01-19,2026-01,B,Emilio Nava,Cameron Norrie,Hard,,,,0.2431972,0.2431972,0.3378076062639822,2.9602649006622506,0.0,,,-0.0299217180441776,-0.029794133644159,0.0655822681558918,0.0621259266645746,-0.2888742413765816,-180.1178093132387,-0.0,-0.0,-291.0,-886.0,-61.0,-0.0741395696679806,-0.270482765106588,-0.270482765106588,-0.0189482740440795,-0.0228266794090876,-0.049261526603944,-0.0493234078681456,-141.13256826738393,-0.2981308411214953,-0.0946104062639822,-0.0946104062639822,1.0852787577986442,True,train,0
atp:2026-01-19:150:B,atp,2026-01-19,2026-01-19,2026-01,B,Ethan Quinn,Tallon Griekspoor,Hard,,,,0.2923548,0.2923548,0.4513715710723192,2.2154696132596685,1.0,,,0.1778993296496011,0.1579507219190366,0.1377547419135661,0.1229289912953671,0.1044048024716315,-114.56661103864008,0.0,-1.0,-166.0,-776.0,-44.0,-0.0029314101898931,-0.0738898283274834,-0.0738898283274834,0.0363657736473705,0.0321014484586563,-0.0338384650106335,-0.0368758767494413,-119.2766676671638,-0.1726006191950463,-0.15901677107231915,-0.15901677107231915,0.7954643960407435,True,train,1
atp:2026-01-19:109:A,atp,2026-01-19,2026-01-19,2026-01,A,Francesco Maestrelli,Terence Atmane,Hard,,,,0.44810557,0.44810557,0.3741176470588235,2.6729559748427674,1.0,,,-0.0643811955935841,-0.063155750261493,-0.1426090948730668,-0.1390458660842543,0.2174870795682434,-10.118247121283504,0.0,0.0,-28.0,-416.0,-76.0,0.1499194139194139,-0.3391672021866916,-0.3391672021866916,0.0101411444860521,0.0113040883030349,0.0214089931815886,0.0194971081797837,-14.19934108116604,-0.3448275862068966,0.07398792294117651,0.07398792294117651,0.9831849667041853,True,train,1
atp:2026-01-19:111:A,atp,2026-01-19,2026-01-19,2026-01,A,Grigor Dimitrov,Tomas Machac,Hard,,,,0.5350275,0.5350275,0.4378109452736319,2.2840909090909087,0.0,,,0.036602373845539,-0.1086108217749852,0.0704072014074942,0.0744542877685658,0.1637985907487984,84.09616034762757,-0.0,-0.0,144.0,-265.0,-12.0,-0.1126972201352366,-0.0326246122949311,-0.0430644350348106,0.0003739358773161,-0.0175929042576165,-0.0148473573057832,-0.0105854002984155,77.55362938143844,0.0699009568574786,0.09721655472636809,0.09721655472636809,0.8259680935808691,True,train,0
atp:2026-01-19:123:B,atp,2026-01-19,2026-01-19,2026-01,B,Jacob Fearnley,Kamil Majchrzak,Hard,,,,0.3401052,0.3401052,0.3363228699551569,2.9733333333333336,0.0,,,0.1561595664199444,0.1451145237971941,0.0366911981364757,0.0288506783867055,0.1992237639985313,-122.25012392487702,-0.0,-0.0,-33.0,-84.0,-9.0,0.0103896103896103,-0.324524798885632,-0.324524798885632,-0.02768280832176,-0.0292410847780758,-0.0580406211814223,-0.0623678391163802,-132.7319681811191,-0.0794520547945205,0.003782330044843074,0.003782330044843074,1.0896836579238085,True,train,0
atp:2026-01-19:114:A,atp,2026-01-19,2026-01-19,2026-01,A,Jaime Faria,Alexander Blockx,Hard,,,,0.42071426,0.42071426,0.3824228028503563,2.6149068322981366,1.0,,,0.0072146513018738,0.0061013688122483,-0.1687382170373349,-0.16247746655811,-0.2047563247162583,-59.25011298698405,0.0,0.0,1.0,-130.0,-34.0,-0.0407766990291262,-0.5337076908758172,-0.4074942375630961,-0.0237801422122025,-0.0222112486318584,-0.0768112207479663,-0.0768241239084106,-18.71843962964499,-0.0952380952380952,0.038291457149643715,0.038291457149643715,0.9612284686979184,True,train,1
atp:2026-01-19:121:A,atp,2026-01-19,2026-01-19,2026-01,A,Jordan Thompson,Nuno Borges,Hard,,,,0.53717303,0.53717303,0.3501144164759725,2.8562091503267975,0.0,,,-0.225222000704595,-0.1594186675041317,-0.0084109140477699,-0.0403630799951265,-0.053868279768416,16.013991393873766,-0.0,-0.0,66.0,-534.0,-61.0,-0.2541296060991105,-0.1139850239775696,-0.1648781582230381,0.0130334813876086,0.0061766758137365,-0.0163512385386993,-0.0177395162019075,35.50777936083,0.0456385719543613,0.18705861352402753,0.18705861352402753,1.0494952737031547,True,train,0
atp:2026-01-19:122:A,atp,2026-01-19,2026-01-19,2026-01,A,Kamil Majchrzak,Fabian Marozsan,Hard,,,,0.48427758,0.48427758,0.4043583535108958,2.4730538922155696,0.0,,,-0.0367389386311803,-0.0435398510327148,-0.0564851858794315,-0.0444913039309953,-0.2720656482285296,-43.863383759588714,-0.0,-0.0,-46.0,-139.0,-8.0,0.0609756097560975,-0.1777891481549154,-0.1777891481549154,-0.0002331920815105,-0.0017460839790872,-0.0110022512152955,-0.0084830404383564,-58.01012231451932,-0.0331529872222861,0.07991922648910421,0.07991922648910421,0.9054537805442779,True,train,0
atp:2026-01-19:106:B,atp,2026-01-19,2026-01-19,2026-01,B,Kyrian Jacquet,Emilio Nava,Hard,,,,0.47749065999999996,0.47749065999999996,0.38424821002386633,2.6024844720496896,0.0,,,0.0719284042305111,0.0718008198304925,0.0620370291422558,0.065493370633573,0.1339714830738748,37.22879440754082,-0.0,-0.0,-25.0,-235.0,-49.0,0.1649340562500933,0.1402694030798423,0.2219845975866433,0.0359387098819647,0.0398171152469729,-0.0171980591470457,-0.0171361778828441,50.39773434653921,0.1,0.09324244997613362,0.09324244997613362,0.9564665549376747,True,train,0
atp:2026-01-19:144:B,atp,2026-01-19,2026-01-19,2026-01,B,Luciano Darderi,Sebastian Baez,Hard,,,,0.42523219999999995,0.42523219999999995,0.40776699029126207,2.452380952380953,1.0,,,0.0420105036713746,0.0369162794704155,-0.11275896397714,-0.1185123714119268,0.0546347518151214,-36.454944118056574,0.0,-0.2631578947368421,-104.0,434.0,20.0,-0.0190417886611658,-0.4571892263934821,-0.4571892263934821,-0.0204576613829313,-0.0222475657330892,-0.0669729991975429,-0.0677584707596388,-132.60023835801303,-0.0024606971975393,0.017465209708737883,0.017465209708737883,0.8970593699462677,True,train,1
atp:2026-01-19:128:A,atp,2026-01-19,2026-01-19,2026-01,A,Marcos Giron,Learner Tien,Hard,,,,0.31715077,0.31715077,0.3723653395784543,2.6855345911949686,0.0,,,0.1139296402631052,0.1139296402631052,0.0455603499233425,0.0455603499233425,-0.5120876786827953,-94.14538628144214,-0.0,-0.0,195.0,-695.0,-37.0,-0.2152302500209964,-0.0540696619273272,-0.0540696619273272,-0.0052062738829877,-0.0052062738829877,-0.0299185497839243,-0.0299185497839243,-127.59007164241756,-0.0896960711638251,-0.055214569578454276,-0.055214569578454276,0.9878798110083931,True,train,0
atp:2026-01-19:131:A,atp,2026-01-19,2026-01-19,2026-01,A,Marin Cilic,Denis Shapovalov,Hard,,,,0.4264784,0.4264784,0.4146341463414634,2.4117647058823533,1.0,,,0.0743444943972459,0.0874203376048109,0.0251042902697909,0.0259596540244172,-0.1065262730598835,-18.108974362175104,0.0,0.0,-98.0,-900.0,-50.0,0.1121362509204135,-0.042874767763031,-0.042874767763031,-0.0411899132672387,-0.0424806053745506,0.0202443562180519,0.0206318063139016,-79.94859397630717,0.0097383720930233,0.011844253658536585,0.011844253658536585,0.8803587226480919,True,train,1
atp:2026-01-19:132:A,atp,2026-01-19,2026-01-19,2026-01,A,Martin Damm,Valentin Vacherot,Hard,,,,0.29600623,0.29600623,0.3348314606741573,2.9865771812080535,0.0,,,-0.3113664855830335,-0.3249920892853152,-0.0094369536611441,-0.0244032175635596,-0.2290753311834917,-121.10197560779808,-0.0,-0.0,-17.0,-1153.0,-143.0,-0.0024531353457726,-0.0694579153307807,-0.0694579153307807,-0.0086376437884251,-0.0045759770902988,0.0287619279123305,0.0259285239139087,-127.39602790615344,-0.0238095238095238,-0.03882523067415733,-0.03882523067415733,1.094127976220781,True,train,0
atp:2026-01-19:142:B,atp,2026-01-19,2026-01-19,2026-01,B,Nicolai Budkov Kjaer,Reilly Opelka,Hard,,,,0.26992494,0.26992494,0.3942307692307693,2.536585365853658,0.0,,,0.1327074371866186,0.1114427225201857,-0.1706766034878327,-0.1788355210202832,-0.1383832224042571,-83.06426402028615,-0.0,-0.0,-153.0,-565.0,-84.0,-0.0557099750842003,0.035189225048309,0.0215214057507393,0.0502807231539798,0.0455995754297629,-0.0894065161690483,-0.0911091651048926,-77.2795965466023,-0.1529503105590062,-0.12430582923076927,-0.12430582923076927,0.9308188324370646,True,train,0
atp:2026-01-19:138:A,atp,2026-01-19,2026-01-19,2026-01,A,Patrick Kypson,Francisco Comesana,Hard,,,,0.45447508,0.45447508,0.4043583535108958,2.4730538922155696,0.0,,,-0.1386555188601524,-0.0912465855321848,0.0213699630497352,0.1534397906738048,0.1040703210357479,-77.4226239721063,-0.0,-0.0,-45.0,-296.0,-51.0,0.291145113808841,-0.0791224509997948,0.0204561380106563,-0.0130349121719572,-0.0042489454291792,-0.015009152467472,0.0031441737142963,0.3453439598799832,-0.0925925925925926,0.0501167264891042,0.0501167264891042,0.9054537805442779,True,train,0
atp:2026-01-19:115:B,atp,2026-01-19,2026-01-19,2026-01,B,Rafael Jodar,Jakub Mensik,Hard,,,,0.25919443,0.25919443,0.3871733966745843,2.5828220858895707,0.0,,,0.1378557510192582,0.1412508327239642,-0.1377080361071441,-0.1362430350975792,-0.0909463214066211,-222.80202136298976,-0.0,-0.0,-93.0,-1801.0,-149.0,0.2936649149666901,-0.1845224912135956,-0.1845224912135956,0.0062170673493487,0.0070854051214619,0.011606139081555,0.0103883755788058,-218.81842567066977,0.0416666666666666,-0.1279789666745843,-0.1279789666745843,0.9488826328756191,True,train,0
atp:2026-01-19:155:B,atp,2026-01-19,2026-01-19,2026-01,B,Rinky Hijikata,Valentin Vacherot,Hard,,,,0.27150905000000003,0.27150905000000003,0.3532110091743119,2.8311688311688314,0.0,,,-0.1488606388181538,-0.1270864581590953,-0.0140146554898035,-0.04549609938821,-0.3274202389648626,-158.0800031387248,-0.0,-0.0,69.0,-937.0,-82.0,-0.1078705195688759,-0.0430825495714726,-0.0430825495714726,0.0400009037492405,0.0349780232937875,-0.0277411641257199,-0.0359534974037005,-121.25820389542288,-0.1349206349206349,-0.08170195917431189,-0.08170195917431189,1.0406896409354052,True,train,0
atp:2026-01-19:146:A,atp,2026-01-19,2026-01-19,2026-01,A,Stan Wawrinka,Arthur Gea,Hard,,,,0.55908376,0.55908376,0.3890214797136038,2.570552147239264,1.0,,,0.3060071615260366,0.2962860459279731,-0.2046198928897399,-0.1908271715077308,-0.1903892904043522,-22.58945531759332,0.0,0.0,138.0,168.0,87.0,0.1320647790928311,0.317084889290436,0.317084889290436,0.0654376737068117,0.056264116461116,0.0090902895458959,0.0161074572618075,2.0416385689964045,0.4532374100719424,0.17006228028639625,0.17006228028639625,0.9441207191153755,True,train,1
atp:2026-01-19:149:A,atp,2026-01-19,2026-01-19,2026-01,A,Stefanos Tsitsipas,Tomas Machac,Hard,,,,0.4537297,0.4537297,0.39568345323741,2.527272727272728,0.0,,,-0.133602826797511,-0.1396585895709011,-0.0092923916309276,-0.0085470749373824,-0.0173753642189604,-50.44471955006111,-0.0,-0.0,248.0,-65.0,-4.0,-0.1506765067650676,-0.2013945782567483,-0.2013945782567483,0.0020439690572823,0.0061793196244755,0.0009407501062708,0.0045096244148608,-86.06765237045511,0.1005868966343275,0.058046246762590015,0.058046246762590015,0.927140747898221,True,train,0
atp:2026-01-19:154:A,atp,2026-01-19,2026-01-19,2026-01,A,Ugo Humbert,Ben Shelton,Hard,,,,0.3498612,0.3498612,0.4009661835748792,2.493975903614458,0.0,,,0.0228826911707529,0.0273449193539991,0.0148481877680742,0.0155189757761169,-0.3447429962669225,-48.06385179803806,-0.0,-0.0,73.0,-2590.0,-28.0,-0.3616026955134437,0.4362930244246653,0.4362930244246653,0.0675104677248878,0.0669060232535637,0.0100336737859311,0.0093817054407028,9.427741950078826,-0.0294764059469941,-0.05110498357487919,-0.05110498357487919,0.9138781854687713,True,train,0
atp:2026-01-19:157:A,atp,2026-01-19,2026-01-19,2026-01,A,Yannick Hanfmann,Zachary Svajda,Hard,,,,0.70458406,0.70458406,0.3923444976076555,2.548780487804878,1.0,,,-0.0497821362371759,-0.0192952426134949,0.0512175644769247,0.0458312606889221,0.4008739733321629,154.36155332413182,0.0,0.0,122.0,192.0,39.0,0.2542552901767477,0.3302095748941947,0.2869504107855465,-0.0253565082189901,-0.0264365378722422,0.0738842732969177,0.0709897930833982,102.403103123768,0.172037422037422,0.31223956239234446,0.31223956239234446,0.9356150047005579,True,train,1
atp:2026-01-19:158:A,atp,2026-01-19,2026-01-19,2026-01,A,Yibing Wu,Eliot Spizzirri,Hard,,,,0.4506074,0.4506074,0.4236453201970444,2.3604651162790695,0.0,,,0.007859682491066,0.0109335468771991,0.1441030926161447,0.1486875803046369,0.1428588529929343,75.05073102532197,-0.0,-0.0,28.0,-350.0,-92.0,-0.0181543116490166,-0.0142077724877148,-0.0142077724877148,-0.023349856826537,-0.0240211724248483,-0.0592848387594757,-0.062376021785208,103.23309433221904,0.0227272727272727,0.02696207980295562,0.02696207980295562,0.8588586827882795,True,train,0
atp:2026-02-02:166:B,atp,2026-02-02,2026-02-02,2026-02,B,Luca Nardi,Flavio Cobolli,Hard,,,,0.25571279999999996,0.25571279999999996,0.4491315136476426,2.2265193370165752,1.0,,,-0.0824682947453519,-0.0790144580871242,0.0088928079362462,0.0182600538951698,-0.1066667131974927,-170.0934728130344,0.0,0.0,-81.0,-1401.0,-85.0,-0.1305175574672119,-0.0432591641086481,-0.0432591641086481,-0.0056472543463322,-0.0026477880766453,-0.0296445424961796,-0.0299240351218588,-83.702883133868,-0.2570850202429149,-0.19341871364764263,-0.19341871364764263,0.8004395306808575,True,train,1
atp:2026-02-02:170:A,atp,2026-02-02,2026-02-02,2026-02,A,Nikoloz Basilashvili,Luca Nardi,Hard,,,,0.4909381,0.4909381,0.4215686274509804,2.3720930232558137,0.0,,,-0.007052025389734,0.0009004032779936,-0.0099303739235216,-0.0283417053397108,-0.1826210115750893,10.50380497431638,-0.0,-0.0,80.0,-26.0,-2.0,0.1325123152709359,0.2694927581073902,0.2185996238619219,0.0283059254932974,0.0181090448529505,0.0304342941538748,0.0307347860961579,-31.18208704391168,0.1398601398601399,0.0693694725490196,0.0693694725490196,0.8637726975907085,True,train,0
atp:2026-02-02:171:A,atp,2026-02-02,2026-02-02,2026-02,A,Pablo Carreno Busta,Miomir Kecmanovic,Hard,,,,0.5516718,0.5516718,0.4392059553349876,2.2768361581920904,1.0,,,-0.0436634035108797,-0.0608596163619469,-0.000518843899742,-0.0286316303887417,-0.1094965838734109,58.349331037702086,0.0,0.0,-100.0,-347.0,-42.0,-0.0093149948837554,-0.0146242887643974,-0.0146242887643974,0.0150669800078427,0.0187121008305165,0.0052109162942922,0.0073595144023528,85.02658846675536,0.1087670317138868,0.11246584466501247,0.11246584466501247,0.8227868293728539,True,train,1
atp:2026-02-02:172:A,atp,2026-02-02,2026-02-02,2026-02,A,Pablo Carreno Busta,Tallon Griekspoor,Hard,,,,0.44660622,0.44660622,0.4180929095354523,2.391812865497076,0.0,,,0.0026532913200451,-0.0182820978321637,0.1146095126456431,0.0754893268301885,-0.2353331734362093,-13.88348694095498,-0.0,-0.0,-24.0,-897.0,-67.0,0.0118790104816933,0.1041342554022128,0.1041342554022128,0.0628215934449445,0.0659003929103297,0.0063576858268563,0.0065019415628905,44.22285514440114,0.0734402371648025,0.028513310464547692,0.028513310464547692,0.8720515995401419,True,train,0
atp:2026-02-02:160:B,atp,2026-02-02,2026-02-02,2026-02,B,Pedro Martinez,Adrian Mannarino,Hard,,,,0.36927469999999996,0.36927469999999996,0.4043583535108959,2.4730538922155687,0.0,,,0.1668097898085194,0.1304632250875684,-0.051714598194381,-0.0468563545395708,0.0285025305604196,-103.18944895145135,-0.0,-0.0,-67.0,-149.0,-23.0,-0.0,-0.0808801469550606,-0.0808801469550606,-0.0342759427000458,-0.0423712873577816,-0.0306452300641236,-0.0267563752356518,-102.40381862007644,-0.0400083437630371,-0.03508365351089593,-0.03508365351089593,0.9054537805442776,True,train,0
atp:2026-02-02:169:B,atp,2026-02-02,2026-02-02,2026-02,B,Roberto Bautista Agut,Martin Damm,Hard,,,,0.4795832,0.4795832,0.4180929095354524,2.3918128654970756,0.0,,,0.0837455890006162,0.0781972873852223,0.0463519227372839,0.0487597053619526,0.2277417134888769,49.11128456745428,-0.0,-0.0,247.0,340.0,84.0,-0.0,-0.1463241006187604,-0.1895832647274085,0.0507742478931984,0.0502923862165582,-0.0228788278075466,-0.0323265527287977,-49.98808249066269,0.1317460317460317,0.06149029046454757,0.06149029046454757,0.8720515995401418,True,train,0
atp:2026-02-02:174:A,atp,2026-02-02,2026-02-02,2026-02,A,Stan Wawrinka,Hamad Medjedovic,Hard,,,,0.3840382,0.3840382,0.3454545454545454,2.8947368421052637,1.0,,,-0.1414268050127131,-0.1454070193958705,-0.0479748551491774,-0.0372846014485985,-0.051731682539853,-115.4597212897304,0.0,0.0,74.0,-321.0,-76.0,0.0,0.1070663338976697,0.1070663338976697,0.0063303606224776,-0.0001048810843609,0.0033904443597486,0.0046678046933459,-90.76338023454376,-0.0569594034797016,0.03858365454545459,0.03858365454545459,1.0628942060660307,True,train,1
atp:2026-02-02:164:B,atp,2026-02-02,2026-02-02,2026-02,B,Ugo Blanchet,Andrea Vavassori,Hard,,,,0.5386323,0.5386323,0.40776699029126207,2.452380952380953,1.0,,,-0.0497327167589999,-0.1904749247024518,-0.0292871917993213,0.0470250038182341,-0.2974614460944842,-51.13556112089668,0.0,0.0,-11.0,280.0,191.0,-0.0138248847926267,-0.1039287176169121,-0.2030958770006403,-0.00462196246249,-0.0143865634331422,-0.0271725845148025,-0.0351695684692588,-36.98215850714723,-0.1363636363636364,0.1308653097087379,0.1308653097087379,0.8970593699462677,True,train,1
atp:2026-02-02:176:A,atp,2026-02-02,2026-02-02,2026-02,A,Valentin Royer,Arthur Fils,Hard,,,,0.32950115,0.32950115,0.4455445544554455,2.244444444444445,0.0,,,-0.0508603784580086,-0.0504491440908194,-0.0539874786174929,0.084915728632213,-0.2400153006634739,-254.01746818598008,-0.0,-0.0,-103.0,-336.0,-18.0,-0.0128068303094983,-0.5367203613494386,-0.4183939386654709,-0.0798896632954281,-0.0710626000600879,-0.0082972755173728,-0.0094564193160192,-165.71587058665887,-0.1959972394755003,-0.11604340445544548,-0.11604340445544548,0.8084580270709399,True,train,0
atp:2026-02-09:177:B,atp,2026-02-09,2026-02-09,2026-02,B,Adam Walton,Adrian Mannarino,Hard,,,,0.43329359999999995,0.43329359999999995,0.4201474201474201,2.3801169590643276,0.0,,,0.0510106709076417,0.0517730693922112,-0.0266282214010094,-0.0249539345329352,-0.0651070997806729,-121.86815784914324,-0.0,-0.0,-211.0,-85.0,-9.0,-0.0107962213225371,-0.3835575685192181,-0.3835575685192181,0.0138084841148746,0.0141771147331344,-0.0111563106598105,-0.0108718858645323,-101.41344882112662,-0.1350078492935636,0.01314617985257982,0.01314617985257982,0.8671496289399352,True,train,0
atp:2026-02-09:181:A,atp,2026-02-09,2026-02-09,2026-02,A,Alejandro Tabilo,Joao Fonseca,Clay,,,,0.41068485,0.41068485,0.389423076923077,2.5679012345679006,1.0,,,-0.1399641018603461,0.1368807791368698,0.0117103505533764,0.0893568525521234,-0.0609674837639654,-86.08845585339873,0.0,0.0,76.0,-918.0,-58.0,-0.0055401662049861,-0.2336323373720383,-0.1368215283318471,-0.007050707419276,-0.0021838156759601,0.0133473123269923,-0.0338403945597342,-41.584503134934494,-0.0932685634975711,0.021261773076923007,0.021261773076923007,0.943088925028879,True,train,1
atp:2026-02-09:229:B,atp,2026-02-09,2026-02-09,2026-02,B,Alex Barrena,Vit Kopriva,Clay,,,,0.2777547,0.2777547,0.34545454545454546,2.8947368421052633,0.0,,,0.1273417229478692,-0.0052116102095324,-0.130774011730651,-0.0359334011145994,-0.185138974366622,20.124239022454276,-0.0,-0.0,-38.0,-314.0,-88.0,-0.0471756643698474,0.1078478521342443,0.0701762315954518,0.1406835973703225,0.1071696277938749,-0.0941113101213084,-0.0857566944680726,10.095659384733151,-0.3684210526315789,-0.06769984545454544,-0.06769984545454544,1.0628942060660305,True,train,0
atp:2026-02-09:184:A,atp,2026-02-09,2026-02-09,2026-02,A,Arthur Rinderknech,Stefanos Tsitsipas,Hard,,,,0.49984187,0.49984187,0.3644859813084112,2.7435897435897436,0.0,,,0.1176476741275457,0.1171913827577794,0.0919864925869701,0.085664361660997,0.0728277892027968,-15.696993586420376,-0.0,-0.0,-164.0,147.0,7.0,0.0231207217768101,-0.1265116175638299,-0.1265116175638299,-0.0284471403999783,-0.0309049652945846,-0.0046331589554486,-0.0073908457014685,-49.230115101249794,-0.2095549649015197,0.13535588869158882,0.13535588869158882,1.0092671883322597,True,train,0
atp:2026-02-09:226:B,atp,2026-02-09,2026-02-09,2026-02,B,Brandon Nakashima,Taylor Fritz,Hard,,,,0.26207125,0.26207125,0.40975609756097564,2.4404761904761902,0.0,,,0.0745550151835194,0.0745550151835194,-0.0255839172545352,-0.0255839172545352,-0.0117180788272243,-149.94650939841426,-0.0,-0.0,-134.0,-2705.0,-29.0,-0.0228516261234045,-0.1054542728364889,-0.1054542728364889,0.0020008664279869,0.0020008664279869,-0.0058525222961859,-0.0058525222961859,-125.33628854367907,-0.1297984425103069,-0.14768484756097566,-0.14768484756097566,0.8921931802950944,True,train,0
atp:2026-02-09:189:A,atp,2026-02-09,2026-02-09,2026-02,A,Camilo Ugo Carabelli,Mariano Navone,Clay,,,,0.43460858,0.43460858,0.42997542997543,2.3257142857142856,1.0,,,0.188626136980856,-0.0506651092795866,-0.0667656389902275,0.0501896998341143,0.6130277291185242,-4.856014844702486,0.0,0.0,-27.0,268.0,26.0,-0.0145325871896275,-0.023838200031333,0.086899812007559,-0.0704658681323996,-0.0198273023884175,-0.0182750890580433,-0.018883780067686,-31.253270908832064,-0.0328159645232815,0.004633150024570043,0.004633150024570043,0.8440272115190809,True,train,1
atp:2026-02-09:195:A,atp,2026-02-09,2026-02-09,2026-02,A,Emilio Nava,Mariano Navone,Clay,,,,0.49912,0.49912,0.3424036281179138,2.9205298013245033,0.0,,,-0.0646888742480486,-0.1027914531901723,0.0860842149343703,0.0851489983475917,0.3054944778114442,9.439396309315498,-0.0,-0.0,-50.0,-83.0,-13.0,0.0215876376738916,0.293246689259103,-0.1674828269140008,-0.0405944838690453,-0.0450451610922166,0.0533431585734633,0.0178732034342972,-93.99473686558304,-0.1021341463414634,0.1567163718820862,0.1567163718820862,1.0717650386319217,True,train,0
atp:2026-02-09:212:B,atp,2026-02-09,2026-02-09,2026-02,B,Ethan Quinn,Marin Cilic,Hard,,,,0.36202540000000005,0.36202540000000005,0.37914691943127965,2.6374999999999997,0.0,,,-0.0609471288083139,-0.0758291069469014,-0.1853008618114041,-0.1951482909569463,0.1207346608062717,-119.43074184529382,-0.0,-0.0,-122.0,24.0,3.0,-0.0161892901618929,-0.214644250865448,-0.214644250865448,0.0083986730846464,0.0070375795327389,-0.01879800625349,-0.021888409568937,-127.53335802663878,-0.1924285500523717,-0.017121519431279597,-0.017121519431279597,0.9698314988021848,True,train,0
atp:2026-02-09:188:B,atp,2026-02-09,2026-02-09,2026-02,B,Francisco Comesana,Camilo Ugo Carabelli,Clay,,,,0.57489488,0.57489488,0.4513715710723192,2.2154696132596685,0.0,,,-0.170974464206888,-0.0175321058506577,0.0656263302943867,0.0728843883668294,-0.330890823229172,79.09192136938918,-0.0,-0.0,1.0,-199.0,-18.0,-0.0365337252110865,0.3273500049128101,-0.0732704964070855,0.0346175678552825,-0.0014943007985162,0.0679829141766892,0.0412875035408877,-14.99990577301719,0.0467532467532467,0.12352330892768082,0.12352330892768082,0.7954643960407435,True,train,0
atp:2026-02-09:183:B,atp,2026-02-09,2026-02-09,2026-02,B,Hubert Hurkacz,Alexander Bublik,Hard,,,,0.39139939999999995,0.39139939999999995,0.4540942928039703,2.2021857923497263,0.0,,,-0.1700711627681426,-0.1943099461482829,0.0528294908927551,0.0230172180387441,-0.0935966750259793,-93.8873758789291,0.8461538461538463,0.8666666666666667,9.0,-2080.0,-61.0,-0.0041788306096873,-0.2620072890204497,-0.2696412591572699,-0.0359336387793544,-0.03241604360492,0.0021778268785753,-0.0035657767454093,-40.28635995358604,0.0988037217545414,-0.06269489280397034,-0.06269489280397034,0.7894504091052619,True,train,0
atp:2026-02-09:203:B,atp,2026-02-09,2026-02-09,2026-02,B,Ignacio Buse,Francesco Passaro,Clay,,,,0.507465,0.507465,0.38424821002386633,2.6024844720496896,1.0,,,-0.1416209413054508,-0.1449191180757024,-0.1419114878671508,-0.1684362631967114,0.3709027533685887,77.87331319626242,0.0,0.0,-23.0,186.0,36.0,0.0905349794238683,0.1039925658755591,0.0593310555335471,-0.0194847724458837,-0.007540059894715,-0.0295686537715584,-0.0266194749507469,20.90381666245844,0.0952380952380952,0.12321678997613372,0.12321678997613372,0.9564665549376747,True,train,1
atp:2026-02-09:194:B,atp,2026-02-09,2026-02-09,2026-02,B,Jack Pinnington Jones,Eliot Spizzirri,Hard,,,,0.3315772,0.3315772,0.3548387096774194,2.818181818181818,1.0,,,-0.1552795556426763,-0.1547237519419844,0.0679385903893197,0.0717030194199022,-0.1052114914363621,-89.88500132052673,0.0,0.0,-16.0,-385.0,-114.0,0.0117474302496328,-0.258879955099046,-0.1476068744382103,-0.0302938311978748,-0.0311126148949037,-0.0673784901483156,-0.0690343330828112,-80.3325629082899,-0.1929824561403508,-0.023261509677419356,-0.023261509677419356,1.0360919316867756,True,train,1
atp:2026-02-09:200:B,atp,2026-02-09,2026-02-09,2026-02,B,Jack Pinnington Jones,Flavio Cobolli,Hard,,,,0.27689314,0.27689314,0.37411764705882355,2.672955974842767,1.0,,,-0.0347987179522175,-0.0347987179522175,0.0586585934776808,0.0586585934776808,-0.0753601635948113,-99.07234964939926,0.0,0.0,-131.0,-1713.0,-181.0,0.0123395853899308,0.1437120155065891,0.2549850961674248,0.014165983412526,0.014165983412526,-0.004798027060511,-0.004798027060511,-31.12301948689787,-0.1890547263681591,-0.09722450705882357,-0.09722450705882357,0.9831849667041852,True,train,1
atp:2026-02-09:209:B,atp,2026-02-09,2026-02-09,2026-02,B,Jaume Munar,Karen Khachanov,Hard,,,,0.39505314999999996,0.39505314999999996,0.4111922141119222,2.4319526627218933,1.0,,,-0.0427425845997477,-0.0427425845997477,-0.0541687387472618,-0.0541687387472618,0.0733136921128545,-25.670541724709892,0.0,0.0,-111.0,-935.0,-16.0,-0.0071633237822349,-0.0023421443645392,-0.0023421443645392,0.0053723444825037,0.0053723444825037,-0.0166409672706795,-0.0166409672706795,-41.168175031901,-0.166252990430622,-0.01613906411192223,-0.01613906411192223,0.888694499573161,True,train,1
atp:2026-02-09:218:B,atp,2026-02-09,2026-02-09,2026-02,B,Lautaro Midon,Pedro Martinez,Clay,,,,0.2313136,0.2313136,0.44999999999999996,2.2222222222222223,0.0,,,0.1013768123630431,-0.066309512490722,0.0034730059273987,-0.0033574651276543,0.0893385652127171,77.48916667636581,-0.0,-0.0,-189.0,-425.0,-141.0,0.1902439024390244,0.3892325901716276,0.2917373317423111,0.1885060901533431,0.1122414110674127,-0.0869545971061388,-0.0917268701749854,-5.572334383423367,-0.4126984126984127,-0.21868639999999995,-0.21868639999999995,0.7985076962177716,True,train,0
atp:2026-02-09:208:B,atp,2026-02-09,2026-02-09,2026-02,B,Nicolai Budkov Kjaer,Jaume Munar,Hard,,,,0.25564200000000004,0.25564200000000004,0.34851936218678814,2.869281045751634,0.0,,,0.0777020633367408,0.047293583779097,-0.0773597404358327,-0.0910276696709008,-0.2728019155017692,-174.97006065266032,-0.0,-0.0,-200.0,-937.0,-103.0,-0.0455792922515203,-0.1177479664271792,-0.1401356332182743,-0.0534019086551045,-0.0605263775408833,-0.0251976384427479,-0.0257352253747944,-117.7184603921146,-0.0972886762360447,-0.0928773621867881,-0.0928773621867881,1.054061491682736,True,train,0
atp:2026-02-09:217:A,atp,2026-02-09,2026-02-09,2026-02,A,Patrick Kypson,Aleksandar Kovacevic,Hard,,,,0.48841104,0.48841104,0.4278481012658227,2.3372781065088764,0.0,,,-0.0613600249785657,-0.0218796575113123,-0.0031074058165463,0.0943132673942533,0.0899727418447957,3.22781249135528,-0.0,-0.0,-81.0,-344.0,-58.0,0.0145903479236812,-0.1269254116989273,-0.0537269696074783,0.0270667270020663,0.0322462410812074,-0.0274092081443603,-0.0153000143177285,25.247908095392404,-0.0516483516483516,0.06056293873417734,0.06056293873417734,0.8489870499780486,True,train,0
atp:2026-02-09:220:A,atp,2026-02-09,2026-02-09,2026-02,A,Quentin Halys,Tallon Griekspoor,Hard,,,,0.33208302,0.33208302,0.3773584905660377,2.6500000000000004,0.0,,,0.0053170592533625,0.0108352699545305,0.0645435601009014,0.0720786441485677,-0.0874165668452828,-72.741413713557,-0.0,-0.0,-96.0,-896.0,-65.0,0.0162347117064647,0.1496849261830202,0.1496849261830202,0.0389736938661325,0.0406217917330775,-0.0128228468810474,-0.013560945140105,-61.21359696275772,-0.133698916307612,-0.0452754705660377,-0.0452754705660377,0.974559639998131,True,train,0
atp:2026-02-09:193:B,atp,2026-02-09,2026-02-09,2026-02,B,Rafael Jodar,Denis Shapovalov,Hard,,,,0.31783693999999996,0.31783693999999996,0.4513715710723192,2.2154696132596685,0.0,,,0.021035336121243,0.021035336121243,-0.152614353118656,-0.152614353118656,-0.0665043613672675,-100.54125195014852,-0.0,-0.0,-255.0,-1316.0,-145.0,0.0059665871121718,0.0352788384818734,0.0352788384818734,0.0058549780881103,0.0058549780881103,0.0054989113339495,0.0054989113339495,-123.4365248001818,0.0538461538461538,-0.13353463107231922,-0.13353463107231922,0.7954643960407435,True,train,0
atp:2026-02-09:216:B,atp,2026-02-09,2026-02-09,2026-02,B,Sho Shimabukuro,Miomir Kecmanovic,Hard,,,,0.3888258,0.3888258,0.3961352657004831,2.524390243902439,0.0,,,-0.1515948442261601,-0.1408702646738729,-0.184661549420087,-0.1816467484675484,0.2020993464826581,4.7306173553517965,-0.0,-0.0,-272.0,-601.0,-96.0,-0.0045051927787269,0.095430966373292,0.1102023130246944,0.0137847915864184,0.0149025900129787,-0.0162133609481635,-0.0093489168778162,1.0417754160412187,-0.175177304964539,-0.007309465700483075,-0.007309465700483075,0.925999546001116,True,train,0
atp:2026-02-09:179:B,atp,2026-02-09,2026-02-09,2026-02,B,Zachary Svajda,Alejandro Davidovich Fokina,Hard,,,,0.19645184000000004,0.19645184000000004,0.3393665158371041,2.9466666666666663,0.0,,,0.0722163825104351,0.0717128411382059,-0.1989981747802501,-0.1949062623090446,-0.3053827534703938,-272.13134862674065,-0.0,-0.0,-253.0,-2154.0,-129.0,0.01896813353566,-0.4674484281524164,-0.4674484281524164,-0.000174166790998,-0.0007205766688522,-0.0534850974362277,-0.0533372070833099,-238.2169226426297,-0.2501322751322751,-0.14291467583710404,-0.14291467583710404,1.0806745879814423,True,train,0
atp:2026-02-16:234:A,atp,2026-02-16,2026-02-16,2026-02,A,Aleksandar Kovacevic,Zachary Svajda,Hard,,,,0.56293416,0.56293416,0.3676814988290398,2.7197452229299364,0.0,,,-0.0849414717641294,-0.0837436701581633,0.0363562356180606,0.0332813341049306,0.0710136275242128,15.389140044517944,-0.0,-0.0,65.0,446.0,83.0,-0.0145903479236812,0.1790172160951313,0.1790172160951313,-0.0670026537105686,-0.0663797732292788,0.0481047868593169,0.0482603613686232,23.841425745620658,0.0691244239631336,0.19525266117096018,0.19525266117096018,1.0005382078803164,True,train,0
atp:2026-02-16:274:B,atp,2026-02-16,2026-02-16,2026-02,B,Alex Michelsen,Sebastian Korda,Hard,,,,0.4291642,0.4291642,0.4180929095354524,2.3918128654970756,0.0,,,0.0905452798006305,0.0905452798006305,-0.0021843580640055,-0.0021843580640055,0.2730619028863869,-61.94665891237673,-0.0,-0.0,-106.0,210.0,10.0,-0.0097710431898603,-0.0759310396821195,-0.0759310396821195,0.0086904651084207,0.0086904651084207,-0.0289596751565164,-0.0289596751565164,-61.34394846287887,-0.105363454741048,0.011071290464547578,0.011071290464547578,0.8720515995401418,True,train,0
atp:2026-02-16:257:B,atp,2026-02-16,2026-02-16,2026-02,B,Arthur Fils,Jiri Lehecka,Hard,,,,0.42205876,0.42205876,0.4043583535108959,2.4730538922155687,1.0,,,0.0735163268649186,0.0766158487347034,-0.1281719208509154,-0.2057146762846447,0.1483690573101828,30.453176736914884,0.0,0.0,-51.0,-1055.0,-21.0,0.0042992261392949,0.0838967734966381,0.0134564492814567,0.0059863507901608,0.0015310085394745,-0.0218179574499363,-0.0208142604356679,-17.017750650736616,0.0210794730131747,0.017700406489104092,0.017700406489104092,0.9054537805442776,True,train,1
atp:2026-02-16:270:B,atp,2026-02-16,2026-02-16,2026-02,B,Coleman Wong,Nuno Borges,Hard,,,,0.33150584000000005,0.33150584000000005,0.43069306930693074,2.3218390804597697,1.0,,,-0.0175001014085304,0.0030327015843415,0.0218976394258826,0.0301720967457038,-0.225157459534306,-113.01166628212444,0.0,0.0,-126.0,-714.0,-103.0,0.0072871636896838,-0.036268845481071,-0.036268845481071,0.0217386466653965,0.0233883226556962,-0.0362029319356707,-0.0360778112792429,-84.47806394173085,-0.0936479128856624,-0.09918722930693069,-0.09918722930693069,0.8423595787466208,True,train,1
atp:2026-02-16:242:A,atp,2026-02-16,2026-02-16,2026-02,A,Damir Dzumhur,Jaime Faria,Clay,,,,0.50950825,0.50950825,0.3975903614457831,2.5151515151515156,0.0,,,0.0557189060091103,0.1081319783609774,-0.0184348522976013,-0.0067868622959913,-0.0816435976814445,-22.50496145715306,-0.0,-0.0,59.0,432.0,85.0,-0.1066098081023454,-0.055911983587306,0.2436669270880534,0.01312656623611,0.0194915951432748,0.0073040441079507,0.0121698516679568,83.84398823184938,-0.0239938080495356,0.11191788855421692,0.11191788855421692,0.9223330463301178,True,train,0
atp:2026-02-16:243:A,atp,2026-02-16,2026-02-16,2026-02,A,Damir Dzumhur,Pedro Martinez,Clay,,,,0.49049866,0.49049866,0.4236453201970444,2.3604651162790695,1.0,,,-0.0007238914482177,-0.0702689663219813,-0.0076603423748653,0.0519187417082535,-0.0975165239050895,-11.334799877992964,0.0,0.0,-116.0,169.0,26.0,-0.1066098081023454,-0.0800861079171571,0.1956098487790309,0.0172728570669359,-0.0098445260163718,0.0084477050861652,0.0191862578684439,19.775069754957713,-0.087719298245614,0.0668533398029556,0.0668533398029556,0.8588586827882795,True,train,1
atp:2026-02-16:246:A,atp,2026-02-16,2026-02-16,2026-02,A,Dusan Lajovic,Daniel Altmaier,Clay,,,,0.5016801,0.5016801,0.4419753086419754,2.2625698324022343,1.0,,,-0.0811714999096929,-0.1381675579710473,-0.0684038764563876,-0.0374774933476169,0.0987694435214504,-48.30928574805466,0.0,0.0,30.0,-610.0,-75.0,0.0102195889402155,-0.0926985831163988,-0.3167142142116364,0.054196542954313,0.0185432919298819,0.0045622843382656,0.0027314175817256,12.540836811592044,0.0620236046225719,0.05970479135802459,0.05970479135802459,0.816501261265784,True,train,1
atp:2026-02-16:232:B,atp,2026-02-16,2026-02-16,2026-02,B,Emilio Nava,Alejandro Tabilo,Clay,,,,0.39339179999999996,0.39339179999999996,0.35944700460829493,2.782051282051282,0.0,,,-0.1984671290044773,-0.2371893104216165,0.0157467005226835,-0.0142674875085844,-0.0891969755599224,-125.11757644934367,-0.0,-0.0,-101.0,-40.0,-6.0,-0.0046788118972036,-0.1266882321010052,-0.3629945155909758,0.0004465544462234,-0.0176335570089294,-0.0356676789731937,0.0029254664865032,-69.67620266825634,-0.1895070104025327,0.03394479539170503,0.03394479539170503,1.0231885268508678,True,train,0
atp:2026-02-16:236:B,atp,2026-02-16,2026-02-16,2026-02,B,Fabian Marozsan,Andrey Rublev,Hard,,,,0.39481086,0.39481086,0.40096618357487923,2.4939759036144578,0.0,,,-0.0472605066694179,-0.0472605066694179,-0.1632165201927923,-0.1632165201927923,0.1011678305382269,4.958805775971086,-0.0,0.0769230769230768,-278.0,-1510.0,-38.0,-0.0203997918459598,0.0194209640773149,0.0194209640773149,0.0034244706547754,0.0034244706547754,-0.0024113394158916,-0.0024113394158916,14.936523527946292,-0.1611065573770491,-0.006155323574879246,-0.006155323574879246,0.9138781854687711,True,train,0
atp:2026-02-16:278:B,atp,2026-02-16,2026-02-16,2026-02,B,Fabian Marozsan,Ugo Humbert,Hard,,,,0.43037709999999996,0.43037709999999996,0.42364532019704426,2.36046511627907,1.0,,,-0.0538391409623484,-0.0538391409623484,-0.0947078841669997,-0.0947078841669997,0.1260413608386343,-38.94849275853471,0.0,0.0,-140.0,-370.0,-17.0,-0.0171253421186726,-0.0370853633093306,-0.0370853633093306,-0.0019703261416136,-0.0019703261416136,-0.0086344338671735,-0.0086344338671735,-68.17233703471106,-0.0370416718808659,0.006731779802955695,0.006731779802955695,0.8588586827882797,True,train,1
atp:2026-02-16:251:A,atp,2026-02-16,2026-02-16,2026-02,A,Francesco Passaro,Dino Prizmic,Clay,,,,0.46664664,0.46664664,0.3423423423423423,2.921052631578948,1.0,,,-0.0121174112851172,-0.1329049451677032,0.0745587924161235,-0.0308166350579233,0.1146771435635784,-57.13099018625621,0.0,0.0,13.0,-46.0,-11.0,-0.1016260162601626,-0.0827224686150394,-0.2375904374357791,-0.0016058517491202,-0.0590450373829695,0.0133953994963438,0.0288209667318825,-52.12624717792937,-0.0663082437275985,0.12430429765765771,0.12430429765765771,1.0719440415859485,True,train,1
atp:2026-02-16:280:B,atp,2026-02-16,2026-02-16,2026-02,B,Gustavo Heide,Vit Kopriva,Clay,,,,0.49616190000000004,0.49616190000000004,0.4201474201474201,2.3801169590643276,0.0,,,-0.0294154555869686,-0.1086216501849295,0.1397108583771135,0.1950769084522189,-0.4652512335492055,-38.39461563784312,-0.0,-0.0,-32.0,-394.0,-138.0,0.0156985871271585,-0.180072343933782,-0.1398706042465933,-0.0153509220451085,-0.0355007086777015,0.0248652633039448,0.0295423739145125,-58.46595539613918,-0.056910569105691,0.07601447985257992,0.07601447985257992,0.8671496289399352,True,train,0
atp:2026-02-16:256:A,atp,2026-02-16,2026-02-16,2026-02,A,Jenson Brooksby,Jiri Lehecka,Hard,,,,0.37547728,0.37547728,0.3596287703016241,2.7806451612903227,0.0,,,0.0113459964514541,0.0109506787187144,0.0148199042191792,0.011973616543453,-0.1717212563351287,-66.39646773213144,-0.0,-0.0,-68.0,-1298.0,-32.0,0.0042992261392949,-0.0327943532477103,-0.0327943532477103,0.0252062216786276,0.0245619308041618,-0.02155742121782,-0.0214176641455123,-99.14043676359232,0.0028357698137192,0.015848509698375923,0.015848509698375923,1.0226829731845013,True,train,0
atp:2026-02-16:262:A,atp,2026-02-16,2026-02-16,2026-02,A,Marcos Giron,Casper Ruud,Hard,,,,0.24383537,0.24383537,0.3393665158371041,2.9466666666666663,0.0,,,0.0700460989997101,0.0700460989997101,-0.1528512746384529,-0.1528512746384529,-0.3288623486577752,-184.57433750453424,0.1666666666666666,0.1666666666666666,-86.0,-1980.0,-53.0,-0.0081561499017966,-0.1757248560988908,-0.1757248560988908,-0.0087122115525049,-0.0087122115525049,-0.0445146317896152,-0.0445146317896152,-169.80654269581646,-0.2106417067206341,-0.09553114583710409,-0.09553114583710409,1.0806745879814423,True,train,0
atp:2026-02-16:264:A,atp,2026-02-16,2026-02-16,2026-02,A,Marin Cilic,Brandon Nakashima,Hard,,,,0.42006475,0.42006475,0.4146341463414634,2.4117647058823533,0.0,,,0.2111359780715673,0.2070366967275609,0.203135241463696,0.2027166697466774,-0.141007594021534,34.143996720529,-0.0,-0.0,-71.0,-615.0,-38.0,0.0349406009783368,0.2010488912990069,0.2010488912990069,0.028041809591917,0.0270449122524956,-0.0257616083676675,-0.0257655101135303,27.146599479118777,0.0334624867911236,0.0054306036585365924,0.0054306036585365924,0.8803587226480919,True,train,0
atp:2026-02-16:268:B,atp,2026-02-16,2026-02-16,2026-02,B,Mattia Bellucci,Miomir Kecmanovic,Hard,,,,0.47009856000000005,0.47009856000000005,0.33932584269662913,2.9470198675496695,0.0,,,-0.1063768309839464,-0.1250498544686715,0.0507579464436868,0.0515207550669042,-0.2102277848386163,-27.70812678801849,-0.0,-0.0,-242.0,-257.0,-25.0,-0.0006836590244261,-0.1760638976967748,-0.219323061805423,-0.0375958639272095,-0.0379721463271716,-0.0389729216931709,-0.041146102476445,-32.700463750031076,-0.1050999592003263,0.13077271730337092,0.13077271730337092,1.080794445351316,True,train,0
atp:2026-02-16:267:A,atp,2026-02-16,2026-02-16,2026-02,A,Miomir Kecmanovic,Learner Tien,Hard,,,,0.36287734,0.36287734,0.336322869955157,2.973333333333333,0.0,,,-0.0054105885783228,-0.0054105885783228,0.077746068821107,0.077746068821107,-0.3976375103799927,-201.4887850852756,-0.0,-0.0,208.0,-525.0,-23.0,-0.0032991354379932,-0.2081373223316862,-0.2081373223316862,-0.0322136816432736,-0.0322136816432736,0.0083417998713762,0.0083417998713762,-198.55045150345177,-0.094235588972431,0.026554470044843015,0.026554470044843015,1.0896836579238083,True,train,0
atp:2026-02-16:238:B,atp,2026-02-16,2026-02-16,2026-02,B,Stefanos Tsitsipas,Andrey Rublev,Hard,,,,0.41655960000000003,0.41655960000000003,0.416058394160584,2.4035087719298245,0.0,,,-0.107507847597098,-0.1077074086971471,-0.0634612241693265,-0.0578710234965604,0.0806405813617724,-9.207269664026851,-0.3333333333333333,0.0666666666666666,-33.0,-1130.0,-20.0,-0.0275901223551063,-0.0624599985884063,-0.0624599985884063,-0.0035563573230041,-0.0010133436706084,0.0017267531662461,0.0026711285701718,-8.198442156224473,0.0036989100817438,0.0005012058394160412,0.0005012058394160412,0.8769296579935747,True,train,0
atp:2026-02-16:271:B,atp,2026-02-16,2026-02-16,2026-02,B,Terence Atmane,Patrick Kypson,Hard,,,,0.5649352999999999,0.5649352999999999,0.43069306930693074,2.3218390804597697,1.0,,,-0.0316757870905388,-0.0693016104275478,-0.035019814745738,-0.1158529940472334,-0.3066667239022803,33.34113358248783,0.0,0.0,20.0,322.0,55.0,0.0,-0.0312394002386533,-0.0790700172689347,0.0286835480571402,0.026185915841749,-0.0261700608786753,-0.0355586497834001,3.733754429322744,0.0498533724340176,0.13424223069306918,0.13424223069306918,0.8423595787466208,True,train,1
atp:2026-02-16:250:B,atp,2026-02-16,2026-02-16,2026-02,B,Zachary Svajda,Frances Tiafoe,Hard,,,,0.2382799,0.2382799,0.3439635535307516,2.9072847682119214,0.0,,,-0.0637370909343241,-0.0649348925402903,-0.1005180549834382,-0.0974431534703081,-0.1112972156325716,-203.27572926431867,-0.0,-0.0,-269.0,-1069.0,-113.0,0.0066181336863004,-0.268857264484728,-0.268857264484728,0.0015548880998428,0.0009320076185529,-0.0077393442740845,-0.0078949187833907,-180.5203192452309,-0.2900432900432901,-0.1056836535307516,-0.1056836535307516,1.0672195762602472,True,train,0
atp:2026-02-16:281:A,atp,2026-02-16,2026-02-16,2026-02,A,Zizou Bergs,Jiri Lehecka,Hard,,,,0.32765725,0.32765725,0.3454545454545454,2.8947368421052637,0.0,,,-0.0441641182927698,-0.0441641182927698,0.1048556874281841,0.1048556874281841,0.0515816188677414,-120.79289427289972,-0.0,-0.0,-79.0,-1107.0,-24.0,-0.0039042193077928,-0.0316237965842704,-0.0316237965842704,0.0334145296316917,0.0334145296316917,-0.0369824711740596,-0.0369824711740596,-94.35777723567185,-0.1223594410139746,-0.017797295454545392,-0.017797295454545392,1.0628942060660307,True,train,0
atp:2026-02-23:282:A,atp,2026-02-23,2026-02-23,2026-02,A,Adam Walton,Aleksandar Kovacevic,Hard,,,,0.44140002,0.44140002,0.4215686274509804,2.3720930232558137,0.0,,,0.3036748217509755,0.3036748217509755,0.0273557824672483,0.0273557824672483,0.1549450272838637,35.676166085613886,-0.0,-0.0,-42.0,-145.0,-18.0,0.0037941266011441,-0.0973940206579771,-0.0973940206579771,0.0316683897265472,0.0316683897265472,-0.0352190722798018,-0.0352190722798018,8.362349901547532,-0.0241407528641571,0.01983139254901961,0.01983139254901961,0.8637726975907085,True,train,0
atp:2026-02-23:295:A,atp,2026-02-23,2026-02-23,2026-02,A,Arthur Rinderknech,Fabian Marozsan,Hard,,,,0.5193572,0.5193572,0.3942307692307692,2.5365853658536586,1.0,,,-0.1167616951098801,-0.1167616951098801,0.1770918458150792,0.1770918458150792,0.0523005400263423,-47.076143617594425,-0.2727272727272727,-0.2727272727272727,79.0,527.0,25.0,0.0159303912676637,-0.3636657735713847,-0.3636657735713847,-0.0559777799481376,-0.0559777799481376,-0.0135184212210204,-0.0135184212210204,-87.59150454643122,-0.048148736691562,0.12512643076923075,0.12512643076923075,0.9308188324370649,True,train,1
atp:2026-02-23:339:B,atp,2026-02-23,2026-02-23,2026-02,B,Camilo Ugo Carabelli,Yannick Hanfmann,Clay,,,,0.41231280000000003,0.41231280000000003,0.38095238095238093,2.625,0.0,,,0.0105913909970445,-0.042737781826724,-0.0262105370755109,0.0314158944055276,0.1039644001356608,-134.86010163935453,-0.0,-0.0,-93.0,405.0,55.0,-0.0110609372372877,-0.2914293557201826,0.0730766849130634,-0.0272478858988068,-0.0068169894437575,-0.0784310720060156,-0.0373506034207163,13.3293804655641,-0.0904326494201605,0.031360419047619104,0.031360419047619104,0.965080896043587,True,train,0
atp:2026-02-23:337:B,atp,2026-02-23,2026-02-23,2026-02,B,Coleman Wong,Valentin Vacherot,Hard,,,,0.28679089999999996,0.28679089999999996,0.3363228699551569,2.9733333333333336,0.0,,,-0.0890325861157001,-0.0834994510671262,-0.0446625015198229,-0.0466337539168824,-0.2839463965263801,-91.580418852408,-0.0,-0.0,-3.0,-1077.0,-119.0,-0.0,0.0802346089670367,0.0802346089670367,0.0322550629985474,0.0350910700105658,-0.0294724404528247,-0.0310897853152501,-93.40922582260282,-0.1109090909090909,-0.04953196995515696,-0.04953196995515696,1.0896836579238085,True,train,0
atp:2026-02-23:300:A,atp,2026-02-23,2026-02-23,2026-02,A,Dalibor Svrcina,Flavio Cobolli,Hard,,,,0.32894138,0.32894138,0.4043583535108958,2.4730538922155696,0.0,,,0.0367471786719493,0.0487555131080982,0.0774922979935646,0.1108900843359982,-0.1390561390555895,-97.00636535538251,-0.0,-0.0,-124.0,-1345.0,-73.0,0.0032761412811695,-0.0853171487358584,-0.0420579846272103,0.027492576420561,0.0354821971224068,-0.0135773708659104,-0.00946543111139,-46.241289189873896,-0.1645962732919254,-0.07541697351089577,-0.07541697351089577,0.9054537805442779,True,train,0
atp:2026-02-23:311:B,atp,2026-02-23,2026-02-23,2026-02,B,Damir Dzumhur,Gael Monfils,Hard,,,,0.29637766,0.29637766,0.39047619047619053,2.560975609756097,0.0,,,0.064859044398692,0.0621445657038794,-0.0397824792272022,-0.0600548079523282,0.0239426841861055,-146.68028184779655,-0.0,-0.0,-101.0,12.0,2.0,-0.0152761457109283,0.2784738994448258,0.1338863325370242,0.0023123309888615,0.0241687809754983,0.0098002504624622,-0.0136248218402817,-280.59749817492207,-0.2588454376163874,-0.09409853047619055,-0.09409853047619055,0.9403882834532155,True,train,0
atp:2026-02-23:304:A,atp,2026-02-23,2026-02-23,2026-02,A,Dusan Lajovic,Yannick Hanfmann,Clay,,,,0.4141185,0.4141185,0.4057971014492754,2.464285714285714,0.0,,,-0.1617136624909188,-0.0802102869847848,-0.0478556465296703,-0.031092311877565,-0.1741250429136784,-134.7227643182564,-0.0,-0.0,46.0,-110.0,-17.0,0.0011197663096397,-0.3691329749933844,-0.2218707439552628,0.007196698777887,0.0034513953507056,-0.0487845167763641,-0.0230893941493932,-37.36778246441804,-0.0560207336523125,0.008321398550724612,0.008321398550724612,0.9019019944220553,True,train,0
atp:2026-02-23:314:A,atp,2026-02-23,2026-02-23,2026-02,A,Hubert Hurkacz,Jakub Mensik,Hard,,,,0.4842371,0.4842371,0.4215686274509804,2.3720930232558137,0.0,,,-0.1513735204494237,-0.1750006669780019,0.1428582717567821,0.1175178398308728,-0.3150491872132741,-53.42005525294189,-0.0,-0.0,203.0,-1385.0,-53.0,0.0008685602461747,-0.4159653597760304,-0.4592245238846787,-0.0571203676441581,-0.05394919044589,0.022121587261919,0.016555374441516,-113.03019998332752,-0.0035217970683419,0.06266847254901958,0.06266847254901958,0.8637726975907085,True,train,0
atp:2026-02-23:315:A,atp,2026-02-23,2026-02-23,2026-02,A,James Duckworth,Dalibor Svrcina,Hard,,,,0.5255419,0.5255419,0.425061425061425,2.3526011560693645,0.0,,,-0.2025675477264222,-0.2087784491257709,0.0463717893729656,0.0117193562198898,-0.1676390450217839,-4.627560583341847,-0.0,-0.0,116.0,39.0,8.0,-0.0051209530543592,0.0428770117861721,-0.0003821523224759,-0.0299113413504004,-0.0391032977737642,0.0157162559786608,0.0113050680294809,-15.232767405679851,0.0505494505494505,0.10048047493857498,0.10048047493857498,0.8555215909448162,True,train,0
atp:2026-02-23:319:B,atp,2026-02-23,2026-02-23,2026-02,B,Jenson Brooksby,Karen Khachanov,Hard,,,,0.44305760000000005,0.44305760000000005,0.3890214797136038,2.570552147239264,1.0,,,-0.0474020434621767,-0.0474020434621767,-0.0586036643290686,-0.0586036643290686,-0.2390352056914594,-51.57058243395886,0.0,0.0,-211.0,-1303.0,-33.0,0.0,-0.3455250355608492,-0.3455250355608492,-0.0220980289874023,-0.0220980289874023,-0.0332570926561136,-0.0332570926561136,-72.63864310023723,-0.035519568151147,0.05403612028639626,0.05403612028639626,0.9441207191153755,True,train,1
atp:2026-02-23:324:A,atp,2026-02-23,2026-02-23,2026-02,A,Nicolas Jarry,Dino Prizmic,Clay,,,,0.6239629,0.6239629,0.3579676674364896,2.793548387096774,0.0,,,-0.0347880541154946,-0.2293347870467029,0.0040572794171677,-0.0126077725328933,0.1337631785003575,49.81488943907357,-0.0,-0.0,117.0,14.0,5.0,-0.0,0.0704403242151811,-0.2943361589688925,-0.017701391980162,-0.0606060812511077,0.0434200721357795,0.0331289849130432,-24.176447126257244,0.1095201238390093,0.2659952325635104,0.2659952325635104,1.0273126110832431,True,train,0
atp:2026-02-23:309:B,atp,2026-02-23,2026-02-23,2026-02,B,Nuno Borges,Frances Tiafoe,Hard,,,,0.45506690000000005,0.45506690000000005,0.3661971830985915,2.7307692307692313,0.0,,,-0.0172778234517391,-0.0172778234517391,-0.0163496432058024,-0.0163496432058024,0.0850764928037421,-52.382788744476784,-0.0,-0.0,-154.0,-380.0,-17.0,-0.015196875039703,-0.138736725228267,-0.138736725228267,-0.0312644838690769,-0.0312644838690769,0.013034533345487,0.013034533345487,-58.4552032235556,-0.1177625570776255,0.08886971690140855,0.08886971690140855,1.0045833390198335,True,train,0
atp:2026-02-23:335:B,atp,2026-02-23,2026-02-23,2026-02,B,Otto Virtanen,Tallon Griekspoor,Hard,,,,0.28948169999999995,0.28948169999999995,0.4180929095354524,2.3918128654970756,0.0,,,0.1346595064886345,0.1998480738250354,-0.0384590602374195,0.0050792554943673,0.0225283827989252,-71.38670505577352,-0.0,-0.0,-191.0,-1077.0,-100.0,0.0309405940594059,0.0532661092778027,-0.1653335145841191,0.0302461770307164,0.0212763310269807,-0.0695238265624736,-0.0616316735515081,-88.17561893102061,-0.1458646616541353,-0.12861120953545246,-0.12861120953545246,0.8720515995401418,True,train,0
atp:2026-02-23:327:A,atp,2026-02-23,2026-02-23,2026-02,A,Patrick Kypson,Brandon Nakashima,Hard,,,,0.28040144,0.28040144,0.3454545454545454,2.8947368421052637,0.0,,,0.1785202773120064,0.2100383564997499,-0.0096654273569495,0.0538882823530597,-0.100985682328918,-202.34615115918223,-0.0,-0.0,-228.0,-847.0,-83.0,0.0349406009783368,-0.3208986802361544,-0.2896592799975011,-0.0093694530478476,-0.0067595139326267,-0.0372225095076707,-0.0280973920461432,-148.45775545003949,-0.2791666666666667,-0.0650531054545454,-0.0650531054545454,1.0628942060660307,True,train,0
atp:2026-02-23:328:A,atp,2026-02-23,2026-02-23,2026-02,A,Pedro Martinez,Francisco Comesana,Clay,,,,0.40685096,0.40685096,0.3708920187793427,2.6962025316455698,0.0,,,0.0385853142126626,0.171390097703069,-0.0553235408452577,-0.1473301062637899,0.0104744053060815,-78.2231567282397,-0.0,-0.0,135.0,-161.0,-25.0,0.0189125295508274,-0.0022409065931998,-0.0139775118889169,0.002127547489207,0.0271042911947904,-0.0457312553652766,-0.0509725190574915,1.3889204148224508,0.0007146685724495,0.03595894122065729,0.03595894122065729,0.9918443132424036,True,train,0
atp:2026-02-23:297:B,atp,2026-02-23,2026-02-23,2026-02,B,Rafael Jodar,Cameron Norrie,Hard,,,,0.2643033,0.2643033,0.3961352657004831,2.524390243902439,1.0,,,-0.002128858069551,-0.002128858069551,-0.129224932368999,-0.129224932368999,-0.1120852259955904,-128.85380917189423,0.0,0.0,-318.0,-1214.0,-141.0,0.0063532401524777,-0.1162155338607296,-0.1162155338607296,0.0029190558748278,0.0029190558748278,-0.054186229925764,-0.054186229925764,-88.96777248067542,-0.0981595092024539,-0.13183196570048306,-0.13183196570048306,0.925999546001116,True,train,1
atp:2026-02-23:293:B,atp,2026-02-23,2026-02-23,2026-02,B,Ugo Humbert,Andrey Rublev,Hard,,,,0.46170163,0.46170163,0.37411764705882355,2.672955974842767,0.0,,,-0.09140669047628,-0.09140669047628,-0.0461032907254298,-0.0461032907254298,-0.0248735303004073,-13.132456018260882,-0.3999999999999999,-0.1666666666666666,-141.0,-1140.0,-21.0,-0.0032744497272871,-0.1957514308297865,-0.1957514308297865,-0.0388725329777254,-0.0388725329777254,-0.0012770861716554,-0.0012770861716554,26.73433967658275,-0.1268870233030907,0.08758398294117642,0.08758398294117642,0.9831849667041852,True,train,0
challenger:2026-02-23:8:B,challenger,2026-02-23,2026-02-23,2026-02,B,Alvaro Guillen Meza,Facundo Diaz Acosta,Clay,Tigre 2 CH,2026-9695,SF,0.484332,0.562962962962963,0.3373493975903614,2.75,0.0,bet365_via_sofascore,latest_pre_match_assumed,0.0959643037748154,0.1203644155183202,-0.0751273264933728,-0.0408414811784604,0.1313593928642925,27.264812449219335,-1.0,-1.0,-34.0,30.0,16.0,-0.0097087378640776,0.0290457569239936,0.079938891169462,0.0125994268625003,0.0144373254819296,-0.0159316992332949,-0.0182396967937411,8.994110396310134,-0.094335595680198,0.14698260240963856,0.22561356537260158,1.0116009116784799,True,train,0
challenger:2026-02-23:6:B,challenger,2026-02-23,2026-02-23,2026-02,B,Joel Schwaerzler,Matej Dodig,Hard,Lugano CH,2026-9516,SF,0.41348695999999996,0.38020833333333337,0.4240837696335078,2.2,1.0,bet365_via_sofascore,latest_pre_match_assumed,0.1654236976567912,0.141805678546332,-0.0532322504253945,-0.0839324586614594,0.2952396709656728,5.473738780393205,0.0,0.0,-22.0,-31.0,-24.0,0.0,-0.0635003942323816,-0.0635003942323816,-0.0056766534907359,-0.0101894326832638,-0.0396331014574847,-0.0374318254243326,-55.60628405759303,0.0271577789994502,-0.010596809633507842,-0.04387543630017443,0.7884573603642703,True,train,1
challenger:2026-02-23:9:A,challenger,2026-02-23,2026-02-23,2026-02,A,Miguel Damas,Diego Dedura Palomero,Clay,Tigre 2 CH,2026-9695,SF,0.47357744,0.437037037037037,0.4109947643979057,2.25,1.0,bet365_via_sofascore,latest_pre_match_assumed,-0.0778393506036612,-0.0375227240629716,-0.1532365405065158,-0.0924911018601469,-0.2295270904095276,-41.407885539385234,0.0,0.0,73.0,32.0,64.0,-0.0030202925908447,-0.0326931154763708,-0.0101897388565379,-0.0256532217086558,-0.0093463653787104,-0.019240038790712,-0.0149834712355986,-18.948000610179633,-0.0091998288403936,0.0625826756020943,0.02604227263913128,0.8109302162163288,True,train,1
challenger:2026-02-23:4:B,challenger,2026-02-23,2026-02-23,2026-02,B,Mika Brunold,Zsombor Piros,Hard,Lugano CH,2026-9516,SF,0.29098460000000004,0.24264705882352944,0.3913043478260869,2.38,0.0,bet365_via_sofascore,latest_pre_match_assumed,-0.0226602635336448,-0.0440372727355814,-0.0058571295296598,0.0135030962518771,-0.300150579194489,-220.1302769463514,-0.0,-0.0,-128.0,-210.0,-182.0,-0.1479289940828402,-0.2394601859060535,-0.1962010217974053,-0.0222764378352087,-0.0313199030824483,-0.0006782976160909,0.0263720570733911,-84.81078717719265,-0.1253193960511033,-0.10031974782608688,-0.14865728900255748,0.8671004876833833,True,train,0
challenger:2026-02-23:0:A,challenger,2026-02-23,2026-02-23,2026-02,A,Pierre Hugues Herbert,Sebastian Ofner,Hard,St. Brieuc CH,2026-1796,F,0.48817387,0.437037037037037,0.4240837696335078,2.2,0.0,bet365_via_sofascore,latest_pre_match_assumed,-0.0720519696623629,-0.0435329547946057,0.2144659049056687,0.2148967993585814,-0.0749591054584163,-91.13365847760792,-0.0,-0.0,-7.0,-64.0,-23.0,-0.0,0.0136080756975739,0.2256443284000377,-0.0167817299753716,-0.0028921190596744,0.0138107926879609,0.0076927952141262,84.50221784708901,-0.0425750719868366,0.06409010036649221,0.0129532674035292,0.7884573603642703,True,train,0
challenger:2026-02-23:1:A,challenger,2026-02-23,2026-02-23,2026-02,A,Pierre Hugues Herbert,Hugo Gaston,Hard,St. Brieuc CH,2026-1796,SF,0.37427548,0.3076923076923077,0.3538083538083538,2.63,1.0,bet365_via_sofascore,latest_pre_match_assumed,0.0064025584306816,-0.0109839758416281,0.2413652155084308,0.2696692858753723,-0.403930558848764,-172.0749099013956,0.0,0.0,-34.0,-254.0,-59.0,0.0,-0.4776594782285569,-0.2964517441850033,-0.022444581137233,-0.0144639092844867,-0.0172857757001438,-0.0039372753252483,-103.34606942614118,-0.076470588235294,0.0204671261916462,-0.04611604611604608,0.9669838461896731,True,train,1
challenger:2026-03-02:110:B,challenger,2026-03-02,2026-03-02,2026-03,B,Adria Soriano Barrera,Henry Bernet,Hard,Hersonissos 1 CH,2026-2983,Q1,0.53426924,0.562962962962963,0.4112149532710281,2.25,1.0,bet365_via_sofascore,latest_pre_match_assumed,0.1008972560235002,0.0901159730672322,0.0264197923705254,0.0067066721183699,0.289780175690413,-50.01145049712227,0.0,0.0,65.0,52.0,149.0,0.0,-0.0672720712574866,0.0540613872031628,0.0038065807417246,0.0092948912166874,-0.0037263462821603,0.0163626407341616,-1.6875866163320552,0.0399999999999999,0.1230542867289719,0.15174800969193492,0.8109302162163288,True,train,1
challenger:2026-03-02:76:A,challenger,2026-03-02,2026-03-02,2026-03,A,Alex Molcan,Nicolai Budkov Kjaer,Hard,Thionville CH,2026-2973,R32,0.42332047,0.3636363636363636,0.4240837696335078,2.2,0.0,bet365_via_sofascore,latest_pre_match_assumed,-0.0385058856970112,-0.0654038066908379,-0.0417347433320788,-0.0424823423754439,-0.3829649861509566,-23.52868620722802,-0.0,-0.0,78.0,-162.0,-68.0,0.0044345898004434,-0.0791254987074399,-0.0791254987074399,-0.0080623214032464,-0.0159721642493875,0.0242855545832443,0.019341029814871,-82.48408225174717,-0.0337723741979061,-0.0007632996335077968,-0.06044740599714421,0.7884573603642703,True,train,0
challenger:2026-03-02:89:A,challenger,2026-03-02,2026-03-02,2026-03,A,August Holmgren,Keegan Smith,Hard,Thionville CH,2026-2973,R32,0.5894476,0.6197916666666666,0.4109947643979057,2.25,0.0,bet365_via_sofascore,latest_pre_match_assumed,0.0348105327421526,0.0516561674868034,-0.1630187355710959,-0.1729077069702644,-0.2005422484003155,-11.014783835051048,-0.0,-0.0,-14.0,203.0,240.0,-0.1,-0.2340167337176553,-0.2340167337176553,-0.0139302835275619,-0.0114404223743388,-0.0297652814582829,-0.0303672880322122,3.750017843823798,0.0184843915787122,0.17845283560209424,0.2087969022687609,0.8109302162163288,True,train,0
challenger:2026-03-02:154:A,challenger,2026-03-02,2026-03-02,2026-03,A,Carlos Sanchez Jover,Henrique Rocha,Clay,Brasilia CH,2026-3065,R16,0.3589975,0.2483660130718954,0.3538083538083538,2.63,0.0,bet365_via_sofascore,latest_pre_match_assumed,0.25267009942639,0.2195072632557645,-0.0036140860518437,0.0423389260093856,0.1140830986507048,-64.7078905898195,-0.0,-0.0,22.0,-233.0,-162.0,-0.0061349693251533,0.1431404503049031,0.0703140983227833,0.0339440143399883,0.0166443111035042,-0.0373125458055677,-0.0060116432266097,-41.733563375817994,0.025365956772182,0.005189146191646232,-0.10544234073645839,0.9669838461896731,True,train,0
challenger:2026-03-02:53:B,challenger,2026-03-02,2026-03-02,2026-03,B,Cesar Bouchelaghem ,Eliakim Coulibaly,Clay,Kigali 1 CH,2026-2913,R32,0.2622289,0.24264705882352944,0.375,2.5,0.0,bet365_via_sofascore,latest_pre_match_assumed,-0.0731395802509887,0.0424804919105969,-0.1242598957297925,0.0034098154704734,-0.2062595905862272,-71.5450230574404,-0.0,-0.0,-71.0,-126.0,-437.0,-0.0,0.1165940578968989,0.0676524810967018,0.1156500465396956,0.1342370188165135,-0.1038890995728247,-0.090648323571771,-18.27780242658855,-0.5070422535211268,-0.11277110000000001,-0.13235294117647056,0.9162907318741551,True,train,0
challenger:2026-03-02:83:A,challenger,2026-03-02,2026-03-02,2026-03,A,Charles Broom,Murphy Cassone,Hard,Thionville CH,2026-2973,R32,0.39988384,0.3263157894736842,0.4109947643979057,2.25,0.0,bet365_via_sofascore,latest_pre_match_assumed,-0.1381913394812942,-0.1381913394812942,-0.1441131068832027,-0.1441131068832027,0.0077650796771819,-48.02195068846345,-0.0,-0.0,9.0,-107.0,-102.0,0.0218181818181818,0.0916823700495753,0.0916823700495753,-0.0157180768097078,-0.0157180768097078,0.0115849934378948,0.0115849934378948,-45.16857736937618,-0.1574668378262729,-0.01111092439790573,-0.0846789749242215,0.8109302162163288,True,train,0
challenger:2026-03-02:109:A,challenger,2026-03-02,2026-03-02,2026-03,A,Constantin Bittoun Kouzmine,Svyatoslav Gulin,Hard,Hersonissos 1 CH,2026-2983,Q1,0.3412752,0.2483660130718954,0.3373493975903614,2.75,0.0,bet365_via_sofascore,latest_pre_match_assumed,0.0002859878299398,-0.0125224231160691,0.0182750788577609,-0.040125644574412,0.1267226730605132,-119.35232494529988,-0.0,-0.0,12.0,-35.0,-139.0,0.1456323337679269,-0.0738898283274834,-0.0954872651479673,0.0080170231149668,0.0141843273559372,0.0211553525135616,0.0232620430240803,-88.85239560517357,-0.1672918229557389,0.003925802409638579,-0.08898338451846602,1.0116009116784799,True,train,0
challenger:2026-03-02:144:A,challenger,2026-03-02,2026-03-02,2026-03,A,Daniel Elahi Galan,Gustavo Heide,Clay,Brasilia CH,2026-3065,R32,0.4446505,0.437037037037037,0.391304347826087,2.38,0.0,bet365_via_sofascore,latest_pre_match_assumed,0.0106140173604483,0.0064774960811339,-0.0912846143729909,0.0008733095513453,0.0505197182117897,-65.86897279377922,-0.0,-0.0,47.0,173.0,89.0,-0.0,-0.3869467566183759,-0.5509068939342538,-0.076866925322041,-0.0966813056468824,-0.0133804997730356,-0.0036674489467387,-69.83609641971816,0.0424651162790697,0.05334615217391303,0.04573268921095003,0.8671004876833833,True,train,0
challenger:2026-03-02:132:A,challenger,2026-03-02,2026-03-02,2026-03,A,Daniel Rincon,Toby Samuel,Hard,Hersonissos 1 CH,2026-2983,R16,0.38452002,0.3263157894736842,0.3373493975903614,2.75,0.0,bet365_via_sofascore,latest_pre_match_assumed,-0.0247396384473086,-0.0316626780750058,-0.2227372863671595,-0.1977270572971665,0.2044745918865747,-79.93282101666023,-0.0,-0.0,126.0,30.0,23.0,-0.0,-0.2552491887871541,-0.0120766066145576,-0.0310953071749386,-0.0297231058123206,-0.0725138804938969,-0.0379950596490274,-48.08523717805042,-0.0957754231457271,0.047170622409638596,-0.011033608116677196,1.0116009116784799,True,train,0
challenger:2026-03-02:146:B,challenger,2026-03-02,2026-03-02,2026-03,B,Eduardo Ribeiro,Nicolas Moreno De Alboran,Clay,Brasilia CH,2026-3065,Q2,0.48481417000000004,0.562962962962963,0.3373493975903614,2.75,1.0,bet365_via_sofascore,latest_pre_match_assumed,0.0286826141980701,0.1412998132295161,-0.0189676920463749,-0.0482447436006857,-0.1329314915232307,-231.71274273576887,0.0,0.0,-81.0,50.0,231.0,0.0,-0.1203434514614519,0.0382415536542671,0.0102246144738645,0.0231802174796715,-0.0335564248150743,-0.0339160436271323,-123.46940988518897,-0.1859649122807017,0.14746477240963862,0.22561356537260158,1.0116009116784799,True,train,1
challenger:2026-03-02:160:A,challenger,2026-03-02,2026-03-02,2026-03,A,Facundo Diaz Acosta,Adolfo Daniel Vallejo,Clay,Brasilia CH,2026-3065,QF,0.3835861,0.3076923076923077,0.4240837696335078,2.2,0.0,bet365_via_sofascore,latest_pre_match_assumed,0.1776807659850048,0.1626035166604122,0.1974347139469942,0.1824950517543452,-0.2763409467590272,-119.63009522729772,-0.0,-0.0,36.0,-153.0,-68.0,0.0069444444444444,-0.1860044093564712,-0.1860044093564712,-0.0230198948685994,-0.0232969068081844,-0.005588580926084,-0.0052046639786764,-112.79043777036372,0.0878246753246754,-0.040497669633507816,-0.11639146194120009,0.7884573603642703,True,train,0
challenger:2026-03-02:44:A,challenger,2026-03-02,2026-03-02,2026-03,A,Filip Cristian Jianu,Arthur Gea,Clay,Kigali 1 CH,2026-2913,R16,0.42330855,0.3636363636363636,0.3373493975903614,2.75,0.0,bet365_via_sofascore,latest_pre_match_assumed,-0.0301921586837843,0.0319381094400365,0.0068334659735141,0.1632522699196616,0.2552349175420274,-92.98656401309904,-0.0,-0.0,120.0,-39.0,-36.0,0.0810496794871794,-0.3669880165367068,0.1607959574231343,-0.0245680730788963,-0.0278456304926486,-0.0124024366216289,0.0276480478446223,13.110968221238863,-0.0054545454545454,0.08595915240963858,0.02628696604600217,1.0116009116784799,True,train,0
challenger:2026-03-02:41:B,challenger,2026-03-02,2026-03-02,2026-03,B,Gabriele Pennaforti,Florent Bax,Clay,Kigali 1 CH,2026-2913,R32,0.35298320000000005,0.3267326732673267,0.4240837696335078,2.2,0.0,bet365_via_sofascore,latest_pre_match_assumed,0.0824086371115728,-0.0084740284395862,-0.1470446004738325,-0.1429467427872295,-0.1493907261124653,-78.20190722386656,-0.0,-0.0,-15.0,-113.0,-264.0,0.0025489115458804,-0.1022446704636938,0.0662808463117215,0.0355895220147035,0.0109077169979137,0.0001902165093561,0.0071415012111258,-47.47908675520034,-0.1371428571428571,-0.07110056963350775,-0.09735109636618111,0.7884573603642703,True,train,0
challenger:2026-03-02:130:B,challenger,2026-03-02,2026-03-02,2026-03,B,Gabriele Piraino,Ioannis Xilas,Hard,Hersonissos 1 CH,2026-2983,R32,0.5035168999999999,0.562962962962963,0.3913043478260869,2.38,0.0,bet365_via_sofascore,latest_pre_match_assumed,-0.0076260289597265,0.0141574581022518,0.0749965109009966,0.0731948996578513,-0.0392863030619379,-17.780438424513022,-0.0,-0.0,52.0,24.0,56.0,-0.0,-0.0,-0.0191171414290978,-0.0111242093579287,-0.0172086291878201,-0.006862136076722,0.003707252625628,-6.645633788374653,-0.1601186063750926,0.11221255217391302,0.17165861513687608,0.8671004876833833,True,train,0
challenger:2026-03-02:69:B,challenger,2026-03-02,2026-03-02,2026-03,B,George Loffhagen,Sebastian Ofner,Hard,Thionville CH,2026-2973,R32,0.34664226,0.3267326732673267,0.3373493975903614,2.75,0.0,bet365_via_sofascore,latest_pre_match_assumed,-0.0818862318081298,-0.0632059287314124,0.0557589704576921,0.0415046402662929,0.0388835700743078,-177.75451722615958,-0.0,-0.0,-113.0,-185.0,-79.0,-0.0071174377224199,-0.26520174804577,-0.26520174804577,0.0012254139950483,0.0034475419090705,-0.0210829188592119,-0.0297435618051886,-81.08048889193628,-0.0434362934362935,0.009292862409638558,-0.010616724323034732,1.0116009116784799,True,train,0
challenger:2026-03-02:59:B,challenger,2026-03-02,2026-03-02,2026-03,B,Gilles Arnaud Bailly,Pierre Hugues Herbert,Hard,Thionville CH,2026-2973,R32,0.3316325,0.3267326732673267,0.3913043478260869,2.38,0.0,bet365_via_sofascore,latest_pre_match_assumed,0.0615714700294525,0.0592345036792207,-0.1963297249852933,-0.2329887302752498,-0.1227251105246623,-168.4991437025426,-0.0,-0.0,-110.0,-116.0,-53.0,-0.0069930069930069,-0.2856779137442846,-0.379830212098401,0.0035326426970021,-0.0105231642624945,-0.0505119438659148,-0.0628204731323076,-259.46350318876307,-0.1802791123312743,-0.05967184782608692,-0.06457167455876023,0.8671004876833833,True,train,0
challenger:2026-03-02:101:B,challenger,2026-03-02,2026-03-02,2026-03,B,Harry Wendelken,Dimitar Kuzmanov,Hard,Hersonissos 1 CH,2026-2983,SF,0.445329,0.3936170212765957,0.4109947643979057,2.25,1.0,bet365_via_sofascore,latest_pre_match_assumed,0.0077977879699889,0.0077977879699889,0.1668459957446826,0.1668459957446826,0.1418257083170459,5.837184098690159,0.0,0.0,-194.0,-39.0,-52.0,0.0131507320287654,0.0352680297704102,0.0352680297704102,0.0324410362277521,0.0324410362277521,-0.0446548371319782,-0.0446548371319782,-2.567488907908455,-0.0384997326407455,0.034334235602094254,-0.01737774312131002,0.8109302162163288,True,train,1
challenger:2026-03-02:121:A,challenger,2026-03-02,2026-03-02,2026-03,A,Harry Wendelken,Stefan Dostanic,Hard,Hersonissos 1 CH,2026-2983,R16,0.46981496,0.437037037037037,0.4240837696335078,2.2,1.0,bet365_via_sofascore,latest_pre_match_assumed,-0.1570616695062849,-0.1570616695062849,0.119348734884184,0.119348734884184,0.0108179846095102,-68.53930557815715,0.0,0.0,-7.0,102.0,274.0,-0.0059880239520958,-0.4740331105314769,-0.4740331105314769,-0.0452139763973463,-0.0452139763973463,-0.0928956818071801,-0.0928956818071801,-83.40713064581178,-0.0883647798742138,0.0457311903664922,0.0129532674035292,0.7884573603642703,True,train,1
challenger:2026-03-02:122:A,challenger,2026-03-02,2026-03-02,2026-03,A,Harry Wendelken,Lukas Neumayer,Hard,Hersonissos 1 CH,2026-2983,QF,0.42319667,0.3636363636363636,0.4109947643979057,2.25,1.0,bet365_via_sofascore,latest_pre_match_assumed,-0.1166319200894296,-0.1390897504411829,-0.0976323503871212,-0.0724722147116053,0.0792543835108853,-67.66661029668126,0.0,0.0,-121.0,-93.0,-94.0,-0.0059880239520958,0.0631394818128052,0.0631394818128052,0.0294856354207062,0.0347203792925744,-0.0494082785236975,-0.0497872719288636,105.36671314502225,0.0110605074821079,0.012201905602094276,-0.04735840076154213,0.8109302162163288,True,train,1
challenger:2026-03-02:140:B,challenger,2026-03-02,2026-03-02,2026-03,B,Henrique Rocha,Thiago Monteiro,Clay,Brasilia CH,2026-3065,SF,0.45035080000000005,0.5172413793103448,0.4109947643979057,2.25,1.0,bet365_via_sofascore,latest_pre_match_assumed,-0.0376909576290209,-0.0006725835923526,0.0994987986733518,0.0512435146952685,0.1940392585487743,-26.118627940617444,0.0,0.0,-30.0,90.0,39.0,0.0,0.0386322297485097,0.1713328573135334,0.0002545713253698,0.0255627879613396,0.0004988500431702,-0.0276235770789509,-49.698041405950335,-0.1978534530317467,0.03935603560209433,0.10624661491243903,0.8109302162163288,True,train,1
challenger:2026-03-02:128:B,challenger,2026-03-02,2026-03-02,2026-03,B,Ioannis Xilas,Stefanos Sakellaridis,Hard,Hersonissos 1 CH,2026-2983,QF,0.35856109999999997,0.33333333333333337,0.3373493975903614,2.75,0.0,bet365_via_sofascore,latest_pre_match_assumed,0.0334113116660846,0.0334113116660846,-0.1517648456589773,-0.1517648456589773,0.0105943083456705,-103.32845527566656,-0.0,-0.0,-65.0,-67.0,-117.0,0.0259067357512953,-0.1655934382799583,-0.1655934382799583,-0.014510584532519,-0.014510584532519,-0.0242347347119886,-0.0242347347119886,-54.86564097710857,0.0144110275689223,0.021211702409638544,-0.004016064257028051,1.0116009116784799,True,train,0
challenger:2026-03-02:131:A,challenger,2026-03-02,2026-03-02,2026-03,A,Ioannis Xilas,Maxim Mrva,Hard,Hersonissos 1 CH,2026-2983,R16,0.5003482,0.437037037037037,0.391304347826087,2.38,1.0,bet365_via_sofascore,latest_pre_match_assumed,0.0828503617590504,0.0848483807355658,-0.0090699386600111,-0.0096382335076029,-0.0561846943626306,-54.93562973272629,0.0,0.0,-31.0,-24.0,-55.0,0.0,0.1099259038790544,0.1099259038790544,0.0088661961753784,0.0089516622092891,0.0519524894008558,0.0524497448319941,-8.831515073344008,0.0263157894736841,0.10904385217391305,0.04573268921095003,0.8671004876833833,True,train,1
challenger:2026-03-02:125:A,challenger,2026-03-02,2026-03-02,2026-03,A,James Story,Lui Maxted ,Hard,Hersonissos 1 CH,2026-2983,Q1,0.51866865,0.437037037037037,0.4112149532710279,2.25,0.0,bet365_via_sofascore,latest_pre_match_assumed,-0.1312474747194064,-0.1122452015101986,0.0052185652777801,-0.0823005527844924,0.1927195700780606,-13.2094636196764,-0.0,-0.0,1.0,9.0,27.0,-0.010204081632653,0.0069690787246776,0.2181864365916453,0.0047453835124475,0.0087875482493208,-0.0027274141777322,0.007226057372327,37.909263824084746,-0.0303030303030303,0.10745369672897204,0.025822083766009085,0.8109302162163288,True,train,0
challenger:2026-03-02:64:A,challenger,2026-03-02,2026-03-02,2026-03,A,Jan Choinski,Nicolai Budkov Kjaer,Hard,Thionville CH,2026-2973,QF,0.4772999,0.437037037037037,0.3373493975903614,2.75,0.0,bet365_via_sofascore,latest_pre_match_assumed,-0.1247763330379895,-0.0183371141402333,-0.0218976642161085,0.0319549656869373,0.1829972017474744,50.33527853801729,-0.0,-0.0,125.0,50.0,11.0,0.0044345898004434,0.0558160354507836,-0.170036074757696,-0.023566682731363,-0.0548783385519561,0.0308169613444323,0.0270664414608813,-207.8301066524266,-0.0444106720702465,0.13995050240963858,0.09968763944667558,1.0116009116784799,True,train,0
challenger:2026-03-02:100:B,challenger,2026-03-02,2026-03-02,2026-03,B,Javier Barranco Cosano,Dimitar Kuzmanov,Hard,Hersonissos 1 CH,2026-2983,R32,0.41004145000000003,0.38020833333333337,0.4109947643979057,2.25,0.0,bet365_via_sofascore,latest_pre_match_assumed,0.0959350741251041,0.0942222232667996,0.1918242899208153,0.1952840602044909,-0.1545998843574905,-81.19209313339661,-0.0,-0.0,-69.0,-65.0,-92.0,0.0191387559808612,-0.2219719817266021,-0.1349165460371651,0.0225158700834575,0.0216952579104767,-0.0198179694889294,-0.0168446076592326,-78.54991283498498,-0.083655552017468,-0.0009533143979056913,-0.03078643106457235,0.8109302162163288,True,train,0
challenger:2026-03-02:148:B,challenger,2026-03-02,2026-03-02,2026-03,B,Joao Eduardo Schiessl,Felipe Meligeni Alves,Clay,Brasilia CH,2026-3065,R32,0.23705023999999997,0.24264705882352944,0.4233870967741936,2.2,1.0,bet365_via_sofascore,latest_pre_match_assumed,-0.0928348743055368,-0.1245404795039675,-0.1858473648467789,-0.1750831502754754,-0.504066116412444,-271.17619960076877,0.0,0.0,-176.0,-163.0,-266.0,0.0,-0.1067304095991517,-0.1067304095991517,0.0079915177097615,0.0040943713180861,-0.0270037501602135,-0.0265536682056219,-269.006284879679,-0.2610062893081761,-0.18633685677419365,-0.18074003795066418,0.7884573603642703,True,train,1
challenger:2026-03-02:13:B,challenger,2026-03-02,2026-03-02,2026-03,B,Joel Schwaerzler,Marco Trungelliti,Clay,Kigali 1 CH,2026-2913,QF,0.35745143999999995,0.33333333333333337,0.3913043478260869,2.38,1.0,bet365_via_sofascore,latest_pre_match_assumed,-0.042550602927282,0.034337347587793,0.1489974586026661,-0.0002983332081146,-0.038136169583723,-84.46472550236126,0.0,0.0,-117.0,-255.0,-125.0,0.0126315789473684,0.0542360943206683,-0.2308899261483608,-0.0776859306961364,-0.0548921845705481,0.0503671015404744,0.0084819358754359,-139.93634839804076,-0.0434782608695651,-0.033852907826086964,-0.05797101449275355,0.8671004876833833,True,train,1
challenger:2026-03-02:51:A,challenger,2026-03-02,2026-03-02,2026-03,A,Jonas Forejtek,Luka Mikrut,Clay,Kigali 1 CH,2026-2913,R32,0.27620146,0.2105263157894736,0.375,2.5,0.0,bet365_via_sofascore,latest_pre_match_assumed,-0.0590235501585729,0.0489462128142285,-0.0190919807186954,0.0257833075357813,-0.3092127491991434,-119.09142647397198,-0.0,-0.0,109.0,-260.0,-282.0,0.0054347826086956,0.1170424483990292,-0.3995851838765555,-0.008293423036804,0.0069888061315385,0.0104423251274532,-0.0213918309609942,-223.0401748774893,-0.0460988379517303,-0.09879853999999999,-0.1644736842105264,0.9162907318741551,True,train,0
challenger:2026-03-02:158:B,challenger,2026-03-02,2026-03-02,2026-03,B,Juan Carlos Prado Angelo,Joao Lucas Reis Da Silva,Clay,Brasilia CH,2026-3065,R16,0.42171407000000005,0.3936170212765957,0.3913043478260869,2.38,1.0,bet365_via_sofascore,latest_pre_match_assumed,-0.0728216044637105,-0.1595103707804854,-0.1637249829180437,-0.1811278909517059,0.6435578426162696,-1.2564448670641468,0.0,0.0,-88.0,-5.0,-3.0,0.003240123736046,-0.0624369178870178,-0.0294301532696108,-0.0077358398327399,-0.0028872847534837,-0.0557171455500929,-0.0556202870633568,14.79951667732621,0.0376157407407407,0.030409722173913134,0.0023126734505087843,0.8671004876833833,True,train,1
challenger:2026-03-02:171:B,challenger,2026-03-02,2026-03-02,2026-03,B,Juan Carlos Prado Angelo,Guy Den Ouden,Clay,Brasilia CH,2026-3065,R32,0.3143863,0.3267326732673267,0.35380835380835374,2.63,1.0,bet365_via_sofascore,latest_pre_match_assumed,0.0767990076371004,0.0461751109053475,0.0560465684446544,-0.061071942176109,0.2792956999793659,-115.97931186329038,0.0,0.0,40.0,-93.0,-50.0,-0.0106007067137809,-0.1745745796173939,-0.321047181286034,-0.005186533205071,-0.014487258136374,-0.0609293363567899,-0.0457444742567103,-132.38543125831507,-0.078125,-0.03942205380835373,-0.027075680541027047,0.9669838461896731,True,train,1
challenger:2026-03-02:172:B,challenger,2026-03-02,2026-03-02,2026-03,B,Juan Carlos Prado Angelo,Henrique Rocha,Clay,Brasilia CH,2026-3065,QF,0.4771558,0.562962962962963,0.3373493975903614,2.75,0.0,bet365_via_sofascore,latest_pre_match_assumed,0.1283418337661435,0.0501926567396071,-0.0873010097387481,-0.0486879716049719,0.3562099714169322,15.93766700257197,-0.0,-0.0,1.0,-115.0,-52.0,-0.0106007067137809,-0.0598742755829039,-0.0962443588353144,0.005989107431233,-0.0113350302216693,-0.0650106519907565,-0.0342705811179021,64.11722768748632,0.0823080708661417,0.1398064024096386,0.22561356537260158,1.0116009116784799,True,train,0
challenger:2026-03-02:68:B,challenger,2026-03-02,2026-03-02,2026-03,B,Jurij Rodionov,Sebastian Ofner,Hard,Thionville CH,2026-2973,QF,0.39991575,0.38020833333333337,0.4240837696335078,2.2,0.0,bet365_via_sofascore,latest_pre_match_assumed,-0.1911246921918004,-0.172444389115083,0.0107320870986243,-0.0035222430927747,0.0961279350908898,-115.37858616886956,-0.0,-0.0,110.0,-134.0,-44.0,-0.0,-0.255204393641511,-0.255204393641511,0.0294953376482621,0.0317174655622843,-0.0454911164077947,-0.0541517593537714,7.459749943307543,-0.0295935470354075,-0.024168019633507787,-0.04387543630017443,0.7884573603642703,True,train,0
challenger:2026-03-02:96:B,challenger,2026-03-02,2026-03-02,2026-03,B,Justin Engel,Giulio Zeppieri,Hard,Thionville CH,2026-2973,R32,0.3895571,0.38020833333333337,0.3913043478260869,2.38,0.0,bet365_via_sofascore,latest_pre_match_assumed,0.139707753794308,0.139707753794308,-0.0695941931427469,-0.0695941931427469,0.1118208167427009,-77.48762530150248,-0.0,-0.0,-119.0,-86.0,-32.0,0.0073891625615763,-0.0917508732310152,-0.0917508732310152,0.0126933821946367,0.0126933821946367,-0.0127520679179381,-0.0127520679179381,-79.66475772137073,-0.1216577540106951,-0.0017472478260869284,-0.011096014492753548,0.8671004876833833,True,train,0
challenger:2026-03-02:79:B,challenger,2026-03-02,2026-03-02,2026-03,B,Keegan Smith,Matteo Martineau,Hard,Thionville CH,2026-2973,Q1,0.47776914000000004,0.562962962962963,0.4112149532710281,2.25,1.0,bet365_via_sofascore,latest_pre_match_assumed,0.0200571041035187,0.0200571041035187,-0.0439227843256916,-0.0439227843256916,0.1063557363040926,1.8430738959548307,0.0,0.0,-108.0,-52.0,-109.0,0.1,0.103133439691552,0.103133439691552,-0.005251022917844,-0.005251022917844,0.0581293072127765,0.0581293072127765,-6.974372979589361,0.0348628556780312,0.06655418672897195,0.15174800969193492,0.8109302162163288,True,train,1
challenger:2026-03-02:55:A,challenger,2026-03-02,2026-03-02,2026-03,A,Kei Nishikori,Nicolai Budkov Kjaer,Hard,Thionville CH,2026-2973,R16,0.5014512,0.437037037037037,0.3538083538083538,2.63,0.0,bet365_via_sofascore,latest_pre_match_assumed,0.0234195470677489,0.0234939762267318,-0.0395773529602315,-0.044652226528883,0.1286590924836678,37.51478572282099,-0.0,-0.0,-34.0,-51.0,-20.0,0.0044345898004434,0.1533112938801001,0.1533112938801001,0.0069482082966204,0.0061996511629269,-0.0218603319519176,-0.0212681081554917,25.730811836126804,0.1423097974822113,0.1476428461916462,0.08322868322868321,0.9669838461896731,True,train,0
challenger:2026-03-02:56:A,challenger,2026-03-02,2026-03-02,2026-03,A,Kei Nishikori,Clement Tabur,Hard,Thionville CH,2026-2973,R32,0.560385,0.6063829787234043,0.375,2.5,1.0,bet365_via_sofascore,latest_pre_match_assumed,0.1236958566399728,0.1207643235719019,0.0098523867474645,-0.0049663912119529,0.2053659934915308,73.76308240417029,0.0,0.0,-123.0,105.0,46.0,0.0,0.11439352847785,0.11439352847785,0.0083920151012018,0.0085916003053823,-0.0320250092248466,-0.0310837810238872,50.65666911200174,0.2799455535390199,0.18538500000000002,0.2313829787234043,0.9162907318741551,True,train,1
challenger:2026-03-02:61:A,challenger,2026-03-02,2026-03-02,2026-03,A,Laurent Lokoli,Murphy Cassone,Hard,Thionville CH,2026-2973,Q2,0.35312068,0.2483660130718954,0.3549488054607508,2.625,0.0,bet365_via_sofascore,latest_pre_match_assumed,-0.0209823266310576,-0.0263693989890497,0.0453569757353938,0.0458486314030028,0.0605103560784218,-32.80246806516834,-0.0,-0.0,14.0,-177.0,-265.0,0.0218181818181818,0.2746324803508245,0.2746324803508245,0.0060753647746374,0.0055639176017564,-0.025169325250323,-0.0263453351408468,-6.6653649096708705,-0.0730537280701754,-0.0018281254607507846,-0.1065827923888554,0.965080896043587,True,train,0
challenger:2026-03-02:98:A,challenger,2026-03-02,2026-03-02,2026-03,A,Lorenzo Giustino,Dimitar Kuzmanov,Hard,Hersonissos 1 CH,2026-2983,QF,0.48738226,0.437037037037037,0.4109947643979057,2.25,0.0,bet365_via_sofascore,latest_pre_match_assumed,0.1242683072258798,0.1237028166083326,0.1587787576086117,0.2570869330277245,0.1412385355159243,58.774858031447366,-0.0,0.1111111111111111,8.0,70.0,49.0,0.0155155675750641,0.141574688584383,0.1339407184475629,-0.0004043958362227,-0.011962975567795,-0.0087385643220397,-0.0084372820213286,-0.0834392664717142,-0.1315075017861395,0.07638749560209429,0.02604227263913128,0.8109302162163288,True,train,0
challenger:2026-03-02:126:B,challenger,2026-03-02,2026-03-02,2026-03,B,Lui Maxted ,Stefan Dostanic,Hard,Hersonissos 1 CH,2026-2983,Q2,0.38131106000000003,0.38020833333333337,0.3549488054607508,2.625,1.0,bet365_via_sofascore,latest_pre_match_assumed,-0.0509883468604859,-0.0682025064597153,0.1384442437026058,0.2219145633365623,-0.4678792057219151,-197.94110342823296,0.0,0.0,-49.0,24.0,94.0,0.0,-0.6442176863390524,-0.8045419099605517,-0.0726557789880359,-0.0804829693416129,-0.0465082540968859,-0.0564785019726722,-232.71893532757417,-0.253030303030303,0.02636225453924923,0.025259527872582566,0.965080896043587,True,train,1
challenger:2026-03-02:136:B,challenger,2026-03-02,2026-03-02,2026-03,B,Luis Felipe Miguel,Pedro Sakamoto,Clay,Brasilia CH,2026-3065,Q2,0.22678715000000005,0.24264705882352944,0.3373493975903614,2.75,0.0,bet365_via_sofascore,latest_pre_match_assumed,0.0960899107848435,0.0960899107848435,-0.0464854560340517,-0.0464854560340517,-0.1016199722103807,-12.43256240096025,-0.0,-0.0,-153.0,-119.0,-823.0,-0.0,0.1936521391820769,0.1936521391820769,0.1275155036210516,0.1275155036210516,-0.070390107481376,-0.070390107481376,-20.874082136541347,-0.4836601307189542,-0.11056224759036137,-0.09470233876683198,1.0116009116784799,True,train,0
challenger:2026-03-02:145:B,challenger,2026-03-02,2026-03-02,2026-03,B,Luis Guto Miguel,Juan Pablo Ficovich,Clay,Brasilia CH,2026-3065,R32,0.11976719999999996,0.08333333333333337,0.3373493975903614,2.75,1.0,bet365_via_sofascore,latest_pre_match_assumed,-0.2542014742743562,-0.225850550228774,-0.092957166144629,-0.0186607172047266,0.1263515402170908,-115.86219710564636,0.0,0.0,-264.0,-366.0,-1426.0,0.0,-0.5445028325361386,-0.4682708598441158,0.0037356968145085,-0.0032836266083731,-0.061955304030582,-0.0299102060855488,-143.10652931687764,-0.50187265917603,-0.21758219759036146,-0.25401606425702805,1.0116009116784799,True,train,1
challenger:2026-03-02:65:B,challenger,2026-03-02,2026-03-02,2026-03,B,Mae Malige,Jan Choinski,Hard,Thionville CH,2026-2973,R32,0.19708959999999998,0.1785714285714286,0.3373493975903614,2.75,0.0,bet365_via_sofascore,latest_pre_match_assumed,0.0130648669295468,-0.0937260103010538,-0.1117585852669749,-0.1682382314528122,-0.6219220236609393,-330.6699967987945,-0.0,-0.0,-147.0,-392.0,-316.0,-0.0,-0.4873346597200133,-0.2614825495115337,0.0009065244770983,0.0329877047579296,-0.0965650853351173,-0.0948937099078086,-37.33355505397276,-0.289309807991697,-0.14025979759036145,-0.15877796901893282,1.0116009116784799,True,train,0
challenger:2026-03-02:91:B,challenger,2026-03-02,2026-03-02,2026-03,B,Martin Krumich,Jurij Rodionov,Hard,Thionville CH,2026-2973,R16,0.36209565,0.38020833333333337,0.35380835380835374,2.63,0.0,bet365_via_sofascore,latest_pre_match_assumed,0.1549287286537606,0.1644864718832772,0.082440311684996,0.0672701629985866,-0.2803197477993606,-89.29941329872622,-0.0,-0.0,-158.0,-187.0,-172.0,-0.0137931034482758,0.1244945887863456,0.0812354246776974,-0.0120663477704709,-0.0250482435726513,0.0300943585101232,0.0298044733028497,-151.03341201122453,-0.1252713178294573,0.008287296191646254,0.026399979524979633,0.9669838461896731,True,train,0
challenger:2026-03-02:47:A,challenger,2026-03-02,2026-03-02,2026-03,A,Mathys Erhard,Joel Schwaerzler,Clay,Kigali 1 CH,2026-2913,R32,0.3600468,0.2483660130718954,0.4240837696335078,2.2,0.0,bet365_via_sofascore,latest_pre_match_assumed,0.0297959601927965,0.0383561832971025,-0.1900941512850867,-0.0345479035903745,0.0732750123961799,-121.85067020343354,-0.0,-0.0,31.0,-58.0,-74.0,-0.0063694267515923,-0.2722844934395484,0.2308899261483608,0.0230161542052669,0.0077598243787069,-0.0187247512043641,0.0112706513350694,-81.35529114745145,-0.0762167125803489,-0.0640369696335078,-0.1757177565616124,0.7884573603642703,True,train,0
challenger:2026-03-02:157:B,challenger,2026-03-02,2026-03-02,2026-03,B,Matias Soto,Joao Lucas Reis Da Silva,Clay,Brasilia CH,2026-3065,R32,0.2674434,0.24264705882352944,0.3373493975903614,2.75,0.0,bet365_via_sofascore,latest_pre_match_assumed,-0.2425259282130826,-0.2088741201247356,-0.2056997158226642,-0.140580099802708,0.3991139737272637,-124.2751917807568,-1.0,-1.0,-104.0,-162.0,-188.0,-0.0472278718402493,-0.0550026429887614,-0.0439532042626688,-0.0334131186208974,-0.0272419842136046,-0.0541574463236146,-0.0561253773650787,-95.3654425373154,-0.0360449735449736,-0.06990599759036142,-0.09470233876683198,1.0116009116784799,True,train,0
challenger:2026-03-02:73:A,challenger,2026-03-02,2026-03-02,2026-03,A,Maxime Janvier,Geoffrey Blancaneaux,Hard,Thionville CH,2026-2973,Q1,0.3549182,0.2483660130718954,0.4112149532710279,2.25,0.0,bet365_via_sofascore,latest_pre_match_assumed,0.0889482105449711,0.0952256393393165,0.1300484015957197,0.1175935776684217,0.1360452863977085,-74.0420469371063,-0.0,-0.0,7.0,-127.0,-244.0,-0.0134249471458773,-0.0105660486322771,-0.0538252127409252,-0.0013324327768062,0.0023617795794991,0.0098320545172116,0.0130487182562029,-8.639953232947846,-0.0722264072525131,-0.0562967532710279,-0.1628489401991325,0.8109302162163288,True,train,0
challenger:2026-03-02:103:A,challenger,2026-03-02,2026-03-02,2026-03,A,Michael Geerts,Stefanos Sakellaridis,Hard,Hersonissos 1 CH,2026-2983,R16,0.45401618,0.437037037037037,0.4240837696335078,2.2,0.0,bet365_via_sofascore,latest_pre_match_assumed,-0.1602061218779383,-0.1602061218779383,-0.009297587067645,-0.009297587067645,-0.3194796835700059,-45.556565512306406,-0.0,-0.0,197.0,-9.0,-15.0,0.0148570119943892,-0.3900141084082022,-0.3900141084082022,-0.0423919244288014,-0.0423919244288014,-0.0148784642627931,-0.0148784642627931,-14.789685309269544,-0.0136841213353668,0.02993241036649219,0.0129532674035292,0.7884573603642703,True,train,0
challenger:2026-03-02:42:A,challenger,2026-03-02,2026-03-02,2026-03,A,Michiel De Krom,Nicholas David Ionel,Clay,Kigali 1 CH,2026-2913,R32,0.34167066,0.2483660130718954,0.375,2.5,1.0,bet365_via_sofascore,latest_pre_match_assumed,0.0668010496381227,0.0689357653949173,-0.0646832956928586,-0.0648315398426359,-0.3632347360390655,-93.29350849054072,0.0,0.0,-100.0,-15.0,-100.0,-0.1941328731665228,-0.2354438283642218,-0.2354438283642218,0.0016298176630777,0.0015689976401023,-0.0647506069862254,-0.0646312860035956,-94.24238561174434,-0.2957393483709273,-0.033329339999999985,-0.1266339869281046,0.9162907318741551,True,train,1
challenger:2026-03-02:138:B,challenger,2026-03-02,2026-03-02,2026-03,B,Miguel Damas,Thiago Monteiro,Clay,Brasilia CH,2026-3065,R16,0.3526072,0.3267326732673267,0.3373493975903614,2.75,0.0,bet365_via_sofascore,latest_pre_match_assumed,0.0859700407032871,0.10011336020486,-0.0559292216038641,0.0142778327694094,-0.0567321841246571,-82.37412209649597,-0.0,-0.0,-38.0,-145.0,-125.0,-0.0184049079754601,0.2937175201296214,0.242824385884153,0.035624911396091,0.0353613883573147,-0.0392408552339412,-0.0459390453120271,-73.71966922093156,-0.2170422309051008,0.015257802409638588,-0.010616724323034732,1.0116009116784799,True,train,0
challenger:2026-03-02:163:A,challenger,2026-03-02,2026-03-02,2026-03,A,Miguel Damas,Alvaro Guillen Meza,Clay,Brasilia CH,2026-3065,R32,0.3290059,0.2483660130718954,0.3373493975903614,2.75,1.0,bet365_via_sofascore,latest_pre_match_assumed,-0.0017185248526241,0.0124247946489487,-0.074528919002765,-0.0043218646294915,-0.2584320767844123,-157.0213674493384,0.0,0.0,-22.0,-146.0,-126.0,-0.0086961701113824,0.0655174230098658,0.0146242887643974,-0.0094228537991842,-0.0096863768379605,-0.0108981356728662,-0.0175963257509521,-142.27170663242214,-0.086536742356517,-0.008343497590361404,-0.08898338451846602,1.0116009116784799,True,train,1
challenger:2026-03-02:87:B,challenger,2026-03-02,2026-03-02,2026-03,B,Moise Kouame,Hugo Gaston,Hard,Thionville CH,2026-2973,QF,0.1520437,0.08333333333333337,0.375,2.5,0.0,bet365_via_sofascore,latest_pre_match_assumed,-0.0081589824019446,0.0036930949834891,0.206848172102147,0.2142475090716057,-0.2189795502056908,-284.81357063746555,-0.0,-0.0,-164.0,-627.0,-780.0,0.08,-0.3356964598699985,-0.2881889797796769,-0.0581059203063615,-0.0617531633030938,-0.0126652424926183,-0.0104809393621505,-240.06848148037443,-0.302504816955684,-0.2229563,-0.29166666666666663,0.9162907318741551,True,train,0
challenger:2026-03-02:70:B,challenger,2026-03-02,2026-03-02,2026-03,B,Murphy Cassone,Sebastian Ofner,Hard,Thionville CH,2026-2973,R16,0.3496882,0.3267326732673267,0.3913043478260869,2.38,0.0,bet365_via_sofascore,latest_pre_match_assumed,-0.0236948740123452,-0.0050145709356278,0.126962646455213,0.1127083162638138,-0.058286045124837,-171.87913418128733,-0.0,-0.0,-34.0,-195.0,-84.0,-0.0218181818181818,-0.4015284942602714,-0.4015284942602714,0.0183543430795918,0.020576470993614,-0.0167457391905631,-0.0254063821365397,-67.8128838233497,-0.0183736367946895,-0.04161614782608691,-0.06457167455876023,0.8671004876833833,True,train,0
challenger:2026-03-02:97:A,challenger,2026-03-02,2026-03-02,2026-03,A,Neil Oberleitner,Arthur Bouquier,Hard,Thionville CH,2026-2973,Q1,0.29402283,0.2483660130718954,0.3923240938166311,2.375,1.0,bet365_via_sofascore,latest_pre_match_assumed,0.2060533360447049,0.206053336044705,-0.1034869498979927,-0.1040008629505544,0.0820461004751824,-89.53924037104935,0.0,0.0,62.0,-138.0,-204.0,-0.0178571428571428,0.0116922102689406,0.0116922102689406,-0.0264401613763027,-0.0259847146078946,-0.0162899118318698,-0.0167396950319257,-116.24405496353688,-0.0696125907990314,-0.09830126381663107,-0.14395808074473568,0.8649974374866045,True,train,1
challenger:2026-03-02:36:B,challenger,2026-03-02,2026-03-02,2026-03,B,Nicholas David Ionel,Eero Vasa,Clay,Kigali 1 CH,2026-2913,Q2,0.45680714,0.5535714285714286,0.3549488054607508,2.625,1.0,bet365_via_sofascore,latest_pre_match_assumed,-0.1232046614276795,-0.087304006622226,-0.0603847032368387,-0.0186168734518562,0.1940934477527071,41.62223987653579,0.0,0.0,84.0,-29.0,-129.0,0.016215253029223,-0.0047966753129177,0.047443630133166,0.0008427884598526,0.0100574595561712,-0.0128358668087478,-0.0072506260960355,48.05033042745481,0.1052631578947368,0.1018583345392492,0.1986226231106778,0.965080896043587,True,train,1
challenger:2026-03-02:78:A,challenger,2026-03-02,2026-03-02,2026-03,A,Nicolai Budkov Kjaer,Otto Virtanen,Hard,Thionville CH,2026-2973,SF,0.42861256,0.4137931034482758,0.391304347826087,2.38,1.0,bet365_via_sofascore,latest_pre_match_assumed,0.0977938733254735,0.0981455316583181,0.0883468964045225,0.0909739126873139,0.2849329161272689,-74.01410474187605,0.0,0.0,-107.0,-40.0,-10.0,-0.0044345898004434,-0.0876453698203546,-0.0876453698203546,0.0168236992335487,0.0160541747733105,-0.0168803509958923,-0.01480120653965,-57.74733176844552,0.0331465919701213,0.037308212173913,0.022488755622188827,0.8671004876833833,True,train,1
challenger:2026-03-02:60:B,challenger,2026-03-02,2026-03-02,2026-03,B,Patrick Zahraj,Laurent Lokoli,Hard,Thionville CH,2026-2973,Q1,0.4725157,0.5535714285714286,0.3549488054607508,2.625,0.0,bet365_via_sofascore,latest_pre_match_assumed,-0.0494741648082728,-0.0440870924502808,-0.0900833819827721,-0.0905750376503811,0.0201930366935655,-81.45988821837818,-0.0,-0.0,-49.0,111.0,215.0,-0.0,-0.3835575685192181,-0.3835575685192181,-0.0218969145413572,-0.0213854673684762,-0.0387103609686567,-0.0375343510781329,-57.938403462250335,-0.0044501582278481,0.11756689453924918,0.1986226231106778,0.965080896043587,True,train,0
challenger:2026-03-02:139:B,challenger,2026-03-02,2026-03-02,2026-03,B,Pedro Boscardin Dias,Thiago Monteiro,Clay,Brasilia CH,2026-3065,QF,0.3517323,0.3267326732673267,0.3373493975903614,2.75,0.0,bet365_via_sofascore,latest_pre_match_assumed,0.145716958890404,0.1233514705641667,0.0976726067348344,0.093227345587886,0.4413214483549028,-28.782879707068332,-0.0,-0.0,18.0,-107.0,-78.0,-0.0149253731343283,0.0578099835268795,0.0578099835268795,-0.0071668377980854,-0.0041274590980848,-0.056187728675742,-0.0558671690747029,-25.3816448819598,-0.1767060964513193,0.014382902409638576,-0.010616724323034732,1.0116009116784799,True,train,0
challenger:2026-03-02:58:A,challenger,2026-03-02,2026-03-02,2026-03,A,Pierre Hugues Herbert,Otto Virtanen,Hard,Thionville CH,2026-2973,R16,0.4128336,0.3263157894736842,0.3538083538083538,2.63,0.0,bet365_via_sofascore,latest_pre_match_assumed,0.003558278152428,-0.0011235951102985,0.1411025889149052,0.1567342286147764,-0.0460325295485938,-109.4531690510314,-0.0,-0.0,-29.0,-89.0,-29.0,-0.0,-0.023838200031333,-0.023838200031333,-0.0061536258862442,-0.0034709664121699,-0.0106443905339848,-0.0039183327903806,-58.56684230245765,-0.0502711722987067,0.05902524619164623,-0.027492564334669567,0.9669838461896731,True,train,0
challenger:2026-03-02:85:A,challenger,2026-03-02,2026-03-02,2026-03,A,Remy Bertola,Clement Chidekh,Hard,Thionville CH,2026-2973,R32,0.38554886,0.3263157894736842,0.3373493975903614,2.75,0.0,bet365_via_sofascore,latest_pre_match_assumed,-0.1352793196421558,-0.1352793196421558,-0.2006637400531908,-0.2006637400531908,-0.3021397286783948,-165.4712388994817,-0.0,-0.0,49.0,-8.0,-9.0,-0.0001683926917571,-0.2250106042591615,-0.2250106042591615,-0.0377198380643172,-0.0377198380643172,-0.0026458918100586,-0.0026458918100586,-144.3399326349804,-0.0813940784442259,0.04819946240963857,-0.011033608116677196,1.0116009116784799,True,train,0
challenger:2026-03-02:102:B,challenger,2026-03-02,2026-03-02,2026-03,B,Robin Bertrand,Dimitar Kuzmanov,Hard,Hersonissos 1 CH,2026-2983,R16,0.35330550000000005,0.3267326732673267,0.3913043478260869,2.38,0.0,bet365_via_sofascore,latest_pre_match_assumed,0.0862456865482745,0.0862456865482745,0.0824831413048732,0.0824831413048732,0.1805394525016034,-112.0952547837569,-0.0,-0.0,-151.0,-29.0,-42.0,0.0730309715497235,-0.2024247917568894,-0.2024247917568894,0.007132153638615,0.007132153638615,-0.0584834081796494,-0.0584834081796494,-123.3465699270921,-0.1605516194331984,-0.03799884782608687,-0.06457167455876023,0.8671004876833833,True,train,0
challenger:2026-03-02:113:B,challenger,2026-03-02,2026-03-02,2026-03,B,Robin Bertrand,Adria Soriano Barrera,Hard,Hersonissos 1 CH,2026-2983,R32,0.5129386,0.562962962962963,0.3373493975903614,2.75,1.0,bet365_via_sofascore,latest_pre_match_assumed,-0.0274157421218279,-0.0274157421218279,-0.1292527265864532,-0.1292527265864532,-0.1079394734535222,3.655993804603213,0.0,0.0,21.0,40.0,56.0,0.0538922155688622,0.0335839826171917,0.0335839826171917,0.0345342190993024,0.0345342190993024,-0.0244867520922349,-0.0244867520922349,-16.759113506604308,-0.03375,0.1755892024096386,0.22561356537260158,1.0116009116784799,True,train,1
challenger:2026-03-02:62:B,challenger,2026-03-02,2026-03-02,2026-03,B,Rudolf Molleker,Ivan Gakhov,Hard,Thionville CH,2026-2973,Q1,0.35215799999999997,0.3267326732673267,0.375,2.5,1.0,bet365_via_sofascore,latest_pre_match_assumed,-0.0137271038608915,0.0171314284408227,-0.0031369249337644,-0.0361321752106241,-0.2512611062330108,-108.52263638639442,0.0,0.0,-8.0,-89.0,-136.0,0.005888610287972,-0.2812587611925878,-0.2812587611925878,-0.0105040763694951,-0.0067870779413234,-0.002539458350336,-0.0108559054019186,-86.17872452178563,-0.0634387869266109,-0.02284200000000003,-0.04826732673267331,0.9162907318741551,True,train,1
challenger:2026-03-02:90:A,challenger,2026-03-02,2026-03-02,2026-03,A,Rudolf Molleker,Martin Krumich,Hard,Thionville CH,2026-2973,Q2,0.40148953,0.3263157894736842,0.3923240938166311,2.375,0.0,bet365_via_sofascore,latest_pre_match_assumed,-0.07635674470903,-0.0853630767546846,-0.0035001186103562,0.0131522727034193,0.0654772707158229,-75.57044279540787,-0.0,-0.0,101.0,-21.0,-49.0,0.0056630221474628,-0.3218815646033536,-0.2786224004947055,-0.0214891596252896,-0.0127001990261483,-0.0082955815184645,-0.0075426422751072,-40.39390113580589,0.0076616915422885,0.009165436183368902,-0.06600830434294686,0.8649974374866045,True,train,0
challenger:2026-03-02:27:B,challenger,2026-03-02,2026-03-02,2026-03,B,Ryan Nijboer,Calvin Hemery,Clay,Kigali 1 CH,2026-2913,R16,0.2667026,0.24264705882352944,0.35380835380835374,2.63,0.0,bet365_via_sofascore,latest_pre_match_assumed,0.0949917961732338,0.0699020610703601,-0.1625209434919815,-0.0707283476651321,-0.2753711265274284,-170.18787760154828,-0.0,-0.0,-137.0,-129.0,-256.0,-0.0235294117647058,-0.2002592619295256,-0.3349142329807339,-0.0084681642226783,-0.0314676397247187,-0.0490520371681688,-0.0110763328284895,-187.52890674197397,-0.1531711822660098,-0.08710575380835373,-0.1111612949848243,0.9669838461896731,True,train,0
challenger:2026-03-02:50:A,challenger,2026-03-02,2026-03-02,2026-03,A,Ryan Nijboer,Max Houkes,Clay,Kigali 1 CH,2026-2913,R32,0.29497868,0.2483660130718954,0.3373493975903614,2.75,1.0,bet365_via_sofascore,latest_pre_match_assumed,0.1033830405946871,-0.0095473844469695,-0.1702047277886803,0.0134480256578788,-0.3012854465875202,-115.66326806075152,0.0,0.0,-14.0,-139.0,-268.0,-0.0101960784313725,-0.1405547272994008,-0.2192189557823199,-0.0263691950939295,-0.0224214601249641,-0.0160136179314581,-0.001455221402052,-99.65396679880725,-0.0713554114032092,-0.04237071759036143,-0.08898338451846602,1.0116009116784799,True,train,1
challenger:2026-03-02:16:B,challenger,2026-03-02,2026-03-02,2026-03,B,Sandro Kopp,Marco Cecchinato,Clay,Kigali 1 CH,2026-2913,R16,0.33591760000000004,0.3267326732673267,0.3913043478260869,2.38,0.0,bet365_via_sofascore,latest_pre_match_assumed,-0.0093551007831474,0.1092170528156299,-0.0746763992279659,-0.1220178588292681,0.1004422788007511,-171.47968332640926,-0.0,-0.0,-129.0,-71.0,-74.0,0.0063342137069698,-0.2028069440793653,0.0428770117861722,-0.0309995881747888,0.0040320743553798,-0.0064692079889442,-0.0125792764175867,-131.55659855763224,-0.1371517743613455,-0.05538674782608688,-0.06457167455876023,0.8671004876833833,True,train,0
challenger:2026-03-02:34:B,challenger,2026-03-02,2026-03-02,2026-03,B,Sean Cuenin,Zdenek Kolar,Clay,Kigali 1 CH,2026-2913,R32,0.1933857,0.1785714285714286,0.4109947643979057,2.25,0.0,bet365_via_sofascore,latest_pre_match_assumed,-0.1314878575641939,-0.1226423828782939,0.0226434743340196,-0.1856738947276052,-0.0617727108849224,-289.31989087671013,-0.0,-0.0,-269.0,-243.0,-327.0,0.0004202857943401,-0.2492809257731371,-0.5130532734818072,-0.0601765972386427,-0.0784617310702734,-0.0464354121371045,-0.0104136666156745,-280.45906295922305,-0.331798245614035,-0.21760906439790573,-0.23242333582647712,0.8109302162163288,True,train,0
challenger:2026-03-02:22:A,challenger,2026-03-02,2026-03-02,2026-03,A,Stefano Napolitano,Luka Pavlovic,Clay,Kigali 1 CH,2026-2913,QF,0.47811046,0.437037037037037,0.4240837696335078,2.2,1.0,bet365_via_sofascore,latest_pre_match_assumed,-0.0939370739613957,0.1473653519533369,-0.0608049070740805,0.0591109709841214,-0.0076932409580299,39.759324739149406,0.0,0.0,66.0,-161.0,-234.0,0.0,0.2926954645160612,0.3401467779944528,0.0522798083200194,0.0698050341449205,0.0597018074970426,0.0333531588945232,22.77635473989744,-0.0783653846153846,0.054026690366492214,0.0129532674035292,0.7884573603642703,True,train,1
challenger:2026-03-02:24:A,challenger,2026-03-02,2026-03-02,2026-03,A,Stefano Napolitano,Joel Schwaerzler,Clay,Kigali 1 CH,2026-2913,F,0.4358384,0.437037037037037,0.391304347826087,2.38,0.0,bet365_via_sofascore,latest_pre_match_assumed,0.0514646890100746,0.0492153069416296,-0.2292825383744186,-0.0063191562402311,-0.0431665616271695,-20.357817147957576,-0.0,-0.0,40.0,-112.0,-196.0,-0.0,-0.0860654286902392,0.3283851845776774,0.0369491735341599,0.0542736558188192,-0.0133439220068124,0.0157021923110858,-1.6845070959150237,-0.0401709401709402,0.04453405217391304,0.04573268921095003,0.8671004876833833,True,train,0
challenger:2026-03-02:129:A,challenger,2026-03-02,2026-03-02,2026-03,A,Stefanos Sakellaridis,Toby Samuel,Hard,Hersonissos 1 CH,2026-2983,SF,0.39332193,0.3263157894736842,0.3538083538083538,2.63,0.0,bet365_via_sofascore,latest_pre_match_assumed,0.0415741439602056,0.0415741439602056,-0.0169586477625552,-0.0169586477625552,0.1520172165444778,-35.32579222964387,-0.0,-0.0,41.0,-17.0,-20.0,-0.0259067357512953,0.2620724836424513,0.2620724836424513,-0.0083715008370057,-0.0083715008370057,-0.0026444078783594,-0.0026444078783594,-72.9433432533674,-0.0927464008859357,0.039513576191646194,-0.027492564334669567,0.9669838461896731,True,train,0
challenger:2026-03-02:114:B,challenger,2026-03-02,2026-03-02,2026-03,B,Svyatoslav Gulin,Adria Soriano Barrera,Hard,Hersonissos 1 CH,2026-2983,Q2,0.57104418,0.5862068965517242,0.4112149532710281,2.25,0.0,bet365_via_sofascore,latest_pre_match_assumed,-0.0438896517052216,-0.083265361898486,-0.0541965230369567,-0.0068815119451486,-0.1666979453617091,58.09002127474787,-0.0,-0.0,-44.0,-37.0,-96.0,-0.1610169491525423,0.2828436684874293,0.3044411053079132,0.0533395184167194,0.0429857802846235,0.0159605033361759,0.0094484839600159,32.012496714034114,0.0761290322580645,0.15982922672897193,0.17499194328069612,0.8109302162163288,True,train,0
challenger:2026-03-02:104:B,challenger,2026-03-02,2026-03-02,2026-03,B,Tiago Pereira,Michael Geerts,Hard,Hersonissos 1 CH,2026-2983,R32,0.3944628,0.38020833333333337,0.375,2.5,0.0,bet365_via_sofascore,latest_pre_match_assumed,0.1335262369785836,0.1183686209793713,-0.1617145543752764,-0.1060855795004058,-0.073050228838486,-189.4646865683383,-0.0,-0.0,-209.0,24.0,30.0,-0.0082739477406784,-0.3527752778842656,-0.2496418381927135,-0.001294982882548,0.0295303065943007,-0.0704248844546541,-0.0499425497483727,-139.0333891046064,-0.1648873072360617,0.019462800000000002,0.00520833333333337,0.9162907318741551,True,train,0
challenger:2026-03-02:80:A,challenger,2026-03-02,2026-03-02,2026-03,A,Ugo Blanchet,Otto Virtanen,Hard,Thionville CH,2026-2973,QF,0.32950094,0.2483660130718954,0.3373493975903614,2.75,0.0,bet365_via_sofascore,latest_pre_match_assumed,0.0283072127197462,0.0257237664386408,0.1420005063250804,0.1432439329058971,-0.0121110100772002,-160.23928090032882,-0.0,-0.0,-35.0,-61.0,-19.0,-0.0,-0.1349627740611232,-0.1349627740611232,-0.0180331461477721,-0.0170057598816064,-0.0523757024125586,-0.0523969028892837,-116.05160846642524,-0.1287581699346405,-0.007848457590361402,-0.08898338451846602,1.0116009116784799,True,train,0
challenger:2026-03-02:81:A,challenger,2026-03-02,2026-03-02,2026-03,A,Ugo Blanchet,Clement Chidekh,Hard,Thionville CH,2026-2973,R16,0.45953736,0.437037037037037,0.3373493975903614,2.75,1.0,bet365_via_sofascore,latest_pre_match_assumed,-0.0330886263642154,-0.0356720726453209,0.0760298213836839,0.0772732479645006,-0.2577870612113753,-110.46081346705546,0.0,0.0,22.0,207.0,103.0,0.0045045045045045,-0.1579594681431382,-0.1579594681431382,-0.0330212101601379,-0.0319938238939723,-0.0447697976898329,-0.044790998166558,-94.8377205401905,-0.0863323500491642,0.12218796240963858,0.09968763944667558,1.0116009116784799,True,train,1
challenger:2026-03-02:107:A,challenger,2026-03-02,2026-03-02,2026-03,A,Viktor Durasovic,Daniel Rincon,Hard,Hersonissos 1 CH,2026-2983,R32,0.46359742,0.437037037037037,0.375,2.5,0.0,bet365_via_sofascore,latest_pre_match_assumed,0.0552432928826686,0.0621663325103659,0.1026015372954599,0.077591308225467,-0.1860934732779356,-32.31727626067436,-0.0,-0.0,34.0,-2.0,-3.0,-0.0,0.11773648855305,-0.1254360936195463,0.0104403912038488,0.0090681898412309,0.0361316223681571,0.0016128015232876,-70.28456443988398,-0.0556737692016207,0.08859741999999998,0.062037037037037,0.9162907318741551,True,train,0
atp:2026-03-04:377:B,atp,2026-03-04,2026-03-04,2026-03,B,Adam Walton,Quentin Halys,Hard,,,,0.51602918,0.51602918,0.3674418604651163,2.721518987341772,1.0,,,0.1923860760188148,0.1923860760188148,-0.0197378580824963,-0.0197378580824963,0.0064982635359224,-44.96724507065346,0.0,0.0,-63.0,63.0,13.0,0.003909661030404,-0.2474386041131584,-0.2474386041131584,0.0042937039677504,0.0042937039677504,0.005495268237021,0.005495268237021,-38.93112940968854,-0.0585556278464541,0.1485873195348837,0.1485873195348837,1.0011901756606412,True,train,1
atp:2026-03-04:345:A,atp,2026-03-04,2026-03-04,2026-03,A,Alejandro Tabilo,Rafael Jodar,Hard,,,,0.61013854,0.61013854,0.4092009685230023,2.4437869822485214,1.0,,,-0.0557763372975038,-0.0669835846473766,0.0467912953299818,0.129254694515867,0.0136442587043742,91.75628049087231,0.0,0.0,132.0,368.0,86.0,-0.0055401662049861,0.2286051361527619,-0.1713507228025932,0.0132696949878787,-0.0191289086012413,0.046695133397357,0.0287417324957388,-0.4728924296507557,0.0070422535211267,0.2009375714769977,0.2009375714769977,0.8935488780379596,True,train,1
atp:2026-03-04:354:B,atp,2026-03-04,2026-03-04,2026-03,B,Aleksandar Kovacevic,Corentin Moutet,Hard,,,,0.38074445999999995,0.38074445999999995,0.41463414634146334,2.4117647058823533,1.0,,,-0.1048031575805689,-0.1048031575805689,-0.0293494990647192,-0.0293494990647192,0.0030309050725075,-186.56673115707213,0.0,0.0,-77.0,-506.0,-26.0,0.0031527322750412,0.0461905740718917,0.0461905740718917,-0.0346249461236821,-0.0346249461236821,0.0486321480548429,0.0486321480548429,-118.57027335101247,-0.1198217726396916,-0.03388968634146339,-0.03388968634146339,0.8803587226480919,True,train,1
atp:2026-03-04:386:B,atp,2026-03-04,2026-03-04,2026-03,B,Alexander Shevchenko,Sho Shimabukuro,Hard,,,,0.49845039999999996,0.49845039999999996,0.4229828850855746,2.3641618497109826,1.0,,,0.0201213547319286,0.0212979626878209,0.2080066427830902,0.1879076147579146,0.5953220454966375,69.120217370192,0.0,0.0,101.0,238.0,50.0,-0.0150829562594268,0.1535493548211185,0.1535493548211185,-0.0012874541420085,-0.0070238234390367,-0.0240664333979284,-0.0300263265787261,61.77089949798801,0.1490683229813664,0.07546751491442538,0.07546751491442538,0.8604235615450228,True,train,1
atp:2026-03-04:348:A,atp,2026-03-04,2026-03-04,2026-03,A,Alexei Popyrin,Jenson Brooksby,Hard,,,,0.46257392,0.46257392,0.4405940594059406,2.2696629213483144,0.0,,,-0.0954361690955712,-0.0954361690955712,-0.1409866869062485,-0.1409866869062485,-0.0420635513571831,-97.33430235971332,-0.0,-0.0,85.0,-17.0,-3.0,-0.0,-0.1695902320082357,-0.1695902320082357,0.006620044729492,0.006620044729492,0.0200566334155242,0.0200566334155242,-61.52066826068835,-0.1284589997461284,0.02197986059405943,0.02197986059405943,0.8196313276690648,True,train,0
atp:2026-03-04:359:B,atp,2026-03-04,2026-03-04,2026-03,B,Alexis Galarneau,Gael Monfils,Hard,,,,0.30927813000000004,0.30927813000000004,0.3942307692307693,2.536585365853658,0.0,,,0.0176612555451129,0.024355883144178,-0.1652821637988603,-0.160946153706759,0.1017211486253232,-88.71745907633931,-0.0,-0.0,-177.0,-540.0,-137.0,-0.0,0.0200953243061438,-0.0231638398025042,0.0299250786942092,0.0292061601242936,0.0341218940914638,0.0197315049748723,-158.69995009822014,-0.3411602209944752,-0.08495263923076923,-0.08495263923076923,0.9308188324370646,True,train,0
atp:2026-03-04:370:B,atp,2026-03-04,2026-03-04,2026-03,B,Camilo Ugo Carabelli,Martin Damm,Hard,,,,0.42190737,0.42190737,0.3548387096774194,2.818181818181818,1.0,,,0.2234671183903561,0.2787405376436618,0.010478437005524,-0.052989958751496,0.2268205021934241,-81.63872779657368,0.0,0.0,51.0,698.0,125.0,-0.0237191650853889,-0.320260869024797,-0.4984615672916687,-0.0035155148109277,-0.0277578460329518,-0.1218527346241061,-0.1334732395997194,-94.36903371292168,-0.1722222222222222,0.06706866032258063,0.06706866032258063,1.0360919316867756,True,train,1
atp:2026-03-04:355:A,atp,2026-03-04,2026-03-04,2026-03,A,Damir Dzumhur,Jacob Fearnley,Hard,,,,0.45016408,0.45016408,0.4527363184079602,2.208791208791209,0.0,,,0.0176519236743373,0.0265751833221738,0.0064274132662958,-0.0167605711882473,-0.1381536413843918,-43.79624843024112,-0.0,-0.0,38.0,60.0,5.0,-0.002585790380979,0.1858096802826336,0.1202922572727677,0.0235682298965344,0.0450263662811696,0.0054217952229353,0.0029273792036694,-78.83961836408253,-0.0611299783883915,-0.00257223840796017,-0.00257223840796017,0.7924454015422258,True,train,0
atp:2026-03-04:387:B,atp,2026-03-04,2026-03-04,2026-03,B,Denis Shapovalov,Stefanos Tsitsipas,Hard,,,,0.48470899999999995,0.48470899999999995,0.42156862745098045,2.3720930232558137,1.0,,,0.1235197080246992,0.1244091729233637,0.0743740302061518,0.0780714137064824,0.0181848940687711,-26.826485135648458,0.0,0.0,-106.0,285.0,13.0,0.0255902151318674,-0.0316237965842705,-0.0316237965842705,0.0171451387028355,0.0156890781034313,-0.042114180621875,-0.0419912333581895,11.654830586638582,-0.1320754716981131,0.0631403725490195,0.0631403725490195,0.8637726975907085,True,train,1
atp:2026-03-04:375:B,atp,2026-03-04,2026-03-04,2026-03,B,Emilio Nava,Nuno Borges,Hard,,,,0.39331020000000005,0.39331020000000005,0.40776699029126207,2.452380952380953,0.0,,,-0.0935741004015537,-0.1011018664323455,0.0781784044090408,0.0338255815343254,-0.14204608253946,-93.72391449726,-0.0,-0.0,-110.0,-443.0,-41.0,0.0115960306238137,0.1054330329335893,0.0483580113189255,-0.0040663752067323,0.0150446282086711,-0.0237038138931603,0.0017479489663969,-87.62557256599848,-0.1314579886008457,-0.014456790291262012,-0.014456790291262012,0.8970593699462677,True,train,0
atp:2026-03-04:381:B,atp,2026-03-04,2026-03-04,2026-03,B,Francesco Maestrelli,Rinky Hijikata,Hard,,,,0.46951889999999996,0.46951889999999996,0.4250614250614251,2.352601156069364,0.0,,,-0.1014742207604537,-0.115180233127251,-0.0032038893058734,0.008081066279709,0.0983449077813708,37.49464071710031,-0.0,-0.0,-91.0,-107.0,-26.0,0.011181312335107,0.0349566682909747,0.0349566682909747,-0.0022137454114901,0.0034802736799897,0.0048266367088427,0.0083748472573118,6.029322919585184,-0.049645390070922,0.04445747493857488,0.04445747493857488,0.855521590944816,True,train,0
atp:2026-03-04:365:A,atp,2026-03-04,2026-03-04,2026-03,A,Karen Khachanov,Joao Fonseca,Hard,,,,0.5398736,0.5398736,0.4306930693069307,2.32183908045977,0.0,,,0.0076957286729374,-0.0687987203619686,0.0105242078375423,0.0382425678866633,0.2781348803570868,54.15298205195336,-0.0,-0.0,269.0,685.0,7.0,-0.0,0.1435520004168595,0.0536255175023615,0.0051390448616284,0.0100766154106181,0.0141504313917518,0.0213900068370114,6.041502111981799,0.0273647579879784,0.10918053069306927,0.10918053069306927,0.842359578746621,True,train,0
atp:2026-03-04:366:B,atp,2026-03-04,2026-03-04,2026-03,B,Matteo Arnaldi,Mackenzie Mcdonald,Hard,,,,0.5702575400000001,0.5702575400000001,0.40776699029126207,2.452380952380953,0.0,,,-0.094342076821552,-0.1009138853179714,0.1240935153819413,0.1170604903505216,-0.050108239450209,69.93916576220136,-0.0,-0.0,-76.0,327.0,53.0,0.0119020685197155,0.1078616118230298,0.1078616118230298,0.0192275887862107,0.0186652396400113,-0.0177222905343732,-0.0156668384907784,82.96860579985332,0.0290911911873084,0.162490549708738,0.162490549708738,0.8970593699462677,True,train,0
atp:2026-03-04:376:A,atp,2026-03-04,2026-03-04,2026-03,A,Nuno Borges,Valentin Vacherot,Hard,,,,0.42600182,0.42600182,0.4271604938271605,2.341040462427746,0.0,,,-0.0515583887162998,-0.0515583887162998,0.0599537975623808,0.0599537975623808,-0.0996530359432046,-52.52628902424067,-0.0,-0.0,119.0,-363.0,-16.0,-0.0218150087260034,-0.2071127573874238,-0.2071127573874238,-0.0026304485834387,-0.0026304485834387,-0.0219979418104105,-0.0219979418104105,-77.48614386751956,-0.0799319727891156,-0.0011586738271605057,-0.0011586738271605057,0.8505954726087603,True,train,0
atp:2026-03-04:378:A,atp,2026-03-04,2026-03-04,2026-03,A,Raphael Collignon,Joao Fonseca,Hard,,,,0.34847623,0.34847623,0.4222222222222223,2.3684210526315788,0.0,,,-0.1459237119473269,-0.2311909124773314,0.0439855168199713,0.0693314173101344,0.1034303933743068,-72.0265150448331,-0.0,-0.0,-39.0,-931.0,-61.0,-0.0,0.1782006982668716,0.0882742153523736,0.0095501154537159,0.0108292966038189,0.0044285668582321,0.0133612157599428,-65.54799811442217,-0.147912885662432,-0.07374599222222228,-0.07374599222222228,0.8622235106038793,True,train,0
atp:2026-03-04:346:B,atp,2026-03-04,2026-03-04,2026-03,B,Sebastian Korda,Alex De Minaur,Hard,,,,0.28529393999999997,0.28529393999999997,0.3908872901678657,2.558282208588957,0.0,,,-0.2261949566291163,-0.2261949566291163,0.1101296388628964,0.1101296388628964,-0.0460768991554139,-146.89066946117896,-0.0,-0.6000000000000001,-104.0,-2990.0,-41.0,0.0042152202060022,0.0530061855819636,0.0530061855819636,-0.0182679940951421,-0.0182679940951421,0.0192271166089119,0.0192271166089119,-127.2571485872786,-0.0273867595818815,-0.10559335016786575,-0.10559335016786575,0.9393360209920391,True,train,0
atp:2026-03-04:361:B,atp,2026-03-04,2026-03-04,2026-03,B,Terence Atmane,Grigor Dimitrov,Hard,,,,0.25827723999999996,0.25827723999999996,0.40776699029126207,2.452380952380953,0.0,,,0.1852159885274875,0.2707583001201141,-0.0130180740282632,-0.0188521109762483,-0.1554398498755731,-230.00750685924936,-0.0,-0.0,-226.0,-325.0,-19.0,-0.0,0.0404280743369283,0.0570431858111841,0.0155509595750273,0.0278548504810941,-0.0020600220883326,-0.0058600551908876,-235.4083328323779,-0.2839270568278202,-0.1494897502912621,-0.1494897502912621,0.8970593699462677,True,train,0
atp:2026-03-04:344:B,atp,2026-03-04,2026-03-04,2026-03,B,Zachary Svajda,Alejandro Davidovich Fokina,Hard,,,,0.20445645,0.20445645,0.4111922141119222,2.4319526627218933,0.0,,,0.0001268054495437,0.0008834543226157,-0.0956323997328425,-0.0917726855345657,-0.2659926084790711,-247.30979613508157,-0.0,-0.0,-255.0,-2154.0,-129.0,0.01896813353566,-0.3615445643483088,-0.3615445643483088,-0.003690596033027,-0.0033543980975888,-0.0458838353064965,-0.0457127669093265,-220.11489843638265,-0.2473684210526316,-0.20673576411192218,-0.20673576411192218,0.888694499573161,True,train,0
atp:2026-03-04:369:B,atp,2026-03-04,2026-03-04,2026-03,B,Zachary Svajda,Marin Cilic,Hard,,,,0.30353593999999995,0.30353593999999995,0.4356435643564357,2.295454545454545,1.0,,,0.0053121111982869,0.0077890438314131,-0.1739273477908184,-0.169711847633076,-0.1842821316111958,-195.459634003,0.0,0.0,-138.0,-334.0,-70.0,0.0,-0.2316415146621799,-0.2316415146621799,-0.0008098584634042,-5.9626121489964046e-05,-0.0339502121218527,-0.0335558295762381,-161.20284078582154,-0.2595238095238095,-0.13210762435643575,-0.13210762435643575,0.8309308829229981,True,train,1
challenger:2026-03-09:262:A,challenger,2026-03-09,2026-03-09,2026-03,A,Alec Beckley,Gabriele Pennaforti,Clay,Kigali 2 CH,2026-2915,Q1,0.3573473,0.2483660130718954,0.3549488054607508,2.625,0.0,bet365_via_sofascore,latest_pre_match_assumed,0.0511755901353145,0.0511755901353145,0.1084720796977946,0.1084720796977946,-0.287927927358945,-12.29409836723039,-0.0,-0.0,-28.0,-39.0,-238.0,-0.0868421052631579,-0.2221765600774674,-0.2882740679412233,-0.0002446487409321,-0.0002446487409321,-0.0627624111768464,-0.0627624111768464,8.809383148827237,-0.2083333333333333,0.002398494539249174,-0.1065827923888554,0.965080896043587,True,train,0
challenger:2026-03-09:189:B,challenger,2026-03-09,2026-03-09,2026-03,B,Alex Knaff,Lucas Poullain,Hard,Cherbourg CH,2026-0398,Q2,0.29747369999999995,0.24264705882352944,0.4233870967741936,2.2,0.0,bet365_via_sofascore,latest_pre_match_assumed,-0.0007421134861806,0.0240474935263089,0.1430959671429597,0.1873180967769249,-0.4608314819500046,-114.19601225219822,-0.0,-0.0,-95.0,-77.0,-335.0,-0.0381082665624389,-0.2020139101771464,-0.1852402128119336,-0.0201694579968216,-0.0230322454717514,-0.0367999280298632,-0.0218065835818375,-71.53864192656465,-0.0880062305295949,-0.12591339677419366,-0.18074003795066418,0.7884573603642703,True,train,0
challenger:2026-03-09:273:A,challenger,2026-03-09,2026-03-09,2026-03,A,Alex Rybakov,Ioannis Xilas,Hard,Hersonissos 2 CH,2026-2985,R32,0.51912814,0.437037037037037,0.391304347826087,2.38,1.0,bet365_via_sofascore,latest_pre_match_assumed,-0.0653084165529765,-0.0653084165529765,0.0583027316448965,0.0583027316448965,0.0461344443348154,-40.31826792171887,0.0,0.0,143.0,69.0,118.0,0.0,-0.3285799136515149,-0.3285799136515149,-0.0312072622056199,-0.0312072622056199,0.0182135075475941,0.0182135075475941,-47.54108284291169,0.0121212121212122,0.127823792173913,0.04573268921095003,0.8671004876833833,True,train,1
challenger:2026-03-09:252:A,challenger,2026-03-09,2026-03-09,2026-03,A,Alexander Donski,Max Houkes,Clay,Kigali 2 CH,2026-2915,R16,0.28462768,0.2222222222222222,0.375,2.5,0.0,bet365_via_sofascore,latest_pre_match_assumed,0.1217404558690855,-0.0132050303383567,-0.1650690626796291,-0.1567053878521889,-0.0753844479606756,-74.16826754585941,-0.0,-0.0,-49.0,-172.0,-431.0,0.0133333333333333,0.1155640851412899,-0.068885371206124,-0.0122453295985545,-0.0036017482352609,-0.0104127690314994,-0.0056254532634089,-81.70427508004377,-0.0652978172401035,-0.09037232,-0.1527777777777778,0.9162907318741551,True,train,0
challenger:2026-03-09:254:A,challenger,2026-03-09,2026-03-09,2026-03,A,Alexander Donski,Samuele Pieri,Clay,Kigali 2 CH,2026-2915,Q1,0.38826117,0.3263157894736842,0.3549488054607508,2.625,1.0,bet365_via_sofascore,latest_pre_match_assumed,-0.0932577098692247,-0.1369152763018554,-0.1396799617357831,-0.2076865319987947,0.1412556077727291,-11.84670405869224,0.0,0.0,46.0,-30.0,-154.0,-0.2121212121212121,0.0246694490479046,-0.0622847488701929,-0.0047570965679292,1.421053238970238e-05,-0.0361843571135883,-0.0394260766049017,2.9709509294843883,0.1293800539083558,0.033312364539249184,-0.02863301598706658,0.965080896043587,True,train,1
challenger:2026-03-09:225:A,challenger,2026-03-09,2026-03-09,2026-03,A,Andrej Martin,Jay Clarke,Clay,Kigali 2 CH,2026-2915,R16,0.4100552,0.3263157894736842,0.3538083538083538,2.63,1.0,bet365_via_sofascore,latest_pre_match_assumed,0.1440277765789749,-0.0517498574295876,-0.1469748421238542,-0.1423527595312812,0.2490671285501725,-24.21947079091342,0.0,0.0,-57.0,-181.0,-160.0,0.0178041543026706,0.1851406282496711,0.1897675626098094,0.0044138009900746,-0.0399297152905554,-0.0120347833821821,0.0095057399299732,-15.729817610727196,0.0579814189189188,0.056246846191646216,-0.027492564334669567,0.9669838461896731,True,train,1
challenger:2026-03-09:210:B,challenger,2026-03-09,2026-03-09,2026-03,B,Antoine Ghibaudo,Clement Tabur,Hard,Cherbourg CH,2026-0398,R16,0.3624735,0.38020833333333337,0.35380835380835374,2.63,0.0,bet365_via_sofascore,latest_pre_match_assumed,-0.1479902638368526,-0.148900125177114,0.0419651721026217,0.0294337690931252,0.0940210802177865,-90.8289756544018,-0.0,-0.0,-79.0,-152.0,-151.0,-0.0,-0.0690551121589034,-0.0690551121589034,0.0005177503966716,0.0025483421734687,-0.009567215311284,-0.0111968810698602,-90.26373712940108,0.0442501324854266,0.008665146191646267,0.026399979524979633,0.9669838461896731,True,train,0
challenger:2026-03-09:201:B,challenger,2026-03-09,2026-03-09,2026-03,B,August Holmgren,Remy Bertola,Hard,Cherbourg CH,2026-0398,R16,0.5317649,0.562962962962963,0.3913043478260869,2.38,0.0,bet365_via_sofascore,latest_pre_match_assumed,0.2169928395906953,0.2269913710444213,-0.0020711961447469,-0.0089647315063107,-0.0234420085267214,-14.559255534088834,-0.0,-0.0,-35.0,100.0,67.0,0.0046728971962616,-0.0975164983322161,-0.0975164983322161,-0.0398400750364039,-0.0377396242009379,0.0196850883670093,0.0185035193322357,-11.727113260814804,0.04826495398773,0.14046055217391307,0.17165861513687608,0.8671004876833833,True,train,0
challenger:2026-03-09:292:A,challenger,2026-03-09,2026-03-09,2026-03,A,Buvaysar Gadamauri,Daniel Rincon,Hard,Hersonissos 2 CH,2026-2985,R32,0.48759094,0.437037037037037,0.375,2.5,0.0,bet365_via_sofascore,latest_pre_match_assumed,0.0034817747767066,0.0054385536169517,0.1359212004182755,0.1191579110445513,-0.1659199532145674,36.75121562046661,-0.0,-0.0,-104.0,-128.0,-203.0,-0.0092592592592592,0.3799564379907987,0.1987487039472451,-0.0074628126856767,-0.0084291574305085,0.0586326966682261,0.0330483225701284,-17.401896736592562,0.0882429955485728,0.11259093999999997,0.062037037037037,0.9162907318741551,True,train,0
challenger:2026-03-09:329:B,challenger,2026-03-09,2026-03-09,2026-03,B,Cannon Kingsley,Nikolas Sanchez Izquierdo,Clay,Santiago CH,2026-3406,R32,0.43023974,0.3936170212765957,0.35380835380835374,2.63,0.0,bet365_via_sofascore,latest_pre_match_assumed,0.1559370468042127,-0.0059744236551816,0.1253159981333064,0.0917050377626321,0.0077366009993959,32.00686553628111,-0.0,-0.0,-129.0,-94.0,-232.0,-0.0,0.2185036757253996,0.0367522355748862,0.0424089707330381,0.0139665630863333,0.0535302376424979,0.0340110056081381,-80.09613465031748,0.084616672246401,0.07643138619164624,0.039808667468241965,0.9669838461896731,True,train,0
challenger:2026-03-09:206:B,challenger,2026-03-09,2026-03-09,2026-03,B,Cleeve Harper,Maxence Beauge,Hard,Cherbourg CH,2026-0398,Q1,0.31169789999999997,0.24264705882352944,0.39232409381663114,2.375,0.0,bet365_via_sofascore,latest_pre_match_assumed,0.0599281310409305,0.0582242974984118,0.0366414643023442,0.0367059308565903,0.1331301163846783,6.157335156934323,-0.0,-0.0,-9.0,-50.0,-564.0,0.0163934426229508,0.0346889043509556,0.0703140983227834,0.0228128671992596,0.0255797846566566,0.0039784250783149,-0.0132205682619936,26.93370909923715,-0.0081521739130434,-0.08062619381663116,-0.1496770349931017,0.8649974374866045,True,train,0
challenger:2026-03-09:178:B,challenger,2026-03-09,2026-03-09,2026-03,B,Clement Tabur,Kei Nishikori,Hard,Cherbourg CH,2026-0398,R32,0.37273219999999996,0.38020833333333337,0.375,2.5,1.0,bet365_via_sofascore,latest_pre_match_assumed,-0.010885070966232,-0.0087892564277513,0.0418132100387574,0.0554458553037432,-0.1936457798079816,-91.41281157552773,0.0,0.0,120.0,-105.0,-46.0,0.0,-0.1593446801994159,-0.1593446801994159,-0.0124970204408635,-0.0142927977945698,-0.0121395428415738,-0.0108982547090438,-74.6440045459974,-0.2780748663101604,-0.002267800000000042,0.00520833333333337,0.9162907318741551,True,train,1
challenger:2026-03-09:202:A,challenger,2026-03-09,2026-03-09,2026-03,A,Dan Added,Daniil Glinka,Hard,Cherbourg CH,2026-0398,R32,0.36328188,0.3076923076923077,0.375,2.5,1.0,bet365_via_sofascore,latest_pre_match_assumed,0.0860177095726545,0.0860177095726545,0.0281195920038338,0.0281195920038338,0.0445022786225248,-110.33248279862346,0.0,0.0,40.0,-4.0,-3.0,-0.0001342326923722,-0.0085989890149596,-0.0085989890149596,-0.0071312785337724,-0.0071312785337724,-0.0113498138607506,-0.0113498138607506,-102.45517173083432,-0.0859733906091522,-0.011718119999999999,-0.06730769230769229,0.9162907318741551,True,train,1
challenger:2026-03-09:176:B,challenger,2026-03-09,2026-03-09,2026-03,B,David Poljak,Kenny De Schepper,Hard,Cherbourg CH,2026-0398,Q1,0.32659996,0.3267326732673267,0.3373493975903614,2.75,0.0,bet365_via_sofascore,latest_pre_match_assumed,-0.1070741356850483,-0.110180420983362,0.0135291146917471,0.0153495345099173,0.1476156818392699,-90.54198032808222,-0.0,-0.0,-92.0,-30.0,-322.0,-0.0375469336670838,0.1301198707242475,0.0702455951413436,0.029056383285523,0.021015500592775,-0.0108314631698946,-0.0078157973895822,-61.86917508715169,-0.0762195121951219,-0.0107494375903614,-0.010616724323034732,1.0116009116784799,True,train,0
challenger:2026-03-09:278:B,challenger,2026-03-09,2026-03-09,2026-03,B,Federico Iannaccone,Benjamin Hassan,Hard,Hersonissos 2 CH,2026-2985,Q2,0.3448339,0.3267326732673267,0.4233870967741936,2.2,1.0,bet365_via_sofascore,latest_pre_match_assumed,0.1265580718969589,0.1310637180779841,-0.0147386306375087,-0.0244855462213617,-0.1831660508706312,-54.353694083669325,0.0,0.0,-180.0,-169.0,-459.0,0.1794871794871795,0.1536934462025761,0.143703087874527,0.0197683768412473,0.0344547985625376,0.0313609614147274,0.0474780005613003,-28.981354472510247,-0.1112591605596269,-0.07855319677419359,-0.09665442350686693,0.7884573603642703,True,train,1
challenger:2026-03-09:282:A,challenger,2026-03-09,2026-03-09,2026-03,A,Federico Iannaccone,Maxim Mrva,Hard,Hersonissos 2 CH,2026-2985,R16,0.3069003,0.2483660130718954,0.3373493975903614,2.75,0.0,bet365_via_sofascore,latest_pre_match_assumed,-0.0169382031637053,0.0017932818599438,0.0146429506582069,-0.0017100033439674,-0.4301929145964878,-138.5907989045245,-0.0,-0.0,5.0,-99.0,-369.0,0.1794871794871795,-0.1017612803698785,-0.1117516386979276,-0.0003337274698804,0.017576573262982,0.0354398184454167,0.0514644851230331,-68.55739682992271,-0.0964912280701754,-0.030449097590361407,-0.08898338451846602,1.0116009116784799,True,train,0
challenger:2026-03-09:245:B,challenger,2026-03-09,2026-03-09,2026-03,B,Filip Cristian Jianu,Zdenek Kolar,Clay,Kigali 2 CH,2026-2915,QF,0.34658259999999996,0.3267326732673267,0.4240837696335078,2.2,0.0,bet365_via_sofascore,latest_pre_match_assumed,-0.0699222707591031,-0.0634914374711941,0.0197817033615796,-0.0355510252951356,0.2786369005325204,-88.886389554998,-0.0,-0.0,-65.0,-137.0,-102.0,-0.0084646277417361,0.0744985643473014,-0.1533112938801002,-0.0049261748586171,-0.0361016404412758,-0.0252306648014173,0.0034075395322434,-127.7155537147271,-0.064208808111247,-0.07750116963350784,-0.09735109636618111,0.7884573603642703,True,train,0
challenger:2026-03-09:222:A,challenger,2026-03-09,2026-03-09,2026-03,A,Filippo Romano,Raphael Perot,Hard,Cherbourg CH,2026-0398,R32,0.43449336,0.4137931034482758,0.4240837696335078,2.2,1.0,bet365_via_sofascore,latest_pre_match_assumed,0.0221353785837382,-0.009139202125716,0.0336609716117837,0.0869691967233148,-0.4197600188728836,-47.720285501253784,0.0,0.0,31.0,-50.0,-167.0,0.0,0.1609815359382231,0.1156396484937402,-0.013574121098044,0.006341825235171,-0.0089726782649226,-0.01077563311372,8.666970901750119,0.0576923076923077,0.010409590366492194,-0.010290666185232,0.7884573603642703,True,train,1
challenger:2026-03-09:308:A,challenger,2026-03-09,2026-03-09,2026-03,A,Franco Agamenone,Guido Ivan Justo,Clay,Santiago CH,2026-3406,R32,0.38507247,0.3263157894736842,0.375,2.5,1.0,bet365_via_sofascore,latest_pre_match_assumed,-0.1958005364134059,-0.1958005364134059,-0.0601208757269805,-0.0601208757269805,-0.09434174892918,-83.4460214852661,0.0,0.0,118.0,22.0,46.0,-0.0988165680473372,-0.5164578913228055,-0.5164578913228055,-0.0666216974460425,-0.0666216974460425,-0.0375243840176954,-0.0375243840176954,-87.58383355511592,-0.0264860587441232,0.01007247,-0.048684210526315774,0.9162907318741551,True,train,1
challenger:2026-03-09:309:A,challenger,2026-03-09,2026-03-09,2026-03,A,Franco Agamenone,Gonzalo Bueno,Clay,Santiago CH,2026-3406,R16,0.39232925,0.3263157894736842,0.375,2.5,0.0,bet365_via_sofascore,latest_pre_match_assumed,-0.0564140544603947,-0.0564140544603947,0.0491697049347699,0.0491697049347699,-0.1239743722591569,-66.87497035200022,-0.0,-0.0,51.0,-121.0,-119.0,-0.0849261419266953,-0.2210069628484629,-0.2210069628484629,-0.0150341349155014,-0.0150341349155014,0.0184314278932392,0.0184314278932392,-70.22612884923319,0.0451946032979845,0.017329250000000018,-0.048684210526315774,0.9162907318741551,True,train,0
challenger:2026-03-09:263:B,challenger,2026-03-09,2026-03-09,2026-03,B,Gabriele Pennaforti,Sean Cuenin,Clay,Kigali 2 CH,2026-2915,R32,0.61069113,0.6736842105263158,0.35380835380835374,2.63,0.0,bet365_via_sofascore,latest_pre_match_assumed,0.0627001592468254,0.0603050752413168,-0.1065322095921479,-0.0100469263366483,-0.1715315321005143,63.16622281656896,-0.0,-0.0,19.0,-10.0,-42.0,-0.0015299877600979,0.1735737639067333,0.1806453150590642,0.0715659106497516,0.0539249417232017,0.0195848726252657,0.0229229296517522,18.284300839561183,0.1568627450980391,0.25688277619164623,0.31987585671796204,0.9669838461896731,True,train,0
challenger:2026-03-09:270:B,challenger,2026-03-09,2026-03-09,2026-03,B,Gabriele Piraino,Kimmer Coppejans,Hard,Hersonissos 2 CH,2026-2985,R32,0.3525461,0.3267326732673267,0.35380835380835374,2.63,0.0,bet365_via_sofascore,latest_pre_match_assumed,0.1473858240949567,0.1664149444753507,0.0423315134231906,0.034251006936117,0.0889578938629854,-96.30413197589564,-0.0,-0.0,-149.0,-97.0,-108.0,0.0122448979591836,-0.0103663533937135,-0.0103663533937135,-0.0194818667479298,-0.0215798381157644,-0.0057909135378503,-0.0017973292350198,-53.34737061682881,-0.1642831171979153,-0.0012622538083537638,-0.027075680541027047,0.9669838461896731,True,train,0
challenger:2026-03-09:207:B,challenger,2026-03-09,2026-03-09,2026-03,B,Gauthier Onclin,Jurij Rodionov,Hard,Cherbourg CH,2026-0398,QF,0.29335206999999996,0.24264705882352944,0.35380835380835374,2.63,0.0,bet365_via_sofascore,latest_pre_match_assumed,-0.0542123278372051,-0.0325424984431225,-0.0755117871322691,-0.0626990866953216,-0.0254866966190866,-152.4779470052731,-0.0,-0.0,-132.0,-129.0,-92.0,-0.0,-0.3871545384268176,-0.3871545384268176,-0.0095623347861005,-0.015225179527757,-0.0590528529271642,-0.0583479862978992,-206.0219497700859,-0.1002403846153846,-0.06045628380835377,-0.1111612949848243,0.9669838461896731,True,train,0
challenger:2026-03-09:321:B,challenger,2026-03-09,2026-03-09,2026-03,B,Genaro Alberto Olivieri,Nicolas Moreno De Alboran,Clay,Santiago CH,2026-3406,QF,0.5939742,0.6736842105263158,0.3373493975903614,2.75,1.0,bet365_via_sofascore,latest_pre_match_assumed,-0.0431926674073602,0.0507842211258396,-0.0836850783710982,-0.126688084756421,-0.0276840339260451,-128.11309204736494,0.0,0.0,73.0,201.0,467.0,-0.008,-0.2081373223316863,-0.0990751995594318,-0.0297875581626294,-0.0177992187750594,0.0245563883076486,0.028666063616157,-29.681857852659277,-0.0947412942337515,0.2566248024096386,0.33633481293595435,1.0116009116784799,True,train,1
challenger:2026-03-09:314:B,challenger,2026-03-09,2026-03-09,2026-03,B,Gianluca Cadenasso ,Thiago Monteiro,Clay,Santiago CH,2026-3406,R32,0.31945860000000004,0.3267326732673267,0.3373493975903614,2.75,0.0,bet365_via_sofascore,latest_pre_match_assumed,-0.0963931428877785,-0.0963931428877785,-0.1639145505327289,-0.1639145505327289,0.4061850864786986,-90.88951495874085,-0.0,-0.0,-127.0,-138.0,-115.0,-0.0059523809523809,-0.1693207947007754,-0.1693207947007754,0.0467922076298574,0.0467922076298574,-0.0589719474284068,-0.0589719474284068,-104.57927321257556,-0.1351845085860431,-0.017890797590361385,-0.010616724323034732,1.0116009116784799,True,train,0
challenger:2026-03-09:295:B,challenger,2026-03-09,2026-03-09,2026-03,B,Giles Hussey,Harry Wendelken,Hard,Hersonissos 2 CH,2026-2985,R32,0.45011692999999997,0.5172413793103448,0.4109947643979057,2.25,0.0,bet365_via_sofascore,latest_pre_match_assumed,0.0137189543570633,0.0137189543570633,-0.0246584268929532,-0.0246584268929532,-0.1880762941464324,-74.91337562453805,-0.0,-0.0,15.0,-14.0,-17.0,-0.0069989890349171,-0.0542360943206684,-0.0542360943206684,-0.0028317334290918,-0.0028317334290918,0.0591366531331493,0.0591366531331493,-76.87292852764472,-0.0585734529995276,0.03912216560209425,0.10624661491243903,0.8109302162163288,True,train,0
challenger:2026-03-09:240:A,challenger,2026-03-09,2026-03-09,2026-03,A,Guy Orly Iradukunda,S D Prajwal Dev,Clay,Kigali 2 CH,2026-2915,Q1,0.29089937,0.2483660130718954,0.3549488054607508,2.625,1.0,bet365_via_sofascore,latest_pre_match_assumed,0.2714544955146631,0.4275263672797205,-0.1287426317786134,0.1064757512753811,0.0141153098411473,57.0535389652639,0.0,0.0,-28.0,-53.0,-770.0,0.0,-0.2053818583734047,0.1407544225379646,-0.0655856696559366,-0.0534508259951403,-0.0358509880758936,0.0424459094249972,53.213928297107486,-0.0727272727272727,-0.06404943546075081,-0.1065827923888554,0.965080896043587,True,train,1
challenger:2026-03-09:241:A,challenger,2026-03-09,2026-03-09,2026-03,A,Guy Orly Iradukunda,Stefan Latinovic,Clay,Kigali 2 CH,2026-2915,Q2,0.584882,0.6197916666666666,0.3373493975903614,2.75,1.0,bet365_via_sofascore,latest_pre_match_assumed,0.3161606866297891,0.5173187922054281,-0.0826106833503033,-0.0687937444938437,-0.2191448007774538,36.641892000111966,0.0,0.0,-7.0,1.0,149.0,0.0,-0.0180003235305336,0.0746569146742087,-0.0116944132847543,-0.0023025783741942,-0.0006774843692312,-0.0080089780637497,25.25893510911783,0.0333333333333333,0.2475326024096386,0.2824422690763052,1.0116009116784799,True,train,1
challenger:2026-03-09:298:B,challenger,2026-03-09,2026-03-09,2026-03,B,Jack Loge,Daniel Siniakov,Hard,Hersonissos 2 CH,2026-2985,Q1,0.69510496,0.7516339869281046,0.4112149532710281,2.25,1.0,bet365_via_sofascore,latest_pre_match_assumed,0.0207623467416389,0.0207623467416389,-0.1047876627232439,-0.1047876627232439,0.3304178814382896,147.03002446403502,0.0,0.0,-7.0,33.0,145.0,-0.0111111111111111,0.4019808323900184,-0.1695821185617104,0.0647710920257743,0.0647710920257743,0.0477153243020336,0.0477153243020336,-6.367530949111824,0.3680555555555556,0.2838900067289719,0.3404190336570765,0.8109302162163288,True,train,1
challenger:2026-03-09:285:A,challenger,2026-03-09,2026-03-09,2026-03,A,Jacopo Berrettini,Tom Gentzsch,Hard,Hersonissos 2 CH,2026-2985,R32,0.34954274,0.2483660130718954,0.391304347826087,2.38,0.0,bet365_via_sofascore,latest_pre_match_assumed,0.0301355108733755,0.0575422444707197,-0.1771935629473546,-0.2020136660413514,-0.4558633130378532,-171.42465463219264,-0.0,-0.0,44.0,-6.0,-12.0,0.0108695652173913,-0.3990202378666962,-0.3990202378666962,0.0189574115284323,0.0212272964866924,-0.0679158947547843,-0.0700895910423055,-204.80579001926367,-0.0861344537815125,-0.041761607826086955,-0.14293833475419157,0.8671004876833833,True,train,0
challenger:2026-03-09:181:A,challenger,2026-03-09,2026-03-09,2026-03,A,Jelle Sels,Geoffrey Blancaneaux,Hard,Cherbourg CH,2026-0398,R32,0.44927424,0.437037037037037,0.3373493975903614,2.75,0.0,bet365_via_sofascore,latest_pre_match_assumed,-0.0130346081529763,-0.0238548023640645,-0.1083239771623567,-0.1191407977617982,0.2225453630245907,-68.85197490814858,-0.0,-0.0,-65.0,-65.0,-81.0,-0.0040310077519379,-0.0410182575154483,-0.0410182575154483,0.0291880768551838,0.0351417157884481,-0.0130546296484801,-0.007314469701297,15.730444174138484,0.0171371660141493,0.11192484240963857,0.09968763944667558,1.0116009116784799,True,train,0
challenger:2026-03-09:306:B,challenger,2026-03-09,2026-03-09,2026-03,B,Juan Pablo Ficovich,Facundo Mena,Clay,Santiago CH,2026-3406,R32,0.5629514,0.562962962962963,0.4240837696335078,2.2,0.0,bet365_via_sofascore,latest_pre_match_assumed,0.1047177234435869,0.0289865029118721,0.121145945933093,0.0531760325048924,-0.0811842665177965,-70.98605821534943,-0.0,-0.0,39.0,212.0,163.0,-0.0,-0.0065069285337618,-0.1541278117083598,0.0171010834857751,0.017758552161988,0.0220802644144745,0.0085049105064299,-58.42139484005429,-0.0458515283842795,0.1388676303664922,0.1388791933294552,0.7884573603642703,True,train,0
challenger:2026-03-09:269:A,challenger,2026-03-09,2026-03-09,2026-03,A,Kimmer Coppejans,Stefan Dostanic,Hard,Hersonissos 2 CH,2026-2985,QF,0.50957763,0.437037037037037,0.4240837696335078,2.2,0.0,bet365_via_sofascore,latest_pre_match_assumed,-0.1080455248640663,-0.1119322622363814,0.0795734859507872,0.0842019232062807,0.1698119454302669,-38.34732583460459,-0.0,-0.0,159.0,178.0,354.0,-0.0122448979591836,-0.2418466508748807,-0.2418466508748807,-0.0368474634983712,-0.035892501983466,-0.0534835477578673,-0.0533695652496122,-76.90058554376219,-0.0802270179372197,0.0854938603664922,0.0129532674035292,0.7884573603642703,True,train,0
challenger:2026-03-09:267:A,challenger,2026-03-09,2026-03-09,2026-03,A,Lorenzo Giustino,Paul Jubb,Hard,Hersonissos 2 CH,2026-2985,QF,0.62413,0.6197916666666666,0.4240837696335078,2.2,0.0,bet365_via_sofascore,latest_pre_match_assumed,0.1464415822052264,0.1391145560932236,-0.045312024974278,0.0661248527358976,0.01654074215594,122.75717224215872,-0.0,-0.0,138.0,147.0,168.0,-0.0036231884057971,0.2562500044978148,0.2562500044978148,-0.0053940437272846,-0.0116138627509237,0.0199254163584758,0.0258945707062613,52.3579254649012,-0.0953488372093023,0.20004623036649216,0.19570789703315883,0.7884573603642703,True,train,0
challenger:2026-03-09:190:A,challenger,2026-03-09,2026-03-09,2026-03,A,Lucas Poullain,Gauthier Onclin,Hard,Cherbourg CH,2026-0398,R16,0.58592874,0.6197916666666666,0.3373493975903614,2.75,0.0,bet365_via_sofascore,latest_pre_match_assumed,0.1479017879560812,0.1262319585619986,0.0771926142669391,0.0643799138299915,-0.075920395829168,61.48153165647341,-0.0,-0.0,-21.0,-83.0,-140.0,-0.0084033613445378,0.5220960725850412,0.5220960725850412,0.0171060710853329,0.0227689158269894,0.098263356679335,0.0975584900500701,100.3145225531166,0.0202978971962616,0.24857934240963853,0.2824422690763052,1.0116009116784799,True,train,0
challenger:2026-03-09:236:A,challenger,2026-03-09,2026-03-09,2026-03,A,Marco Cecchinato,Arthur Gea,Clay,Kigali 2 CH,2026-2915,SF,0.55757046,0.6063829787234043,0.3373493975903614,2.75,1.0,bet365_via_sofascore,latest_pre_match_assumed,-0.1858415217917471,-0.1510970348991175,-0.107489820284143,-0.0245648293014156,0.039269916219699,1.7568053849272474,0.0,0.0,110.0,18.0,16.0,0.0896103087649402,-0.2630886967092748,-0.0046481742630378,-0.0004196450020292,-0.0027338726091584,-0.0034494272915676,0.0170188323661624,79.70150761307082,0.0942667145938174,0.22022106240963857,0.2690335811330429,1.0116009116784799,True,train,1
challenger:2026-03-09:228:A,challenger,2026-03-09,2026-03-09,2026-03,A,Marco Trungelliti,Zdenek Kolar,Clay,Kigali 2 CH,2026-2915,SF,0.59489757,0.6197916666666666,0.3538083538083538,2.63,1.0,bet365_via_sofascore,latest_pre_match_assumed,0.0154623082963503,0.0321147789308693,0.0310322771682208,-0.0224164602435239,0.1432434180466967,98.2281805088744,0.0,0.0,-77.0,141.0,47.0,-0.000583386176284,0.1881768127682312,-0.0319990753223501,0.0110581135572057,-0.0182400113680149,-0.0306356291899918,0.0007414431773116,89.56711441903371,0.0808362369337979,0.2410892161916462,0.26598331285831284,0.9669838461896731,True,train,1
challenger:2026-03-09:217:A,challenger,2026-03-09,2026-03-09,2026-03,A,Martin Krumich,Murphy Cassone,Hard,Cherbourg CH,2026-0398,R32,0.40710282,0.3263157894736842,0.375,2.5,0.0,bet365_via_sofascore,latest_pre_match_assumed,-0.1059977733647068,-0.1020948905143643,-0.1562142794201579,-0.1647241382086477,-0.0270280160554456,-24.679127665508076,-0.0,-0.0,-14.0,-126.0,-132.0,0.0080250783699059,0.1679355826444976,0.1679355826444976,0.0065579200589999,0.000230823489734,0.0125810733076571,0.0111027585755134,-59.11485575633901,-0.1305410691003911,0.032102819999999976,-0.048684210526315774,0.9162907318741551,True,train,0
challenger:2026-03-09:323:B,challenger,2026-03-09,2026-03-09,2026-03,B,Matias Soto,Nicolas Moreno De Alboran,Clay,Santiago CH,2026-3406,R32,0.44942534,0.5172413793103448,0.3373493975903614,2.75,0.0,bet365_via_sofascore,latest_pre_match_assumed,-0.1700418387467518,-0.0089094548337553,-0.0986408541026116,-0.0807036842285061,0.1010381685766992,-206.5358977702529,-0.0,-0.0,-60.0,76.0,302.0,-0.0,-0.2247274456848838,-0.0524480872545253,-0.0479108835315123,-0.0284296026951183,-0.0730323050449881,-0.0680489439116593,-61.57410026342518,-0.1379098675124047,0.11207594240963858,0.17989198171998333,1.0116009116784799,True,train,0
challenger:2026-03-09:218:A,challenger,2026-03-09,2026-03-09,2026-03,A,Matt Ponchet,Antoine Ghibaudo,Hard,Cherbourg CH,2026-0398,Q2,0.19793066,0.1388888888888889,0.3373493975903614,2.75,0.0,bet365_via_sofascore,latest_pre_match_assumed,0.1596491164850232,0.1596491164850232,-0.1164886583777975,-0.1164886583777975,-0.1652637394409657,-95.17065540011072,-0.0,-0.0,-74.0,-112.0,-499.0,-0.0,0.0725396158628907,0.0725396158628907,0.1152527229901121,0.1152527229901121,-0.1109694308344179,-0.1109694308344179,-70.90622489418297,-0.5540540540540541,-0.1394187375903614,-0.19846050870147253,1.0116009116784799,True,train,0
challenger:2026-03-09:219:A,challenger,2026-03-09,2026-03-09,2026-03,A,Matt Ponchet,Matisse Bobichon,Hard,Cherbourg CH,2026-0398,Q1,0.33465716,0.2483660130718954,0.3549488054607508,2.625,1.0,bet365_via_sofascore,latest_pre_match_assumed,0.0508655762070804,0.0508655762070804,-0.1859344478446696,-0.1859344478446696,0.0,-63.95466759559258,0.0,0.0,-11.0,-21.0,-172.0,0.0,-0.1829151107095639,-0.1829151107095639,0.0829891290730577,0.0829891290730577,-0.0985957027003056,-0.0985957027003056,-59.02534290269932,-0.6363636363636364,-0.020291645460750796,-0.1065827923888554,0.965080896043587,True,train,1
challenger:2026-03-09:194:A,challenger,2026-03-09,2026-03-09,2026-03,A,Matteo Martineau,Pavel Kotov,Hard,Cherbourg CH,2026-0398,R16,0.424804,0.3636363636363636,0.3373493975903614,2.75,0.0,bet365_via_sofascore,latest_pre_match_assumed,-0.011864511509907,-0.0146317356390852,-0.061369143905242,-0.0612074230145759,0.098863236400235,-120.44133487106568,-0.0,-0.0,116.0,65.0,144.0,-0.0,-0.3628329483016692,-0.3628329483016692,-0.0228301810070296,-0.0224596975720607,-0.055108682989496,-0.0552137018460185,-68.7279233768827,-0.094089552238806,0.0874546024096386,0.02628696604600217,1.0116009116784799,True,train,0
challenger:2026-03-09:231:B,challenger,2026-03-09,2026-03-09,2026-03,B,Max Houkes,Marco Trungelliti,Clay,Kigali 2 CH,2026-2915,QF,0.27977359999999996,0.24264705882352944,0.35380835380835374,2.63,0.0,bet365_via_sofascore,latest_pre_match_assumed,-0.1590907132442697,-0.0780244308160681,0.1208309398563519,0.0425767035209295,-0.134407275511419,-226.89333514168607,-0.0,-0.0,-108.0,-247.0,-116.0,-0.0007017543859649,-0.3314870040259136,-0.2416257157334174,-0.0216105807338702,-0.0273601956542828,-0.0139555759087457,-0.0247234792017922,-228.87915728291773,-0.1196078431372548,-0.07403475380835378,-0.1111612949848243,0.9669838461896731,True,train,0
challenger:2026-03-09:255:B,challenger,2026-03-09,2026-03-09,2026-03,B,Max Houkes,Luka Pavlovic,Clay,Kigali 2 CH,2026-2915,R32,0.40546507,0.38020833333333337,0.35380835380835374,2.63,1.0,bet365_via_sofascore,latest_pre_match_assumed,-0.2758637117388884,-0.0916122351878578,0.0987286796646464,0.0490168709478185,-0.1071884654304034,-106.22585322702594,0.0,0.0,35.0,-41.0,-29.0,-0.0133333333333333,-0.1587547460684983,-0.0972955631907527,0.0419670716390543,0.0219241903529843,-9.764600092787568e-05,-0.0202380022424072,-84.08955157261448,-0.1166227685103891,0.051656716191646246,0.026399979524979633,0.9669838461896731,True,train,1
challenger:2026-03-09:205:A,challenger,2026-03-09,2026-03-09,2026-03,A,Maxence Beauge,Niels Visker,Hard,Cherbourg CH,2026-0398,Q2,0.43868586,0.437037037037037,0.3549488054607508,2.625,0.0,bet365_via_sofascore,latest_pre_match_assumed,-0.0744608481755268,-0.0597257746547238,-0.114469708266899,-0.0952239262324017,-0.0997148538029139,-138.1770404901074,-0.0,-0.0,-1.0,13.0,84.0,0.0244228839076614,-0.450889199701767,-0.4342740882275111,0.0186420168987992,0.0097400715764935,-0.0629854067520554,-0.0448356064375689,-150.71694085951026,-0.2026515151515151,0.08373705453924918,0.0820882315762862,0.965080896043587,True,train,0
challenger:2026-03-09:268:B,challenger,2026-03-09,2026-03-09,2026-03,B,Maxim Mrva,Dimitar Kuzmanov,Hard,Hersonissos 2 CH,2026-2985,R32,0.34001446,0.3267326732673267,0.4109947643979057,2.25,1.0,bet365_via_sofascore,latest_pre_match_assumed,-0.0205661270121517,-0.0221473979431107,-0.0745019975697995,-0.0742986913072476,0.3983262021631867,-29.23493472056134,0.0,0.0,-199.0,-60.0,-81.0,0.0191387559808612,-0.1369323568680818,-0.1369323568680818,-0.0371459771871958,-0.0368493758225887,-0.0737494509163899,-0.0739844449010588,-68.94381523777975,-0.0697211155378486,-0.0709803043979057,-0.08426209113057903,0.8109302162163288,True,train,1
challenger:2026-03-09:233:A,challenger,2026-03-09,2026-03-09,2026-03,A,Maximilian Neuchrist,Florent Bax,Clay,Kigali 2 CH,2026-2915,R32,0.4410035,0.437037037037037,0.4109947643979057,2.25,1.0,bet365_via_sofascore,latest_pre_match_assumed,-0.1603579649648578,-0.2120041647780423,0.1691005231586774,0.1647844026673701,0.2351056216144839,11.21704367362304,0.0,0.0,64.0,-113.0,-262.0,0.0157068062827225,-0.0277710942374507,0.0627338455642885,-0.0061446882659272,-0.0236732026838908,0.0457314243475069,0.0479684040213899,14.856310193687932,0.0623342175066313,0.030008735602094272,0.02604227263913128,0.8109302162163288,True,train,1
challenger:2026-03-09:271:A,challenger,2026-03-09,2026-03-09,2026-03,A,Michael Geerts,Stefan Dostanic,Hard,Hersonissos 2 CH,2026-2985,R16,0.5081121,0.437037037037037,0.375,2.5,0.0,bet365_via_sofascore,latest_pre_match_assumed,-0.170070360700467,-0.170070360700467,0.1887207906487525,0.1887207906487525,-0.0320178495604861,-46.473087726105405,-0.0,-0.0,219.0,115.0,292.0,-0.011049723756906,-0.2959080380780436,-0.2959080380780436,-0.0928027018736138,-0.0928027018736138,-0.052622635179156,-0.052622635179156,-69.81773384555436,-0.1111417844522968,0.13311209999999996,0.062037037037037,0.9162907318741551,True,train,0
challenger:2026-03-09:307:B,challenger,2026-03-09,2026-03-09,2026-03,B,Nikolas Sanchez Izquierdo,Facundo Mena,Clay,Santiago CH,2026-3406,R16,0.45648809999999995,0.5535714285714286,0.3913043478260869,2.38,1.0,bet365_via_sofascore,latest_pre_match_assumed,0.0760180854626615,0.0279133611343938,-0.1524832972558613,-0.1579060652162366,0.0116335717474869,-83.4600117712655,0.0,0.0,3.0,12.0,17.0,0.0,-0.082870969664919,-0.1656946760512977,0.0231208885777554,0.0181541856169218,-0.0001581831951693,0.0129032426766069,-85.92625915812437,-0.1061963559704864,0.06518375217391303,0.16226708074534169,0.8671004876833833,True,train,1
challenger:2026-03-09:220:A,challenger,2026-03-09,2026-03-09,2026-03,A,Patrick Brady,Filippo Romano,Hard,Cherbourg CH,2026-0398,R16,0.40129086,0.3263157894736842,0.4109947643979057,2.25,0.0,bet365_via_sofascore,latest_pre_match_assumed,0.0477683023400495,0.1222734825292138,-0.0074290979532732,-0.0836317917661292,0.2416937500518466,65.68140883092929,-0.0,-0.0,2.0,-50.0,-430.0,-0.0,-0.0513765243392838,-0.0694503172159834,-0.0129388160249318,-0.0248630740652232,0.0335262721536269,0.0229166691443751,-6.484398602739702,0.1801125703564727,-0.009703904397905694,-0.0846789749242215,0.8109302162163288,True,train,0
challenger:2026-03-09:186:B,challenger,2026-03-09,2026-03-09,2026-03,B,Pavel Kotov,Borna Gojo,Hard,Cherbourg CH,2026-0398,SF,0.37655883999999995,0.38020833333333337,0.4109947643979057,2.25,1.0,bet365_via_sofascore,latest_pre_match_assumed,-0.1526615441820794,-0.1498943200529012,0.1257236018299129,0.1255618809392468,-0.1817981064007925,-68.4117317370708,0.0,0.0,-48.0,-82.0,-170.0,0.0,-0.1164561911695676,-0.1164561911695676,-0.0064890183012164,-0.0068595017361853,0.0141979887993992,0.0143030076559218,-97.95626719104688,-0.0223060521567983,-0.03443592439790577,-0.03078643106457235,0.8109302162163288,True,train,1
challenger:2026-03-09:198:A,challenger,2026-03-09,2026-03-09,2026-03,A,Pavel Kotov,Clement Chidekh,Hard,Cherbourg CH,2026-0398,R32,0.39312154,0.3263157894736842,0.4240837696335078,2.2,1.0,bet365_via_sofascore,latest_pre_match_assumed,-0.0422889885038645,-0.0395217643746864,0.1433779908507556,0.1432162699600895,-0.26250814042718,-48.70392166365696,0.0,0.0,19.0,-124.0,-217.0,0.0045045045045045,0.1782006982668715,0.1782006982668715,-0.0183843965006602,-0.0187548799356291,0.0516716210985803,0.0517766399551029,-84.35373826813384,0.008176508760545,-0.03096222963350781,-0.09776798015982358,0.7884573603642703,True,train,1
challenger:2026-03-09:333:A,challenger,2026-03-09,2026-03-09,2026-03,A,Pedro Boscardin Dias,Gonzalo Bueno,Clay,Santiago CH,2026-3406,QF,0.43533325,0.437037037037037,0.4109947643979057,2.25,1.0,bet365_via_sofascore,latest_pre_match_assumed,-0.0617111999467986,-0.0746123556415205,0.0873602106173535,0.0866947017849066,0.1310239920147019,-40.04267138264049,0.0,0.0,12.0,-74.0,-60.0,0.0066573606786212,0.0594171659792029,0.0594171659792029,-0.0172341948576815,-0.0147354626244587,0.0121503540145392,0.0125819923048982,-30.7206824232328,-0.0052118586706376,0.024338485602094284,0.02604227263913128,0.8109302162163288,True,train,1
challenger:2026-03-09:335:A,challenger,2026-03-09,2026-03-09,2026-03,A,Pedro Boscardin Dias,Henrique Rocha,Clay,Santiago CH,2026-3406,SF,0.35182104,0.2483660130718954,0.3373493975903614,2.75,0.0,bet365_via_sofascore,latest_pre_match_assumed,-0.056078083227941,-0.0861786702901583,0.114199279371813,0.1403518064141844,0.1707605757737844,-68.32397708830285,-0.0,-0.0,46.0,-197.0,-117.0,-0.0149253731343283,-0.218599623861922,-0.2966739182139233,0.0040749938256605,-0.0043786921364849,-0.0858977207834966,-0.0727690845564732,-47.187070896507976,0.0039155600953353,0.014471642409638552,-0.08898338451846602,1.0116009116784799,True,train,0
challenger:2026-03-09:284:A,challenger,2026-03-09,2026-03-09,2026-03,A,Petros Tsitsipas,Max Wiskandt,Hard,Hersonissos 2 CH,2026-2985,Q1,0.21275617,0.1388888888888889,0.3373493975903614,2.75,0.0,bet365_via_sofascore,latest_pre_match_assumed,-0.0492627340080253,0.0321694578621912,-0.0034465377602079,-0.0139113425566754,-0.2545538859892361,-164.922966600049,-0.0,-0.0,-47.0,-73.0,-383.0,-0.0,-0.2020139101771464,-0.2020139101771464,-0.023457356768484,-0.0181462941353282,-0.080440080031125,-0.0836150639950316,-110.71330109517612,-0.3109848484848485,-0.12459322759036143,-0.19846050870147253,1.0116009116784799,True,train,0
challenger:2026-03-09:229:B,challenger,2026-03-09,2026-03-09,2026-03,B,Pol Martin Tiffon,Marco Trungelliti,Clay,Kigali 2 CH,2026-2915,R32,0.24705659999999996,0.24264705882352944,0.35380835380835374,2.63,0.0,bet365_via_sofascore,latest_pre_match_assumed,-0.1468787853498778,-0.169563159838065,-0.1278246473625811,-0.0904660515510093,0.0457783889414959,-109.82579677539638,-0.0,-0.0,-96.0,-341.0,-250.0,0.0126315789473684,-0.0816754248804207,-0.1963757289149109,-0.0203531021158327,-0.0565903507070167,0.0053642858000774,-0.0464249208743943,-256.8361965179188,-0.1175438596491227,-0.10675175380835378,-0.1111612949848243,0.9669838461896731,True,train,0
challenger:2026-03-09:235:B,challenger,2026-03-09,2026-03-09,2026-03,B,Sandro Kopp,Marco Cecchinato,Clay,Kigali 2 CH,2026-2915,R16,0.34759384000000004,0.3267326732673267,0.3549488054607508,2.625,0.0,bet365_via_sofascore,latest_pre_match_assumed,0.215915017443977,0.298292801848749,0.0806356252077832,0.0415292872476928,-0.0706724243302797,-155.85068419529057,-0.0,-0.0,-130.0,-71.0,-74.0,0.0063342137069698,-0.2373596937928553,-0.0598530356800044,-0.0304366102710858,-0.0040070753758392,0.0031663072286377,-0.0008219155911584,-116.73882255342392,-0.136849132176235,-0.007354965460750762,-0.028216132193424115,0.965080896043587,True,train,0
challenger:2026-03-09:296:A,challenger,2026-03-09,2026-03-09,2026-03,A,Stefan Dostanic,Toby Samuel,Hard,Hersonissos 2 CH,2026-2985,SF,0.32135314,0.2483660130718954,0.3538083538083538,2.63,0.0,bet365_via_sofascore,latest_pre_match_assumed,0.0356925768542373,0.0356925768542373,-0.1928342006710706,-0.1928342006710706,-0.2263155671434692,-103.61657388614935,-0.0,-0.0,16.0,-141.0,-327.0,-0.0,-0.128073444157283,-0.128073444157283,0.0007722669292358,0.0007722669292358,0.0197824398410381,0.0197824398410381,-88.91490063000788,-0.0364583333333333,-0.03245521380835381,-0.10544234073645839,0.9669838461896731,True,train,0
challenger:2026-03-09:313:A,challenger,2026-03-09,2026-03-09,2026-03,A,Thiago Monteiro,Adolfo Daniel Vallejo,Clay,Santiago CH,2026-3406,QF,0.42601877,0.3636363636363636,0.391304347826087,2.38,1.0,bet365_via_sofascore,latest_pre_match_assumed,0.036104229393675,0.036104229393675,0.1467052061078738,0.1467052061078738,-0.5896028978815069,-184.17834198296464,0.0,0.0,16.0,-124.0,-53.0,0.0069444444444444,-0.2402405036771394,-0.2402405036771394,-0.0535126534193475,-0.0535126534193475,0.0200461346141274,0.0200461346141274,-186.1367925152435,0.112872135360891,0.03471442217391302,-0.027667984189723382,0.8671004876833833,True,train,1
challenger:2026-03-09:204:B,challenger,2026-03-09,2026-03-09,2026-03,B,Thomas Faurel,August Holmgren,Hard,Cherbourg CH,2026-0398,R32,0.30620309999999995,0.24264705882352944,0.4240837696335078,2.2,0.0,bet365_via_sofascore,latest_pre_match_assumed,-0.0181046518293035,-0.0209381566196995,0.1815266075806227,0.2234586321782129,-0.006613486179736,-83.17422782857102,-0.0,-0.0,-95.0,-231.0,-327.0,-0.0120481927710843,0.1022446704636937,0.1697836774393786,0.0643627751947212,0.0514386817026004,-0.0496763368133968,-0.0385157051116796,-70.97895417089626,-0.0845170454545454,-0.11788066963350785,-0.18143671080997836,0.7884573603642703,True,train,0
challenger:2026-03-09:272:B,challenger,2026-03-09,2026-03-09,2026-03,B,Tiago Pereira,Michael Geerts,Hard,Hersonissos 2 CH,2026-2985,R32,0.40863216,0.38020833333333337,0.4109947643979057,2.25,0.0,bet365_via_sofascore,latest_pre_match_assumed,0.0600730000986811,0.0483986987615343,-0.1144301112758684,-0.0657846013372718,-0.073050228838486,-191.2811260950455,-0.0,-0.0,-210.0,24.0,30.0,-0.0082739477406784,-0.3823801382713819,-0.3314870040259136,0.0054862101724437,0.0319741620339402,-0.036560705771797,-0.0188807390667173,-143.09467310778996,-0.1694660922600319,-0.0023626043979056988,-0.03078643106457235,0.8109302162163288,True,train,0
challenger:2026-03-09:265:B,challenger,2026-03-09,2026-03-09,2026-03,B,Viktor Durasovic,Lorenzo Giustino,Hard,Hersonissos 2 CH,2026-2985,R32,0.42714850000000004,0.3936170212765957,0.3913043478260869,2.38,0.0,bet365_via_sofascore,latest_pre_match_assumed,0.0408962668541416,0.0446014391601271,-0.0111785745652451,-0.0766689964635447,-0.0705734140039116,-105.41569118574056,-0.0,-0.0,-54.0,-42.0,-28.0,0.0036231884057971,-0.285472375958984,-0.285472375958984,0.018514832915548,0.025934243197241,-0.0090871211390075,-0.0097367211839115,-68.57578020456049,0.0129958960328317,0.035844152173913124,0.0023126734505087843,0.8671004876833833,True,train,0
challenger:2026-03-10:353:A,challenger,2026-03-10,2026-03-10,2026-03,A,Adam Walton,Mattia Bellucci,Hard,Cap Cana CH,2026-2975,SF,0.48391235,0.437037037037037,0.3538083538083538,2.63,0.0,bet365_via_sofascore,latest_pre_match_assumed,-0.165454904493433,-0.1389965056608461,-0.3614716719883168,-0.3599514078755025,0.3327498067269181,6.735310790387757,-0.0,-0.0,-5.0,-26.0,-2.0,-0.0003659736041538,-0.2621737214137908,-0.2621737214137908,0.0065495674864992,0.004737542714814,-0.0256651219535044,-0.0291390373009315,29.59657898209366,0.055046305046305,0.1301039961916462,0.08322868322868321,0.9669838461896731,True,train,0
challenger:2026-03-10:402:A,challenger,2026-03-10,2026-03-10,2026-03,A,Aidan Mayo,Bor Artnak,Hard,Phoenix CH,2026-9167,Q1,0.5501531,0.4827586206896552,0.4112149532710279,2.25,1.0,bet365_via_sofascore,latest_pre_match_assumed,0.0794418659507378,0.0788180830048524,0.0937468502310287,0.0816570156864614,-0.1349643007086454,93.76861747921612,0.0,0.0,94.0,-27.0,-119.0,0.0,0.0298103981724169,0.0730695622810649,0.0209591003697406,0.0275105990094148,0.011873602383435,0.0126831469598474,79.65043581977761,0.1256153454421999,0.13893814672897203,0.07154366741862728,0.8109302162163288,True,train,1
challenger:2026-03-10:400:A,challenger,2026-03-10,2026-03-10,2026-03,A,Alexander Shevchenko,Ethan Quinn,Hard,Phoenix CH,2026-9167,R32,0.48579314,0.437037037037037,0.3538083538083538,2.63,0.0,bet365_via_sofascore,latest_pre_match_assumed,0.006435314458311,0.0006897849318351,0.1096517050699881,0.1018998152241049,0.0418194495947585,21.07393584952706,-0.0,-0.0,44.0,-137.0,-27.0,0.001106333902466,0.1269254116989273,-0.1155418099838081,-0.0096328966059379,-0.0203690764206447,0.0277739248072568,0.0193530218720695,-85.40004986081772,0.0636815920398009,0.13198478619164622,0.08322868322868321,0.9669838461896731,True,train,0
challenger:2026-03-10:345:B,challenger,2026-03-10,2026-03-10,2026-03,B,Andres Andrade,Moez Echargui,Hard,Cap Cana CH,2026-2975,Q2,0.41023463000000004,0.38020833333333337,0.3373493975903614,2.75,1.0,bet365_via_sofascore,latest_pre_match_assumed,0.0543364090960307,0.0423740723386434,0.1908255720609178,0.1917576449870183,-0.1769887366668525,-54.682753786530384,0.0,0.0,-59.0,-250.0,-138.0,0.0044150110375275,0.3112707620232384,0.3112707620232384,0.0263223817515632,0.0264420069670818,0.0119992775983244,0.0086101921691035,-72.54153170338918,0.010566037735849,0.07288523240963862,0.04285893574297195,1.0116009116784799,True,train,1
challenger:2026-03-10:352:B,challenger,2026-03-10,2026-03-10,2026-03,B,Andres Andrade,Adam Walton,Hard,Cap Cana CH,2026-2975,R16,0.28647535999999996,0.24264705882352944,0.3373493975903614,2.75,0.0,bet365_via_sofascore,latest_pre_match_assumed,0.1370694572294923,0.1251071204721051,0.2922170697580361,0.2931491426841365,-0.2190909599706851,-125.89675362655088,-0.0,-0.0,-43.0,-532.0,-194.0,0.0107962213225371,0.2588307613385908,0.2588307613385908,0.0178501813206629,0.0179698065361815,-0.011086237675725,-0.0144753231049459,-158.67595437990076,-0.1093706293706293,-0.050874037590361465,-0.09470233876683198,1.0116009116784799,True,train,0
challenger:2026-03-10:401:B,challenger,2026-03-10,2026-03-10,2026-03,B,Arthur Cazaux,Jacob Fearnley,Hard,Phoenix CH,2026-9167,R32,0.58412427,0.6736842105263158,0.3913043478260869,2.38,1.0,bet365_via_sofascore,latest_pre_match_assumed,0.2802492787354024,0.276869207191758,0.0099577863275659,-0.0109949876787753,-0.168130799624043,41.88755013124137,0.0,0.0,90.0,71.0,7.0,0.0126903553299492,0.4205922941361688,0.4714854283816372,0.0487651806434903,0.0566505012528219,0.0250234770089592,0.0294413472229629,93.39465612813932,-0.1124052004333694,0.19281992217391308,0.28237986270022886,0.8671004876833833,True,train,1
challenger:2026-03-10:397:A,challenger,2026-03-10,2026-03-10,2026-03,A,Billy Harris,Aleksandar Vukic,Hard,Phoenix CH,2026-9167,R32,0.38368767,0.3263157894736842,0.3538083538083538,2.63,1.0,bet365_via_sofascore,latest_pre_match_assumed,-0.0270403125557021,-0.1474532779886875,0.0865659521174947,-0.0270817834083768,-0.3137492422629813,-64.3453995857783,0.0,0.0,31.0,-226.0,-44.0,-0.0023850731809568,-0.2210754660299027,-0.2915157902450839,-0.0063804998208603,-0.0308227836672313,-0.0152263906114304,-0.02143772425258,-107.70685515058312,-0.0698924731182796,0.029879316191646188,-0.027492564334669567,0.9669838461896731,True,train,1
challenger:2026-03-10:399:A,challenger,2026-03-10,2026-03-10,2026-03,A,Billy Harris,Darwin Blanch,Hard,Phoenix CH,2026-9167,R16,0.5946826,0.6197916666666666,0.391304347826087,2.38,1.0,bet365_via_sofascore,latest_pre_match_assumed,-0.0566847686734828,-0.0566847686734828,0.0800320493167503,0.0800320493167503,0.0552964897042087,71.01110306933242,0.0,0.0,147.0,306.0,172.0,-0.0162932790224032,-0.2072464551908653,-0.2072464551908653,-0.0262761270014161,-0.0262761270014161,-0.0055015321864034,-0.0055015321864034,49.11337289904691,0.1071133167907361,0.20337825217391298,0.22848731884057966,0.8671004876833833,True,train,1
challenger:2026-03-10:369:A,challenger,2026-03-10,2026-03-10,2026-03,A,Coleman Wong,Alexander Blockx,Hard,Cap Cana CH,2026-2975,QF,0.34160373,0.2483660130718954,0.4240837696335078,2.2,0.0,bet365_via_sofascore,latest_pre_match_assumed,0.1059818063186639,0.1056419624999772,-0.1139096296538223,-0.1039683240910485,-0.3013451944402182,-188.7863356862472,-0.0,-0.0,18.0,-129.0,-33.0,0.012891344383057,-0.1225108887084857,-0.1225108887084857,0.0261925083806344,0.0266900311957584,-0.0186679394842353,-0.0191600086550272,-175.9232445119644,-0.1124274099883856,-0.0824800396335078,-0.1757177565616124,0.7884573603642703,True,train,0
challenger:2026-03-10:340:A,challenger,2026-03-10,2026-03-10,2026-03,A,Cristian Garin,Dalibor Svrcina,Hard,Cap Cana CH,2026-2975,R32,0.5315115,0.4464285714285714,0.3373493975903614,2.75,0.0,bet365_via_sofascore,latest_pre_match_assumed,-0.0813949957101377,-0.1414906357976152,-0.0151497135728383,-0.1613070418844314,0.2833649216174442,111.23701837991187,-0.0,-0.0,-130.0,71.0,16.0,0.0090634441087613,0.3568063642500466,-0.268705638068611,-0.0320217966762453,-0.0728526449725646,-0.0031674696687695,0.0044340703682733,-206.76568519087755,0.1652301870927055,0.1941621024096386,0.10907917383820998,1.0116009116784799,True,train,0
challenger:2026-03-10:339:A,challenger,2026-03-10,2026-03-10,2026-03,A,Damir Dzumhur,Coleman Wong,Hard,Cap Cana CH,2026-2975,R16,0.6408895,0.6197916666666666,0.3538083538083538,2.63,0.0,bet365_via_sofascore,latest_pre_match_assumed,-0.0216936826211949,-0.066740627365687,0.0824638102996149,0.1204102776627615,0.3521441620593027,130.00964256483235,-0.0,-0.0,68.0,431.0,84.0,-0.0152761457109283,0.1225108887084857,-0.0315156852285347,0.044274017600985,0.0369773673529787,-0.0149281176100424,-0.0142296126472721,33.31586485667867,0.0992636104371514,0.2870811461916462,0.26598331285831284,0.9669838461896731,True,train,0
challenger:2026-03-10:337:B,challenger,2026-03-10,2026-03-10,2026-03,B,David Goffin,Roberto Bautista Agut,Hard,Cap Cana CH,2026-2975,R32,0.5185672299999999,0.562962962962963,0.3913043478260869,2.38,0.0,bet365_via_sofascore,latest_pre_match_assumed,-0.1904572846271973,-0.2005928336453006,0.0762501438355741,0.0788561408930423,-0.1718758277204776,117.95337785889296,-0.0,-0.0,49.0,-145.0,-29.0,-0.0,-0.2428031459812534,-0.1577597729045743,-0.0072238490953991,-0.0164277910189821,-0.0257005984840978,-0.0262330327216975,128.11617273263164,-0.0559322033898305,0.12726288217391302,0.17165861513687608,0.8671004876833833,True,train,0
challenger:2026-03-10:386:B,challenger,2026-03-10,2026-03-10,2026-03,B,Ethan Quinn,Marcos Giron,Hard,Phoenix CH,2026-9167,F,0.5615896,0.562962962962963,0.3913043478260869,2.38,1.0,bet365_via_sofascore,latest_pre_match_assumed,-0.0875983057073399,0.0605613995203455,0.0512010412267681,0.0182197434043056,0.4035265864422134,210.870053172157,0.0,0.0,79.0,-56.0,-5.0,-0.0045070471712386,0.1349415341582234,0.1030629024920106,0.0046686181933105,-0.0196531432519989,0.0157502270110296,-0.0387218820120952,200.17907409083796,0.0787878787878788,0.1702852521739131,0.17165861513687608,0.8671004876833833,True,train,1
challenger:2026-03-10:361:B,challenger,2026-03-10,2026-03-10,2026-03,B,Francesco Maestrelli,Mattia Bellucci,Hard,Cap Cana CH,2026-2975,R32,0.43037119999999995,0.3936170212765957,0.375,2.5,0.0,bet365_via_sofascore,latest_pre_match_assumed,-0.1020847091478152,-0.0756263103152282,0.0122847542576363,0.0138050183704506,0.5868331230275052,30.076408191054725,-0.0,-0.0,89.0,-319.0,-63.0,0.0036582386890379,0.019085039778797,0.019085039778797,-0.0282328011730834,-0.0300448259447685,-0.0049463090097935,-0.0084202243572206,6.868984371795932,-0.0342399361386703,0.055371199999999954,0.018617021276595702,0.9162907318741551,True,train,0
challenger:2026-03-10:376:B,challenger,2026-03-10,2026-03-10,2026-03,B,James Duckworth,Jan Lennard Struff,Hard,Phoenix CH,2026-9167,R32,0.5816071300000001,0.6736842105263158,0.375,2.5,1.0,bet365_via_sofascore,latest_pre_match_assumed,0.051378026276767,0.055786864004962,0.2469413767712429,0.2156813747922923,-0.0579968025745312,33.67202124016944,0.0,0.0,112.0,-17.0,-4.0,-0.0141843971631205,0.0773084142161215,0.0773084142161215,-0.0076028286545947,-0.0138475564819274,0.0391091277627295,0.0392358883622776,73.32997450202447,0.0575308641975308,0.20660713000000008,0.2986842105263158,0.9162907318741551,True,train,1
challenger:2026-03-10:395:B,challenger,2026-03-10,2026-03-10,2026-03,B,Leandro Riedi,Benjamin Bonzi,Hard,Phoenix CH,2026-9167,R16,0.39301450000000004,0.38020833333333337,0.4109947643979057,2.25,0.0,bet365_via_sofascore,latest_pre_match_assumed,-0.0272511966732317,-0.0427644779112389,0.053551077510063,0.0556324433343368,-0.1146401547732344,-80.93648973525956,-0.0,-0.0,-84.0,-341.0,-85.0,-0.0,-0.135906553036363,-0.135906553036363,0.0259012220676881,0.0231602630044303,-0.0273594788049915,-0.028374762111445,-88.59156914112145,-0.0232804232804232,-0.017980264397905676,-0.03078643106457235,0.8109302162163288,True,train,0
challenger:2026-03-10:360:A,challenger,2026-03-10,2026-03-10,2026-03,A,Liam Draxl,Rei Sakamoto,Hard,Cap Cana CH,2026-2975,Q1,0.5170724,0.437037037037037,0.375,2.5,0.0,bet365_via_sofascore,latest_pre_match_assumed,0.0452399759391011,0.0452399759391011,-0.0437956144368022,-0.0437956144368022,0.057625610534732,15.434249217156548,-0.0,-0.0,63.0,143.0,51.0,-0.0149253731343283,-0.0800113996835344,-0.0800113996835344,0.0210158347955459,0.0210158347955459,-0.0190175096712653,-0.0190175096712653,7.838276289596934,0.0342276583152495,0.1420724,0.062037037037037,0.9162907318741551,True,train,0
challenger:2026-03-10:371:A,challenger,2026-03-10,2026-03-10,2026-03,A,Luca Van Assche,Raphael Collignon,Hard,Cap Cana CH,2026-2975,R16,0.40701553,0.3263157894736842,0.4240837696335078,2.2,0.0,bet365_via_sofascore,latest_pre_match_assumed,0.0563337612689527,0.0572406666558262,0.1728549924156706,0.1740409456138898,0.2387251190963298,-42.5318525135699,-0.0,-0.0,53.0,-352.0,-81.0,-0.0,0.0432591641086479,0.0432591641086479,0.0217769532383992,0.0240401940879169,-0.0157067874613228,-0.0157158112534806,-31.448978612260817,-0.0430432955023118,-0.017068239633507787,-0.09776798015982358,0.7884573603642703,True,train,0
challenger:2026-03-10:390:B,challenger,2026-03-10,2026-03-10,2026-03,B,Marc Polmans,Stefan Kozlov,Hard,Phoenix CH,2026-9167,Q2,0.41107839999999995,0.38020833333333337,0.4112149532710281,2.25,0.0,bet365_via_sofascore,latest_pre_match_assumed,0.1625467211606185,0.1680653004382588,0.0358932049809209,0.0332677028984661,-0.1597332154589048,-88.19451738086809,-0.0,-0.0,-19.0,-61.0,-107.0,-0.0,-0.1011213770787942,-0.1011213770787942,-0.0251076802662488,-0.0258655198144546,0.0204016931753924,0.016323377613289,-36.6796177538979,-0.15039691053422,-0.0001365532710281281,-0.031006619937694713,0.8109302162163288,True,train,0
challenger:2026-03-10:362:B,challenger,2026-03-10,2026-03-10,2026-03,B,Mariano Navone,Mattia Bellucci,Hard,Cap Cana CH,2026-2975,F,0.5008858,0.562962962962963,0.375,2.5,1.0,bet365_via_sofascore,latest_pre_match_assumed,0.0541274910140459,0.0805858898466329,-0.1228441622893043,-0.12132389817649,0.480884116272026,145.62751841207478,0.0,0.0,-19.0,2.0,1.0,-0.0213763680576981,-0.0039328942061176,-0.6592031365706286,0.0539056286415294,0.0520936038698443,-0.0149562892892836,-0.0184302046367107,-205.12849223801777,0.0923423423423422,0.12588580000000005,0.187962962962963,0.9162907318741551,True,train,1
challenger:2026-03-10:365:B,challenger,2026-03-10,2026-03-10,2026-03,B,Mariano Navone,Valentin Royer,Hard,Cap Cana CH,2026-2975,QF,0.48338306,0.562962962962963,0.4240837696335078,2.2,1.0,bet365_via_sofascore,latest_pre_match_assumed,0.1570172118227993,0.1284470294851049,0.0248231283079848,0.0533117371178738,0.0046318704206939,105.82994401995916,0.0,0.0,-24.0,-164.0,-18.0,-0.018999785466583,0.1425755042950438,-0.6558601764954286,0.0515073604461638,0.0213340980867883,0.0028545891069945,-0.0085514606429935,-127.4840518234314,0.0522875816993463,0.059299290366492174,0.1388791933294552,0.7884573603642703,True,train,1
challenger:2026-03-10:366:A,challenger,2026-03-10,2026-03-10,2026-03,A,Mariano Navone,Alexander Blockx,Hard,Cap Cana CH,2026-2975,SF,0.47025427,0.437037037037037,0.3538083538083538,2.63,1.0,bet365_via_sofascore,latest_pre_match_assumed,0.1996122017628249,0.1996122017628249,-0.0393175586001993,-0.0393175586001993,-0.0255921600014458,-5.857375794174914,0.0,0.0,24.0,225.0,42.0,-0.0189152713930243,-0.075088498478219,-0.73035874084273,0.0750878835506037,0.0750878835506037,-0.0315069707496741,-0.0315069707496741,-350.2645903251221,0.0095238095238094,0.11644591619164618,0.08322868322868321,0.9669838461896731,True,train,1
challenger:2026-03-10:370:B,challenger,2026-03-10,2026-03-10,2026-03,B,Martin Landaluce,Coleman Wong,Hard,Cap Cana CH,2026-2975,Q2,0.47278184,0.562962962962963,0.4233870967741936,2.2,1.0,bet365_via_sofascore,latest_pre_match_assumed,-0.1270776650024255,-0.1267378211837388,0.1005859482505037,0.0906446426877298,0.2653432228544289,32.791055222196746,0.0,0.0,-11.0,43.0,15.0,-0.0131578947368421,-0.2916985839324672,-0.2916985839324672,-0.0311933530685257,-0.0316908758836497,-0.0407596694546774,-0.0402676002838856,-2.259403906497255,0.0177845528455284,0.04939474322580639,0.13957586618876938,0.7884573603642703,True,train,1
challenger:2026-03-10:348:B,challenger,2026-03-10,2026-03-10,2026-03,B,Mattia Bellucci,Hubert Hurkacz,Hard,Cap Cana CH,2026-2975,R16,0.6412310299999999,0.7516339869281046,0.3913043478260869,2.38,1.0,bet365_via_sofascore,latest_pre_match_assumed,-0.0076487345791871,-0.0341071334117741,0.1980799506809494,0.196559686568135,-0.2578384844631781,225.1025537953185,0.0,0.0,148.0,-7.0,-4.0,0.002456350219761,0.1592031365706285,0.1592031365706285,-0.1196513400467058,-0.1178393152750206,0.1509126509490284,0.1543865662964555,192.61956242013295,0.5743243243243243,0.249926682173913,0.36032963910201765,0.8671004876833833,True,train,1
challenger:2026-03-10:363:A,challenger,2026-03-10,2026-03-10,2026-03,A,Mattia Bellucci,Raphael Collignon,Hard,Cap Cana CH,2026-2975,QF,0.38673675,0.3263157894736842,0.4240837696335078,2.2,1.0,bet365_via_sofascore,latest_pre_match_assumed,-0.0760967938149872,-0.1016482872607006,0.1772518976958407,0.1769175867812455,-0.3324573889205798,-184.49104804638955,0.0,0.0,18.0,54.0,9.0,-0.0104302477183833,-0.2146667296558043,-0.2146667296558043,-0.0149501834969256,-0.0108749178757228,-0.0192221319923089,-0.0157572404370396,-148.83775523396912,-0.1025987525987526,-0.03734701963350778,-0.09776798015982358,0.7884573603642703,True,train,1
challenger:2026-03-10:392:A,challenger,2026-03-10,2026-03-10,2026-03,A,Michael Mmoh,Emilio Nava,Hard,Phoenix CH,2026-9167,R32,0.33421084,0.2483660130718954,0.375,2.5,1.0,bet365_via_sofascore,latest_pre_match_assumed,-0.0912407898778878,-0.0625402089617352,-0.1159244091667067,-0.0145139048615685,0.002888848555265,-115.83228223523224,0.0,0.0,-110.0,-493.0,-199.0,0.0102189781021897,0.1078865999440883,0.1529630975916568,-0.0015009053205918,0.0085939033318693,-0.0109316720220016,-0.0005212923988696,32.876397207962555,0.0055096418732782,-0.04078915999999999,-0.1266339869281046,0.9162907318741551,True,train,1
challenger:2026-03-10:393:A,challenger,2026-03-10,2026-03-10,2026-03,A,Michael Mmoh,Ethan Quinn,Hard,Phoenix CH,2026-9167,R16,0.28852004,0.2483660130718954,0.375,2.5,0.0,bet365_via_sofascore,latest_pre_match_assumed,-0.0326617532112812,-0.0658032163409586,-0.0342968997576279,-0.0170312828434691,-0.0089143438367939,-76.81052650759625,-0.0,-0.0,42.0,-605.0,-217.0,0.0161892901618929,0.0808066776088947,-0.0508931342454683,-0.0044607738209038,-0.0099730964979923,0.0226943383392489,0.0235352355472452,-99.20405811695082,0.0878787878787878,-0.08647996000000002,-0.1266339869281046,0.9162907318741551,True,train,0
challenger:2026-03-10:388:A,challenger,2026-03-10,2026-03-10,2026-03,A,Quentin Halys,Corentin Moutet,Hard,Phoenix CH,2026-9167,R16,0.45668593,0.437037037037037,0.4109947643979057,2.25,0.0,bet365_via_sofascore,latest_pre_match_assumed,-0.2658933215835198,-0.2232228754925344,0.1607734496199002,0.0781965014434249,0.0354157779844326,-8.370456752393693,-0.0,-0.0,114.0,-714.0,-57.0,0.0030371978457813,-0.1858096802826337,-0.2897633860206043,-0.0520193478409025,-0.0583001876684039,0.0314070280347089,0.0552702661409838,105.65671976339036,-0.0307309908484916,0.0456911656020943,0.02604227263913128,0.8109302162163288,True,train,0
challenger:2026-03-10:367:A,challenger,2026-03-10,2026-03-10,2026-03,A,Roman Andres Burruchaga,Coleman Wong,Hard,Cap Cana CH,2026-2975,R32,0.5180494,0.437037037037037,0.375,2.5,0.0,bet365_via_sofascore,latest_pre_match_assumed,-0.0015518331824161,-0.0523721042596148,0.1014980699208855,0.0740006810414561,0.1178344794585211,162.8207285761414,-0.0,-0.0,111.0,201.0,45.0,-0.0129870129870129,0.0792517245998376,-0.1509441613945025,0.0589764054870545,0.0183903964954551,-0.0367917800717808,-0.0352314068079748,-110.27079282791487,0.0621221596831352,0.1430494,0.062037037037037,0.9162907318741551,True,train,0
challenger:2026-03-10:355:B,challenger,2026-03-10,2026-03-10,2026-03,B,Shintaro Mochizuki,Nicolas Mejia,Hard,Cap Cana CH,2026-2975,R32,0.6025011,0.6736842105263158,0.4109947643979057,2.25,1.0,bet365_via_sofascore,latest_pre_match_assumed,-0.1361248329486414,-0.1407721571278915,-0.0187692536586747,0.0016667069277593,-0.3186669330201567,13.378010727805076,0.0,0.0,-49.0,303.0,71.0,0.0114613180515759,-0.4218434427777733,-0.1743798505435564,-0.0016115999867863,0.0042508937923465,-0.0566193136647168,-0.0485061437787406,86.9498434083182,0.0559326434479433,0.1915063356020943,0.26268944612841005,0.8109302162163288,True,train,1
challenger:2026-03-10:364:A,challenger,2026-03-10,2026-03-10,2026-03,A,Shintaro Mochizuki,Mariano Navone,Hard,Cap Cana CH,2026-2975,R16,0.38689408,0.3263157894736842,0.391304347826087,2.38,0.0,bet365_via_sofascore,latest_pre_match_assumed,-0.1323469105141427,-0.1498126699569194,0.0796421507425166,0.0680978842148533,-0.3717897608869236,-189.66991559696953,-0.0,-0.0,80.0,-113.0,-24.0,0.0318066157760814,-0.3988255087928586,0.2564447335716523,-0.0481636153991274,-0.0486639771284655,-0.0694579320521702,-0.0730180691665233,135.25488098732558,-0.1068580542264752,-0.004410267826087,-0.06498855835240275,0.8671004876833833,True,train,0
challenger:2026-03-10:377:A,challenger,2026-03-10,2026-03-10,2026-03,A,Stefano Travaglia,Quentin Halys,Hard,Phoenix CH,2026-9167,R32,0.37297162,0.3076923076923077,0.3538083538083538,2.63,0.0,bet365_via_sofascore,latest_pre_match_assumed,0.2576250976848542,0.2309492918713831,-0.0788813296219441,-0.0283694404267211,0.1252641217042612,53.81595420789745,-0.0,-0.0,89.0,-361.0,-103.0,0.0147058823529411,0.2994879287035634,0.2298891104377002,0.0532973317032454,0.0489633429185726,-0.0387096282594006,-0.0544757926434711,-65.39347930496797,-0.0365596931137724,0.01916326619164621,-0.04611604611604608,0.9669838461896731,True,train,0
challenger:2026-03-10:389:A,challenger,2026-03-10,2026-03-10,2026-03,A,Thai Son Kwiatkowski,Blaise Bicknell,Hard,Phoenix CH,2026-9167,Q2,0.3443501,0.2483660130718954,0.3373493975903614,2.75,0.0,bet365_via_sofascore,latest_pre_match_assumed,-0.0370440457824379,0.01364924927874,-0.0349680365050324,-0.0126576274026036,-0.1711677220451651,35.765493911280146,-0.0,-0.0,19.0,-84.0,-888.0,-0.0,-0.2143629997108403,-0.0744773244444019,0.0132432181483558,0.0130697997836889,-0.0552786802967042,-0.0251484055492293,77.102266126823,0.0661129568106311,0.007000702409638571,-0.08898338451846602,1.0116009116784799,True,train,0
challenger:2026-03-10:368:A,challenger,2026-03-10,2026-03-10,2026-03,A,Tristan Schoolkate,Luca Van Assche,Hard,Cap Cana CH,2026-2975,R32,0.44020304,0.437037037037037,0.3373493975903614,2.75,0.0,bet365_via_sofascore,latest_pre_match_assumed,-0.2259714595767068,-0.2155358618892265,0.0003976278852364,0.0039504075634085,-0.3262427943468283,-167.9007431118066,-0.0,-0.0,-12.0,289.0,66.0,-0.0123076923076923,-0.3513629120616486,-0.3513629120616486,-0.0532152175725296,-0.0551508334782753,-0.0055811667827507,-0.0075298976802006,-155.31805133873945,-0.0724762726488352,0.10285364240963857,0.09968763944667558,1.0116009116784799,True,train,0
challenger:2026-03-16:467:B,challenger,2026-03-16,2026-03-16,2026-03,B,Alejo Sanchez Quilez,Raul Brancaccio,Clay,Murcia CH,2026-9171,R32,0.2991385,0.24264705882352944,0.4109947643979057,2.25,0.0,bet365_via_sofascore,latest_pre_match_assumed,0.066472396387569,0.0080107650925269,-0.1432340950376013,-0.0147941267942187,0.7133109507159512,-37.86080461145002,-0.0,-0.0,-189.0,-75.0,-292.0,-0.0,0.1085768918799501,0.0318080944666713,0.0108929864545014,-0.0105315065303757,-0.055639421187386,-0.0248354076011346,-27.005205274455875,-0.0555555555555556,-0.11185626439790575,-0.16834770557437628,0.8109302162163288,True,train,0
challenger:2026-03-16:440:B,challenger,2026-03-16,2026-03-16,2026-03,B,Andrea Pellegrino,Pablo Carreno Busta,Clay,Murcia CH,2026-9171,QF,0.40262275999999997,0.38020833333333337,0.3913043478260869,2.38,0.0,bet365_via_sofascore,latest_pre_match_assumed,-0.1178854553946969,-0.0319851176109935,-0.1345113562420506,-0.1086520007930791,0.1050106377456706,-68.0171006832486,-0.0,-0.0,208.0,-230.0,-48.0,0.0190615835777126,-0.3258950507876358,-0.1175598740158746,-0.009083403068038,-0.00338232375627,-0.078669887235631,-0.033303035639646,125.43240609290092,-0.1341991341991341,0.01131841217391305,-0.011096014492753548,0.8671004876833833,True,train,0
challenger:2026-03-16:473:B,challenger,2026-03-16,2026-03-16,2026-03,B,Andrew Paulson,Michael Vrbensky,Clay,Murcia CH,2026-9171,Q1,0.5455727,0.562962962962963,0.4112149532710281,2.25,0.0,bet365_via_sofascore,latest_pre_match_assumed,0.0434897485656771,-0.0591738143070121,0.0991448218809997,0.0780884989712404,0.4307098110590893,106.61111447842065,-0.0,-0.0,-80.0,-10.0,-57.0,-0.0,0.0922473160594348,0.1815436583420716,-0.0015810055680957,-0.0198128377654432,-0.006515879713911,0.0241289962675175,121.64323996963684,0.0030956202705801,0.13435774672897194,0.15174800969193492,0.8109302162163288,True,train,0
challenger:2026-03-16:516:B,challenger,2026-03-16,2026-03-16,2026-03,B,Arthur Gea,Kyrian Jacquet,Clay,Zadar CH,2026-9472,SF,0.37929904000000003,0.38020833333333337,0.4240837696335078,2.2,1.0,bet365_via_sofascore,latest_pre_match_assumed,-0.033375272175767,0.0797821506912686,0.0526111902222992,-0.044935547923126,-0.278949201225361,-150.32563720630128,0.0,0.0,-75.0,-213.0,-107.0,-0.0612244897959183,-0.2505774592813723,0.1997436771111692,-0.0326815042570941,-0.0279213307030875,-0.0232708141653903,0.0340734182202137,21.074932903895615,-0.1387491013659238,-0.04478472963350777,-0.04387543630017443,0.7884573603642703,True,train,1
challenger:2026-03-16:421:A,challenger,2026-03-16,2026-03-16,2026-03,A,Cannon Kingsley,Alex Barrena,Clay,Asuncion CH,2026-2909,R32,0.3603237,0.2483660130718954,0.375,2.5,0.0,bet365_via_sofascore,latest_pre_match_assumed,0.0941644121793342,0.0256577487806296,0.0510980350495372,0.0377145720653911,-0.2122935625054355,-77.30440992448302,-0.0,-0.0,-8.0,-237.0,-348.0,0.0031847133757961,0.2096478803139667,0.0536255175023615,0.0023983447984847,-0.015238535004403,0.1049125306164151,0.0877524764982103,-180.88284289585204,-0.0331016219794769,-0.014676299999999975,-0.1266339869281046,0.9162907318741551,True,train,0
challenger:2026-03-16:498:A,challenger,2026-03-16,2026-03-16,2026-03,A,Christian Langmo,Oleksii Krutykh,Clay,Zadar CH,2026-9472,Q2,0.61451447,0.6197916666666666,0.3373493975903614,2.75,1.0,bet365_via_sofascore,latest_pre_match_assumed,0.0179806315001357,-0.0320692871986013,0.1153743311281104,0.0477180314462862,0.0319303287162969,25.588528914584003,0.0,0.0,-4.0,69.0,213.0,0.0538461538461538,0.0302231871718298,0.2178125038231425,-0.0212740099865064,-0.0030976129806536,0.0362656526249224,0.0399478223439333,26.021017370402433,-0.0490118577075098,0.2771650724096386,0.2824422690763052,1.0116009116784799,True,train,1
challenger:2026-03-16:458:B,challenger,2026-03-16,2026-03-16,2026-03,B,Diego Augusto Barreto Sanchez,David Jorda Sanchis,Clay,Murcia CH,2026-9171,Q1,0.29717106000000004,0.24264705882352944,0.3549488054607508,2.625,0.0,bet365_via_sofascore,latest_pre_match_assumed,0.1069744224953961,0.002190535885655,-0.1461282783860827,-0.1540740626670065,-0.6068277791753945,-114.36392745783542,-0.0,-0.0,-100.0,-79.0,-326.0,-0.0137391304347826,-0.0600508901200793,-0.1777144399212926,0.0817648657718376,0.0443268011567474,-0.0500573333876572,-0.0459596635754684,-158.64624187882214,-0.0814814814814814,-0.05777774546075076,-0.11230174663722137,0.965080896043587,True,train,0
challenger:2026-03-16:500:A,challenger,2026-03-16,2026-03-16,2026-03,A,Enrico Dalla Valle,Duje Ajdukovic,Clay,Zadar CH,2026-9472,R16,0.42833444,0.4137931034482758,0.4109947643979057,2.25,0.0,bet365_via_sofascore,latest_pre_match_assumed,-0.1117389183381564,0.099321896493595,0.2093127272899374,-0.0179991466227205,0.0283019264035472,-15.640439830204514,-0.0,-0.0,-116.0,-65.0,-148.0,-0.0,0.1631268185348554,0.11551344744891,-0.0051087628536062,0.0037847550129173,0.0752242793546343,0.0802615407364147,-16.054128107948145,-0.0322649572649572,0.017339675602094262,0.00279833905037008,0.8109302162163288,True,train,0
challenger:2026-03-16:447:B,challenger,2026-03-16,2026-03-16,2026-03,B,Filip Pieczonka,Denis Yevseyev,Clay,Murcia CH,2026-9171,Q2,0.216823,0.24264705882352944,0.4112149532710281,2.25,1.0,bet365_via_sofascore,latest_pre_match_assumed,-0.0651595831626631,0.0009908338807477,0.0365555758856117,0.1664292873714893,-0.1324412395416898,-118.51156651755878,0.0,0.0,-251.0,-112.0,-566.0,0.0,-0.2862620053284653,0.0534408163953081,-0.0513228429446812,-0.0319048536341644,-0.0422139840044721,-0.0105981601298574,-16.413352652993808,-0.1377272727272727,-0.1943919532710281,-0.16856789444749865,0.8109302162163288,True,train,1
challenger:2026-03-16:463:B,challenger,2026-03-16,2026-03-16,2026-03,B,Filip Pieczonka,Maxime Janvier,Clay,Murcia CH,2026-9171,Q1,0.2905938,0.24264705882352944,0.3549488054607508,2.625,1.0,bet365_via_sofascore,latest_pre_match_assumed,-0.2173156447204913,-0.0253324174324914,0.0597972028304805,0.1225663891580918,0.060353532115166,-74.16129306547305,0.0,0.0,-261.0,-64.0,-431.0,0.0,-0.1669193695776741,0.1745745796173939,-0.0054292984457313,-0.0071471353407265,-0.0544280631444819,-0.0277912595717798,78.38030142174489,-0.025,-0.06435500546075079,-0.11230174663722137,0.965080896043587,True,train,1
challenger:2026-03-16:416:A,challenger,2026-03-16,2026-03-16,2026-03,A,Franco Ribero,Paulo Andre Saraiva Dos Santos,Clay,Asuncion CH,2026-2909,Q2,0.29219222,0.2483660130718954,0.375,2.5,0.0,bet365_via_sofascore,latest_pre_match_assumed,0.081744442758016,0.0818958926240729,0.0316264538319527,0.1080817003707381,0.0069619632430879,-7.753305491017045,-0.0,-0.0,-21.0,-55.0,-497.0,0.0140845070422535,-0.0680731917295836,-0.0214710675457355,-0.012217785850213,-0.0008901411426401,-0.0004133271974362,-0.010057371536008,15.99314032370421,0.0252525252525252,-0.08280778,-0.1266339869281046,0.9162907318741551,True,train,0
challenger:2026-03-16:409:B,challenger,2026-03-16,2026-03-16,2026-03,B,Franco Roncadelli,Juan Pablo Varillas,Clay,Asuncion CH,2026-2909,SF,0.4081498,0.38020833333333337,0.35380835380835374,2.63,1.0,bet365_via_sofascore,latest_pre_match_assumed,0.0017139834789522,0.0017139834789522,0.056175908318073,0.056175908318073,-0.0348567880746057,-61.18195053705563,0.0,0.0,-136.0,-72.0,-97.0,0.0,0.1817726800534129,0.1817726800534129,0.0315753121217993,0.0315753121217993,0.0317305177087766,0.0317305177087766,-62.36125485941761,-0.1482434549116134,0.05434144619164627,0.026399979524979633,0.9669838461896731,True,train,1
challenger:2026-03-16:418:B,challenger,2026-03-16,2026-03-16,2026-03,B,Franco Roncadelli,Joao Lucas Reis Da Silva,Clay,Asuncion CH,2026-2909,QF,0.38826989999999995,0.38020833333333337,0.4240837696335078,2.2,1.0,bet365_via_sofascore,latest_pre_match_assumed,-0.0257142933786858,-0.0488461833643684,-0.135211622162332,-0.1395056536404636,0.0297170021635995,-61.01245331649102,0.0,0.0,-138.0,-143.0,-145.0,0.0138408304498269,0.0473174042407683,0.0040582401321203,0.0594355868894635,0.0571882426758642,0.0040315431812266,0.0020770266200529,-77.96710506031877,-0.033481152993348,-0.035813869633507855,-0.04387543630017443,0.7884573603642703,True,train,1
challenger:2026-03-16:427:A,challenger,2026-03-16,2026-03-16,2026-03,A,Franco Roncadelli,Gianluca Cadenasso ,Clay,Asuncion CH,2026-2909,F,0.5303025,0.4464285714285714,0.3373493975903614,2.75,0.0,bet365_via_sofascore,latest_pre_match_assumed,0.0448029539516668,0.0448029539516668,0.0780873685524359,0.0780873685524359,-0.1993641689420249,0.8775407151367745,-0.0,-0.0,47.0,-25.0,-40.0,0.0059523809523809,0.1677358874059338,0.1677358874059338,0.0334455841344178,0.0334455841344178,0.0296773187238994,0.0296773187238994,7.162999114166496,-0.0386759581881532,0.1929531024096386,0.10907917383820998,1.0116009116784799,True,train,0
challenger:2026-03-16:414:A,challenger,2026-03-16,2026-03-16,2026-03,A,Genaro Alberto Olivieri,Jaime Faria,Clay,Asuncion CH,2026-2909,R32,0.5307438,0.4464285714285714,0.3538083538083538,2.63,0.0,bet365_via_sofascore,latest_pre_match_assumed,0.0959311525586799,0.0796470915001767,-0.0054403200339556,0.0386115440034078,-0.0101572198249942,20.57605084936563,-0.0,-0.0,153.0,-158.0,-79.0,-0.008,0.3537489398285873,0.4079850341492556,0.0140490044099313,0.0075253494997226,0.0628266399101649,0.0720081767157523,23.31892321369264,-0.0057731958762886,0.1769354461916462,0.0926202176202176,0.9669838461896731,True,train,0
challenger:2026-03-16:525:B,challenger,2026-03-16,2026-03-16,2026-03,B,Gerard Campana Lee,Samuele Pieri,Clay,Zadar CH,2026-9472,Q2,0.45659890000000003,0.5535714285714286,0.39232409381663114,2.375,0.0,bet365_via_sofascore,latest_pre_match_assumed,-0.0305704440304362,-0.0305704440304362,-0.2005947601519197,-0.2005947601519197,-0.0393141277952387,15.589491829330656,-0.0,-0.0,108.0,-20.0,-96.0,-0.1413982717989002,0.0126636338071899,0.0126636338071899,0.0166573667660258,0.0166573667660258,-0.0460277330772896,-0.0460277330772896,15.92554386183292,0.2068965517241379,0.0642748061833689,0.16124733475479747,0.8649974374866045,True,train,0
challenger:2026-03-16:423:B,challenger,2026-03-16,2026-03-16,2026-03,B,Gianluca Cadenasso ,Alvaro Guillen Meza,Clay,Asuncion CH,2026-2909,R32,0.3383182,0.3267326732673267,0.4240837696335078,2.2,1.0,bet365_via_sofascore,latest_pre_match_assumed,-0.0673150570574357,-0.0673150570574357,-0.078646495226564,-0.078646495226564,0.0383911473249506,-130.77093053284216,0.0,0.0,-107.0,-139.0,-116.0,0.0037563569116967,-0.1621226942647565,-0.1621226942647565,-0.004296505452163,-0.004296505452163,-0.0049039376962879,-0.0049039376962879,-138.6127017026556,-0.0138832997987927,-0.08576556963350779,-0.09735109636618111,0.7884573603642703,True,train,1
challenger:2026-03-16:450:B,challenger,2026-03-16,2026-03-16,2026-03,B,Gilles Arnaud Bailly,Kimmer Coppejans,Clay,Murcia CH,2026-9171,QF,0.47293510000000005,0.562962962962963,0.375,2.5,0.0,bet365_via_sofascore,latest_pre_match_assumed,0.1742145222123137,-0.0297345243910738,0.0125929415600709,0.1145684727922248,-0.4404477818333234,-105.57744791180768,-0.0,-0.0,-193.0,42.0,27.0,0.0052518909661766,-0.3593622042864673,0.3598036373675052,-0.0612559418892137,0.0292206109908038,-0.0110837298177738,-0.0063071618811703,-32.5652273722485,-0.16733708769107,0.09793510000000005,0.187962962962963,0.9162907318741551,True,train,0
challenger:2026-03-16:482:B,challenger,2026-03-16,2026-03-16,2026-03,B,Gilles Arnaud Bailly,Alejandro Moro Canas,Clay,Murcia CH,2026-9171,R16,0.42865739999999997,0.3936170212765957,0.4240837696335078,2.2,1.0,bet365_via_sofascore,latest_pre_match_assumed,0.1553328718597014,0.0133256132042055,-0.0892111619086314,0.0110747565850213,-0.4263360980991513,-166.26358285078072,0.0,0.0,-147.0,49.0,32.0,0.0097433946806331,-0.3143069465417983,0.2020139101771463,-0.0112505083000079,-0.0103112301180854,-0.039704144065726,-0.0394806484283689,-24.10397562524463,-0.1696969696969696,0.004573630366492165,-0.0304667483569121,0.7884573603642703,True,train,1
challenger:2026-03-16:518:A,challenger,2026-03-16,2026-03-16,2026-03,A,Giuseppe La Vela,Matyas Cerny,Clay,Zadar CH,2026-9472,Q1,0.5199139,0.437037037037037,0.4233870967741935,2.2,0.0,bet365_via_sofascore,latest_pre_match_assumed,0.2429669993486461,0.2725838476715483,0.0868363330821507,0.0938147070274316,-0.0266010996670021,7.367458494215043,-0.0,-0.0,-10.0,25.0,213.0,-0.0188679245283018,-0.1885803747382728,-0.1491528670644029,-0.1341635795189478,-0.1348093635179162,-0.0130937071949468,-0.0111316499153324,10.272539590598171,-0.0512820512820513,0.09652680322580653,0.013649940262843496,0.7884573603642703,True,train,0
challenger:2026-03-16:407:A,challenger,2026-03-16,2026-03-16,2026-03,A,Gonzalo Villanueva,Lautaro Midon,Clay,Asuncion CH,2026-2909,R32,0.41081843,0.3263157894736842,0.3373493975903614,2.75,0.0,bet365_via_sofascore,latest_pre_match_assumed,-0.0683222871186215,-0.055741502435016,0.0156602090987093,0.0098510597953394,0.0712684183848186,-49.67409379443757,-0.0,-0.0,169.0,-99.0,-112.0,-0.0107166053258281,-0.0338936264255953,-0.0338936264255953,-0.0085212336106044,-0.0033915686082887,0.0314509437400305,0.0291192932029633,-24.328554505395687,-0.0687520364939719,0.07346903240963859,-0.011033608116677196,1.0116009116784799,True,train,0
challenger:2026-03-16:486:B,challenger,2026-03-16,2026-03-16,2026-03,B,Henri Squire,Stefano Travaglia,Clay,Zadar CH,2026-9472,R16,0.440512,0.3936170212765957,0.35380835380835374,2.63,0.0,bet365_via_sofascore,latest_pre_match_assumed,-0.0624958554872181,0.0015023902823472,-0.0432637629071435,-0.0131714153264339,0.185240887595362,-34.36925781244213,-0.0,-0.0,-39.0,-113.0,-84.0,-0.0,-0.2027079503311671,0.2936962802267218,-0.0349434048854381,-0.0307842962114897,0.0433775661324158,0.0460315837918062,34.935449797403635,-0.0298350298350298,0.08670364619164628,0.039808667468241965,0.9669838461896731,True,train,0
challenger:2026-03-16:461:A,challenger,2026-03-16,2026-03-16,2026-03,A,Jan Choinski,Pablo Llamas Ruiz,Clay,Murcia CH,2026-9171,R16,0.5620473,0.6063829787234043,0.3373493975903614,2.75,0.0,bet365_via_sofascore,latest_pre_match_assumed,-0.0352578754303573,-0.1006219539333476,-0.1327520518785128,0.0176589544768953,0.5205347735383554,87.43283013086238,-0.0,-0.0,78.0,224.0,88.0,-0.0,-0.0338201570794292,0.1544887241279362,-0.0284632950216767,-0.0230087785801579,-0.0011875131018336,0.0089822783183927,91.78225575158444,0.0144094889496362,0.2246979024096386,0.2690335811330429,1.0116009116784799,True,train,0
challenger:2026-03-16:512:B,challenger,2026-03-16,2026-03-16,2026-03,B,John Sperle,Stefan Palosi,Clay,Zadar CH,2026-9472,Q2,0.23497020000000002,0.24264705882352944,0.3373493975903614,2.75,1.0,bet365_via_sofascore,latest_pre_match_assumed,0.0562936911097398,0.0177977535107041,-0.01757257408148,-0.041965393947741,0.0068101349917631,-169.32942668461942,0.0,0.0,-24.0,-47.0,-265.0,0.0116279069767441,-0.2350175494283161,-0.2693968099708681,-0.0273886918596233,-0.026612126918341,-0.0520533521825852,-0.0546091623534018,-171.84839841197322,-0.22121014964216,-0.1023791975903614,-0.09470233876683198,1.0116009116784799,True,train,1
challenger:2026-03-16:514:A,challenger,2026-03-16,2026-03-16,2026-03,A,Jonas Forejtek,Kyrian Jacquet,Clay,Zadar CH,2026-9472,QF,0.28701988,0.2483660130718954,0.3373493975903614,2.75,0.0,bet365_via_sofascore,latest_pre_match_assumed,-0.1086568639875202,0.0981859657401701,0.0890885838227243,0.036984294763237,-0.5981206142020776,-273.9438304487642,-0.0,-0.0,12.0,-337.0,-307.0,-0.0,-0.5068524519002455,-0.0,-0.0297083628270705,-0.0012091374673191,0.0034799666181215,0.0597129019181523,-59.474367898431865,-0.0793021411578113,-0.05032951759036142,-0.08898338451846602,1.0116009116784799,True,train,0
challenger:2026-03-16:465:B,challenger,2026-03-16,2026-03-16,2026-03,B,Justin Engel,Andrea Pellegrino,Clay,Murcia CH,2026-9171,R16,0.40517515000000004,0.38020833333333337,0.35380835380835374,2.63,0.0,bet365_via_sofascore,latest_pre_match_assumed,0.065240013642814,-0.0742172815161336,0.0832694808533235,0.1344963948800488,-0.2237509675329825,-78.33791077999422,-0.0,-0.0,-183.0,-122.0,-45.0,-0.0,-0.0835177465403995,-0.1144947662491894,-0.0469074054598759,-0.0336258325564513,0.0564233459940268,0.0218031407955048,-255.20770254917895,-0.0983436853002071,0.0513667961916463,0.026399979524979633,0.9669838461896731,True,train,0
challenger:2026-03-16:449:A,challenger,2026-03-16,2026-03-16,2026-03,A,Kimmer Coppejans,Elmer Moller,Clay,Murcia CH,2026-9171,R32,0.35266748,0.2483660130718954,0.4240837696335078,2.2,1.0,bet365_via_sofascore,latest_pre_match_assumed,-0.1831704995870111,-0.10475216936227,0.000529572832595,-0.0890234294076101,-0.1056326380132122,-91.3973427070498,0.0,0.0,109.0,-276.0,-115.0,-0.0122448979591836,-0.069645046289821,-0.388849394291499,-0.0006978312011508,-0.0402129716849403,0.036095117978359,0.0135182043336573,-121.8072543980452,-0.1015051811511987,-0.07141628963350782,-0.1757177565616124,0.7884573603642703,True,train,1
challenger:2026-03-16:433:B,challenger,2026-03-16,2026-03-16,2026-03,B,Lautaro Midon,Jaime Faria,Clay,Asuncion CH,2026-2909,QF,0.4514329,0.5172413793103448,0.35380835380835374,2.63,1.0,bet365_via_sofascore,latest_pre_match_assumed,0.1680952042101089,0.1450463216041094,-0.1142278925132488,-0.0734955542021585,-0.0348822694087648,-2.244916649808374,0.0,0.0,13.0,-162.0,-82.0,-0.0161290322580645,0.1489783268057025,0.2032144211263708,0.0383198988479298,0.0266678065279636,-0.0390637465396275,-0.0283726328956763,-16.091812435653765,0.0196813495782567,0.09762454619164629,0.163433025501991,0.9669838461896731,True,train,1
challenger:2026-03-16:469:A,challenger,2026-03-16,2026-03-16,2026-03,A,Louis Wessels,Saba Purtseladze,Clay,Murcia CH,2026-9171,Q2,0.47497082,0.437037037037037,0.4112149532710279,2.25,1.0,bet365_via_sofascore,latest_pre_match_assumed,0.1645004975269669,0.0268185037938047,0.0821164702361871,0.1380999143355444,0.0607004524335767,47.012092193192075,0.0,0.0,26.0,-125.0,-328.0,0.0,0.429823768404548,0.138538504065823,0.0304121770886189,-0.0006579634850319,0.0527547081056017,0.0685180850133883,64.62724306660039,0.0295138888888888,0.0637558667289721,0.025822083766009085,0.8109302162163288,True,train,1
challenger:2026-03-16:434:A,challenger,2026-03-16,2026-03-16,2026-03,A,Luciano Emanuel Ambrogi,Gianluca Cadenasso ,Clay,Asuncion CH,2026-2909,R16,0.46585375,0.437037037037037,0.3538083538083538,2.63,0.0,bet365_via_sofascore,latest_pre_match_assumed,0.0276024462115327,0.0276024462115327,0.2653796895518796,0.2653796895518796,-0.3512841274721641,-9.275028555251764,-0.0,-0.0,60.0,-59.0,-126.0,-0.0122294372294372,0.1907325814879488,0.1907325814879488,-0.0511507976243258,-0.0511507976243258,0.0207663704439382,0.0207663704439382,11.024224172040476,-0.0090225563909773,0.11204539619164622,0.08322868322868321,0.9669838461896731,True,train,0
challenger:2026-03-16:523:A,challenger,2026-03-16,2026-03-16,2026-03,A,Lukas Neumayer,Arthur Gea,Clay,Zadar CH,2026-9472,QF,0.5608852,0.6063829787234043,0.3538083538083538,2.63,0.0,bet365_via_sofascore,latest_pre_match_assumed,0.0325566007293524,0.0414378982268026,-0.0495784092880582,-0.0189237404446289,-0.1500689279863331,-33.6859496897614,-0.0,-0.0,69.0,29.0,23.0,0.0612244897959183,-0.2486410224820529,-0.2359875344711818,0.005182077329089,0.03732810273313,0.0117002641613719,0.0100973993753095,44.49383550049174,0.040409940526763,0.20707684619164618,0.2525746249150505,0.9669838461896731,True,train,0
challenger:2026-03-16:522:A,challenger,2026-03-16,2026-03-16,2026-03,A,Martin Krumich,Matej Dodig,Clay,Zadar CH,2026-9472,R16,0.40711275,0.3263157894736842,0.4109947643979057,2.25,0.0,bet365_via_sofascore,latest_pre_match_assumed,0.0112180807369018,0.0755187949849459,-0.1275988839658828,0.0250425036931972,0.0315038428387246,-48.66235331440885,-0.0,-0.0,-6.0,-102.0,-116.0,-0.0137931034482758,-0.0285663721628108,0.2511967912017706,0.0071594708462528,0.0157089584835378,-0.010566949646366,0.0281878140608222,-27.20735883582074,-0.0558558558558558,-0.0038820143979056976,-0.0846789749242215,0.8109302162163288,True,train,0
challenger:2026-03-16:488:B,challenger,2026-03-16,2026-03-16,2026-03,B,Matej Dodig,Stefano Travaglia,Clay,Zadar CH,2026-9472,SF,0.3995455,0.38020833333333337,0.3913043478260869,2.38,0.0,bet365_via_sofascore,latest_pre_match_assumed,-0.1585649987039659,-0.1169451373379085,0.0104522039010394,0.0638732497469478,-0.0949820142930116,-78.67986498105347,-0.0,-1.0,-148.0,-64.0,-38.0,-0.0,-0.0663812041166658,-0.170390113592876,-0.0323347164878461,-0.0395030092796621,0.0287861113991992,-0.0389202870826843,-107.5929521234848,-0.0527670527670527,0.00824115217391308,-0.011096014492753548,0.8671004876833833,True,train,0
challenger:2026-03-16:455:B,challenger,2026-03-16,2026-03-16,2026-03,B,Michael Vrbensky,Christoph Negritu,Clay,Murcia CH,2026-9171,Q2,0.32811046,0.3267326732673267,0.4233870967741936,2.2,0.0,bet365_via_sofascore,latest_pre_match_assumed,0.0410919034048001,0.0522917234979711,-0.0986813455145276,-0.0028045670830116,-0.1407102893888425,-55.02832722371977,-0.0,-0.0,66.0,-66.0,-212.0,0.0150375939849624,-0.0456451918755866,0.040848516562669,0.0337537410615406,0.0471333211799254,-0.0270094628395271,-0.0479788056338074,-83.00701794239853,-0.0337078651685393,-0.09527663677419362,-0.09665442350686693,0.7884573603642703,True,train,0
challenger:2026-03-16:460:B,challenger,2026-03-16,2026-03-16,2026-03,B,Miguel Damas,Jan Choinski,Clay,Murcia CH,2026-9171,R32,0.2560344,0.24264705882352944,0.3373493975903614,2.75,0.0,bet365_via_sofascore,latest_pre_match_assumed,0.0258096561966428,0.0104743062581757,-0.0396272907046281,-0.0336969930308913,-0.6625842740481545,-211.52971881650433,-0.0,-0.0,-70.0,-339.0,-197.0,-0.0184049079754601,-0.0006940401540208,-0.1948158097411274,0.023726730595386,0.0084387423543153,-0.0638310987014798,-0.0671835769960004,-215.48907224927189,-0.1610488511963999,-0.08131499759036143,-0.09470233876683198,1.0116009116784799,True,train,0
challenger:2026-03-16:436:A,challenger,2026-03-16,2026-03-16,2026-03,A,Mikhail Kukushkin,Roberto Carballes Baena,Clay,Murcia CH,2026-9171,R16,0.33943495,0.2483660130718954,0.3373493975903614,2.75,0.0,bet365_via_sofascore,latest_pre_match_assumed,0.1564302489900461,0.0515030431331057,0.1862532249895424,0.2020003321784552,0.0580673042458699,-39.43081597011337,-0.0,-0.0,57.0,-292.0,-169.0,-0.0,0.2137573890572597,0.0883144218533171,0.0035673671588629,-0.0353675397892748,0.0264657571507066,-0.0085133275174196,-225.33370769699104,-0.1124293785310733,0.0020855524096385913,-0.08898338451846602,1.0116009116784799,True,train,0
challenger:2026-03-16:487:B,challenger,2026-03-16,2026-03-16,2026-03,B,Mili Poljicak,Stefano Travaglia,Clay,Zadar CH,2026-9472,R32,0.30616385,0.24264705882352944,0.3913043478260869,2.38,0.0,bet365_via_sofascore,latest_pre_match_assumed,-0.0246707938022403,-0.0280499874370964,-0.0403345631803305,0.1258789725081407,-0.0603925843590985,-151.70520641539338,-0.0,-0.0,-185.0,-185.0,-199.0,-0.0,-0.032922208504415,0.1460737676878167,0.0156247952161742,-0.0101602965210078,-0.0321305424674331,-0.0160792369595144,-106.76387934791092,-0.1428571428571428,-0.0851404978260869,-0.14865728900255748,0.8671004876833833,True,train,0
challenger:2026-03-16:494:A,challenger,2026-03-16,2026-03-16,2026-03,A,Nerman Fatic,Lukas Neumayer,Clay,Zadar CH,2026-9472,R16,0.52250236,0.437037037037037,0.4240837696335078,2.2,0.0,bet365_via_sofascore,latest_pre_match_assumed,0.0070602614827918,0.0916717740328278,-0.0075215562138885,-0.0075240064358146,0.1743444285304118,13.059888713335113,-0.0,-0.0,7.0,-4.0,-3.0,-0.0,-0.1154955819598501,0.2336453901066425,0.0215508949284353,-0.0126621467403554,-0.0180027889802382,0.0310503230841482,52.058008102996155,0.062189518132141,0.09841859036649225,0.0129532674035292,0.7884573603642703,True,train,0
challenger:2026-03-16:445:B,challenger,2026-03-16,2026-03-16,2026-03,B,Nikolas Sanchez Izquierdo,Roberto Carballes Baena,Clay,Murcia CH,2026-9171,R32,0.26629349999999996,0.24264705882352944,0.35380835380835374,2.63,0.0,bet365_via_sofascore,latest_pre_match_assumed,0.0974915129044685,0.0554195933353077,-0.1204066756661995,-0.0812288735764908,-0.1493392636528734,-185.174343462312,-0.0,-0.0,115.0,-300.0,-178.0,-0.0,0.1281028419467634,-0.1205381805352894,0.0026252259894252,-0.0209281057119846,-0.0043858436444396,-0.0175890161764823,-223.4563755612323,-0.2574468085106383,-0.08751485380835378,-0.1111612949848243,0.9669838461896731,True,train,0
challenger:2026-03-16:464:B,challenger,2026-03-16,2026-03-16,2026-03,B,Pol Martin Tiffon,Andrea Pellegrino,Clay,Murcia CH,2026-9171,R32,0.31811029999999996,0.3267326732673267,0.3913043478260869,2.38,0.0,bet365_via_sofascore,latest_pre_match_assumed,-0.0254967305928889,-0.0497816790715802,-0.0120783889514897,-0.0051397090159175,-0.1236228659268624,-66.47751345854772,-0.0,-0.0,-137.0,-311.0,-240.0,-0.0,-0.0110603935477341,-0.1281028419467634,-0.0352149418587782,-0.065270598695563,0.0403967561541188,-0.0147824211348176,-204.95773282488497,-0.0693581780538302,-0.07319404782608696,-0.06457167455876023,0.8671004876833833,True,train,0
challenger:2026-03-16:438:B,challenger,2026-03-16,2026-03-16,2026-03,B,Roberto Carballes Baena,Pablo Carreno Busta,Clay,Murcia CH,2026-9171,F,0.52025557,0.562962962962963,0.3373493975903614,2.75,0.0,bet365_via_sofascore,latest_pre_match_assumed,-0.1687593611091885,-0.0504464847907298,-0.1030783586872264,-0.1411083763283985,-0.0987974016573538,-1.5850583787059804,-0.0,-0.0,76.0,-199.0,-36.0,0.0190615835777126,-0.4220200573149486,-0.0278502121394954,-0.0145563347387885,0.0135828529099621,-0.0265739545889475,0.0185777523744478,210.69424608412555,0.0181818181818181,0.18290617240963858,0.22561356537260158,1.0116009116784799,True,train,0
challenger:2026-03-16:444:A,challenger,2026-03-16,2026-03-16,2026-03,A,Roberto Carballes Baena,Jesper De Jong,Clay,Murcia CH,2026-9171,SF,0.5395946,0.4464285714285714,0.3538083538083538,2.63,1.0,bet365_via_sofascore,latest_pre_match_assumed,-0.289019357560316,-0.124696489155865,-0.0681809923360461,-0.0211832675296254,-0.0604840595209474,21.34616953233035,0.0,0.0,-77.0,-294.0,-55.0,0.0,-0.2215611001468592,-0.05086814612441,-0.0010270445692002,0.0199542060758879,0.0083397172558853,0.0068546339863002,49.71777312657446,0.1010152284263958,0.18578624619164624,0.0926202176202176,0.9669838461896731,True,train,1
challenger:2026-03-16:452:B,challenger,2026-03-16,2026-03-16,2026-03,B,Rudolf Molleker,Frederico Ferreira Silva,Clay,Murcia CH,2026-9171,Q2,0.3982422,0.38020833333333337,0.3549488054607508,2.625,0.0,bet365_via_sofascore,latest_pre_match_assumed,0.0356719613509167,-0.0489196677809969,0.0420844317058447,-0.0367434456614426,-0.2825636905567392,-190.4951224644774,-0.0,-0.0,-19.0,-81.0,-132.0,0.0205780526704788,-0.3007047133909611,0.0998682334616508,-0.0509136645728681,-0.0146407420782866,-0.0071861144589117,0.0208344408502185,10.627093635889196,-0.036524208938002,0.043293394539249186,0.025259527872582566,0.965080896043587,True,train,0
challenger:2026-03-16:493:A,challenger,2026-03-16,2026-03-16,2026-03,A,Sumit Nagal,Lukas Neumayer,Clay,Zadar CH,2026-9472,R32,0.5522612,0.4827586206896552,0.4240837696335078,2.2,0.0,bet365_via_sofascore,latest_pre_match_assumed,0.0336190393064822,-0.0013428979673454,0.1195825880883638,-0.0305788932564475,0.0529055133108565,26.35577401199066,-0.0,-0.0,29.0,-63.0,-56.0,-0.0,0.0277710942374507,0.3785842786691251,0.0291457243590417,0.0180445644871808,0.0461260380618686,0.0577585037267593,40.38515018815906,0.0683203991130819,0.1281774303664922,0.05867485105614739,0.7884573603642703,True,train,0
challenger:2026-03-16:495:B,challenger,2026-03-16,2026-03-16,2026-03,B,Tiago Pereira,Nerman Fatic,Clay,Zadar CH,2026-9472,R32,0.32437104000000005,0.3267326732673267,0.35380835380835374,2.63,0.0,bet365_via_sofascore,latest_pre_match_assumed,-0.0988974981358153,-0.0437170339853601,-0.1611572836348833,-0.0486736944455925,-0.2808961665927594,-276.6646348122083,-0.0,-0.0,-109.0,-52.0,-43.0,-0.0097560975609756,-0.334392802031256,-0.3847911541593788,-0.0344088163945907,-0.047017455403557,-0.0530004775332214,-0.0839173059496573,-281.21291170524796,-0.2549106483532712,-0.029437313808353682,-0.027075680541027047,0.9669838461896731,True,train,0
challenger:2026-03-16:430:B,challenger,2026-03-16,2026-03-16,2026-03,B,Valentin Basel,Thiago Cigarran,Clay,Asuncion CH,2026-2909,Q2,0.4116868,0.38020833333333337,0.3549488054607508,2.625,0.0,bet365_via_sofascore,latest_pre_match_assumed,0.040136565909444,-0.0590440238729559,-0.0649499885159303,-0.0747282449349882,0.178951679719812,60.010663801823966,-0.0,-0.0,-13.0,-18.0,-292.0,-0.0,-0.0645012099430423,-0.037446275728907,-0.0047076554933352,0.0163227002600003,-0.0131070786408103,-0.0097402251135272,74.63009896413928,-0.0384615384615384,0.056737994539249215,0.025259527872582566,0.965080896043587,True,train,0
challenger:2026-03-16:419:B,challenger,2026-03-16,2026-03-16,2026-03,B,Valerio Aboian,Joao Lucas Reis Da Silva,Clay,Asuncion CH,2026-2909,R16,0.30526555,0.24264705882352944,0.3373493975903614,2.75,0.0,bet365_via_sofascore,latest_pre_match_assumed,-0.0690994373164586,-0.0922313273021412,-0.0844796424721493,-0.0887736739502809,0.3705217512021779,-84.64764726431213,-0.0,-0.0,-117.0,-206.0,-319.0,0.0266613432703398,0.1379989585796831,0.094739794471035,-0.000995188644277,-0.0032425328578763,-0.0067202504680624,-0.0086747670292361,-85.38919997139419,-0.0333627537511032,-0.032083847590361425,-0.09470233876683198,1.0116009116784799,True,train,0
challenger:2026-03-16:432:A,challenger,2026-03-16,2026-03-16,2026-03,A,Valerio Aboian,Joao Eduardo Schiessl,Clay,Asuncion CH,2026-2909,R32,0.5086896,0.437037037037037,0.4240837696335078,2.2,1.0,bet365_via_sofascore,latest_pre_match_assumed,0.0148805455561444,0.0147025348244141,0.0523660499849619,0.0520384756153643,0.3999025255595738,66.02674731095021,0.0,0.0,63.0,-10.0,-35.0,0.0128205128205128,-0.0082239042677378,-0.0082239042677378,-0.0094142758603455,-0.0093022389582339,-0.0022740041094667,-0.0033886887620656,69.92555609509282,0.1007281553398058,0.08460583036649216,0.0129532674035292,0.7884573603642703,True,train,1
atp:2026-03-18:392:A,atp,2026-03-18,2026-03-18,2026-03,A,Adam Walton,Sebastian Baez,Hard,,,,0.3667128,0.3667128,0.4201474201474202,2.380116959064327,1.0,,,0.1239661694590704,0.1224389022754759,0.008608150133603,0.0001316600729974,-0.1116677750202731,-153.7516172545263,0.0,0.0,-166.0,-413.0,-33.0,-0.0021457022913952,-0.300534972438182,-0.3333543138069507,-0.039162742177897,-0.0370985946080793,-0.0073985219328895,-0.0200168128335086,-107.9309599510134,-0.193089263677499,-0.053434620147420175,-0.053434620147420175,0.867149628939935,True,tune,1
atp:2026-03-18:425:B,atp,2026-03-18,2026-03-18,2026-03,B,Alexei Popyrin,Marin Cilic,Hard,,,,0.50735733,0.50735733,0.4250614250614251,2.352601156069364,0.0,,,-0.0332337944328073,-0.0332337944328073,-0.2551796336637154,-0.2551796336637154,-0.1251464730928158,-72.88418635633616,-0.0,-0.0,34.0,235.0,20.0,-0.0,-0.183963198001835,-0.183963198001835,-0.0217374285928543,-0.0217374285928543,-0.0035775762183134,-0.0035775762183134,-67.86657633044979,-0.1227154808056664,0.08229590493857497,0.08229590493857497,0.855521590944816,True,tune,0
atp:2026-03-18:403:A,atp,2026-03-18,2026-03-18,2026-03,A,Botic Van De Zandschulp,Denis Shapovalov,Hard,,,,0.43902522,0.43902522,0.3564814814814815,2.805194805194805,1.0,,,-0.0999035343943655,-0.0999035343943655,-0.0075203624392221,-0.0075203624392221,-0.3234859032119734,-75.24761609046595,0.0,0.0,-63.0,-919.0,-54.0,-0.007243452517947,-0.0780742943520014,-0.0780742943520014,-0.0001221652011985,-0.0001221652011985,0.0217174452360904,0.0217174452360904,-114.497183823137,-0.0655806334182744,0.08254373851851848,0.08254373851851848,1.031472985830481,True,tune,1
atp:2026-03-18:405:A,atp,2026-03-18,2026-03-18,2026-03,A,Cameron Norrie,Alex Michelsen,Hard,,,,0.5380797,0.5380797,0.3990384615384615,2.5060240963855422,0.0,,,0.1761767218640493,0.1761767218640493,0.1069398439730345,0.1069398439730345,-0.111595074810456,23.512541751438675,-0.0,-0.0,190.0,263.0,11.0,0.0125004551718057,-0.0238132119102747,-0.0238132119102747,0.0249877741945376,0.0249877741945376,-0.0209814691562082,-0.0209814691562082,-0.0956369467692184,0.0946412118874676,0.13904123846153854,0.13904123846153854,0.9186974719047201,True,tune,0
atp:2026-03-18:409:A,atp,2026-03-18,2026-03-18,2026-03,A,Corentin Moutet,Tomas Machac,Hard,,,,0.39956605,0.39956605,0.4029126213592232,2.481927710843374,1.0,,,-0.1388971607115147,-0.1388971607115147,-0.1066159146758712,-0.1066159146758712,-0.1093279601257759,-125.05858233987487,0.0,0.0,55.0,-62.0,-2.0,-0.0177430801987224,-0.409561298377915,-0.409561298377915,0.007334659176632,0.007334659176632,-0.0222741930675715,-0.0222741930675715,-187.67235530712037,-0.1085675649570173,-0.0033465713592231716,-0.0033465713592231716,0.9090355609929834,True,tune,1
atp:2026-03-18:410:A,atp,2026-03-18,2026-03-18,2026-03,A,Damir Dzumhur,Ignacio Buse,Hard,,,,0.3690546,0.3690546,0.3439635535307517,2.9072847682119205,1.0,,,0.0287773810159769,0.0278864864143074,-0.0680069187843354,-0.0837666429363251,-0.2959453398960833,-117.18989486348325,0.0,0.0,66.0,210.0,36.0,-0.0152761457109283,-0.2121955624638064,0.2053818583734047,0.0113886659988051,0.0277017641028128,-0.0208584487562819,-0.0236143865375328,-143.73789032541367,-0.175,0.025091046469248313,0.025091046469248313,1.067219576260247,True,tune,1
atp:2026-03-18:408:B,atp,2026-03-18,2026-03-18,2026-03,B,Ethan Quinn,Casper Ruud,Hard,,,,0.16907499999999998,0.16907499999999998,0.3676814988290398,2.7197452229299364,1.0,,,0.0659530263230811,0.0659530263230811,-0.214959723368568,-0.214959723368568,-0.0215868345569931,-265.35518077334314,0.0,0.0,-315.0,-2036.0,-58.0,-0.0126631970730353,-0.3101449593076366,-0.3101449593076366,0.0059287391297115,0.0059287391297115,-0.0480879564166452,-0.0480879564166452,-255.09628884680683,-0.3222222222222222,-0.1986064988290398,-0.1986064988290398,1.0005382078803164,True,tune,1
atp:2026-03-18:419:B,atp,2026-03-18,2026-03-18,2026-03,B,Ethan Quinn,Hubert Hurkacz,Hard,,,,0.26477360000000005,0.26477360000000005,0.43349753694581283,2.3068181818181817,1.0,,,0.113805741112115,0.1326106762639994,-0.1519902835381822,-0.1321277286348796,0.1418309195788081,-202.64423035741245,0.0,0.0,-263.0,24.0,2.0,-0.0033026922237485,0.0115668643429379,0.0115668643429379,0.0301681040836517,0.0274225338906181,-0.0498279384180384,-0.0443669221932099,-176.78258356222273,-0.2775613275613275,-0.16872393694581278,-0.16872393694581278,0.8358691645635807,True,tune,1
atp:2026-03-18:437:B,atp,2026-03-18,2026-03-18,2026-03,B,Gabriel Diallo,Ugo Humbert,Hard,,,,0.38689359999999995,0.38689359999999995,0.42156862745098045,2.3720930232558137,0.0,,,0.0233578785289508,0.0233578785289508,-0.2216743425152367,-0.2216743425152367,0.0359189585258371,-76.72840834298177,-0.0,-0.0,-191.0,-142.0,-4.0,-0.0126950745305103,-0.073851787471821,-0.073851787471821,-0.0012868380105092,-0.0012868380105092,0.0034421799128199,0.0034421799128199,-159.88757159696183,-0.0688721804511278,-0.0346750274509805,-0.0346750274509805,0.8637726975907085,True,tune,0
atp:2026-03-18:433:B,atp,2026-03-18,2026-03-18,2026-03,B,James Duckworth,Roberto Bautista Agut,Hard,,,,0.49490654,0.49490654,0.40975609756097564,2.4404761904761902,0.0,,,-0.0953695069780269,-0.0816313523254102,0.1013305464522541,0.0993554265260776,-0.3548083658652787,-92.46726145977732,-0.0,-0.0,-125.0,24.0,3.0,-0.0141843971631205,-0.0740414547436004,-0.0740414547436004,-0.011211244009571,-0.010398017763061,-0.0461811735463829,-0.0403872402680599,-22.778972674904935,-0.1276677278622804,0.08515044243902437,0.08515044243902437,0.8921931802950944,True,tune,0
atp:2026-03-18:422:A,atp,2026-03-18,2026-03-18,2026-03,A,Kamil Majchrzak,Miomir Kecmanovic,Hard,,,,0.48332244,0.48332244,0.3708920187793427,2.6962025316455698,1.0,,,0.0057991769575574,0.0057991769575574,-0.1162526656492087,-0.1162526656492087,-0.0105520099964067,40.49068347665798,0.0,0.0,-213.0,-154.0,-11.0,0.0097465886939571,-0.1685255167754153,-0.1685255167754153,-0.0268557063113654,-0.0268557063113654,-0.0381850284647234,-0.0381850284647234,24.642614979137537,-0.0110976244147736,0.11243042122065733,0.11243042122065733,0.9918443132424036,True,tune,1
atp:2026-03-18:430:B,atp,2026-03-18,2026-03-18,2026-03,B,Liam Draxl,Quentin Halys,Hard,,,,0.3830949,0.3830949,0.34545454545454546,2.8947368421052633,0.0,,,0.0262108593547983,0.0262108593547983,-0.1416711564947965,-0.1416711564947965,-0.0584740219031456,-16.29590219401257,-0.0,-0.0,-115.0,-208.0,-42.0,-0.0002194907813871,-0.3391459622837921,-0.3391459622837921,0.0443758761462946,0.0443758761462946,-0.0590201285877571,-0.0590201285877571,0.894723781273342,-0.376068376068376,0.03764035454545456,0.03764035454545456,1.0628942060660305,True,tune,0
atp:2026-03-18:423:B,atp,2026-03-18,2026-03-18,2026-03,B,Martin Landaluce,Luciano Darderi,Hard,,,,0.32938146999999995,0.32938146999999995,0.44999999999999996,2.2222222222222223,1.0,,,-0.0867806834509042,-0.0266075728941479,-0.0395710601236908,0.0085026463472387,-0.2237821513824893,-241.29233516106228,0.0,0.0,-105.0,-1130.0,-110.0,0.0054756456358287,-0.555784161225336,-0.2689122927931588,-0.0806758481691624,-0.0539761180914834,-0.0020936274318833,0.0041900740068486,-4.39697243790738,-0.3949579831932773,-0.12061853,-0.12061853,0.7985076962177716,True,tune,1
atp:2026-03-18:424:B,atp,2026-03-18,2026-03-18,2026-03,B,Martin Landaluce,Marcos Giron,Hard,,,,0.33766949999999996,0.33766949999999996,0.36941176470588233,2.7070063694267517,1.0,,,-0.0274731173382488,-0.002535533224089,-0.0505931551275739,-0.0742207371107205,0.0369711289623425,-192.58659810149152,0.0,0.0,-258.0,-396.0,-70.0,-0.0014756517461878,-0.3407968634293715,-0.2627775973858008,-0.0465392237234708,-0.0567712899878199,-0.0319392337372479,-0.0240548163645165,-99.06735536435076,-0.3277310924369748,-0.03174226470588237,-0.03174226470588237,0.9958433635761088,True,tune,1
atp:2026-03-18:399:B,atp,2026-03-18,2026-03-18,2026-03,B,Matteo Arnaldi,Alexander Shevchenko,Hard,,,,0.5699613,0.5699613,0.4513715710723192,2.2154696132596685,0.0,,,-0.1079813730973575,-0.1109918910650659,-0.093281520848507,-0.0921734676598569,-0.3334146585693616,-23.85843744964268,-0.0,-0.0,11.0,221.0,36.0,0.0037707390648567,-0.2646436497183319,-0.2646436497183319,-0.0062516843398887,-0.0022275202833582,-0.032593699477408,-0.0313001236487403,-12.282373292023522,0.0328525641025641,0.11858972892768083,0.11858972892768083,0.7954643960407435,True,tune,0
atp:2026-03-18:397:B,atp,2026-03-18,2026-03-18,2026-03,B,Matteo Berrettini,Alexander Bublik,Hard,,,,0.3618289,0.3618289,0.38242280285035624,2.614906832298137,1.0,,,-0.0576458894079834,0.0943580128123188,-0.0811552177644128,-0.1240226114685709,-0.1681999658844775,-153.65362920924645,0.0,0.0,-97.0,-1900.0,-45.0,0.0087077673284569,-0.1655934382799584,-0.0508931342454683,-0.0216856565513465,-0.021983153224698,0.0101371302455512,0.0173075276683015,-59.2972633135937,0.1335653445207221,-0.020593902850356227,-0.020593902850356227,0.9612284686979186,True,tune,1
atp:2026-03-18:432:B,atp,2026-03-18,2026-03-18,2026-03,B,Nuno Borges,Reilly Opelka,Hard,,,,0.47544765,0.47544765,0.4250614250614251,2.352601156069364,0.0,,,-0.0602454316504048,-0.0602454316504048,-0.0835858137076155,-0.0835858137076155,0.2338140043247626,0.6438198679566085,-0.0,-0.0,-16.0,107.0,5.0,-0.0091567808779022,-0.119697913473428,-0.119697913473428,0.0119602796343153,0.0119602796343153,-0.0574719416416149,-0.0574719416416149,-13.41290468246666,-0.0708968883465527,0.05038622493857492,0.05038622493857492,0.855521590944816,True,tune,0
atp:2026-03-18:418:B,atp,2026-03-18,2026-03-18,2026-03,B,Raphael Collignon,Grigor Dimitrov,Hard,,,,0.32797027,0.32797027,0.4111922141119222,2.4319526627218933,1.0,,,0.1169305826227793,0.1787770442861305,0.0698426459213199,0.0610315007318306,-0.1621537044983888,-199.1065920384092,0.0,0.0,-244.0,-476.0,-41.0,0.0,0.1022696585847521,0.1455288226934003,0.0128806198774208,0.017558030718296,0.0324304453309615,0.031442917000424,-190.8005477754541,-0.2439393939393939,-0.08322194411192219,-0.08322194411192219,0.888694499573161,True,tune,1
atp:2026-03-18:395:B,atp,2026-03-18,2026-03-18,2026-03,B,Rei Sakamoto,Aleksandar Kovacevic,Hard,,,,0.37173829999999997,0.37173829999999997,0.3942307692307693,2.536585365853658,1.0,,,0.0202655857827547,0.0202655857827547,-0.0628373013059948,-0.0628373013059948,0.2088964130971452,-48.22834107900076,0.0,0.0,-95.0,-559.0,-124.0,0.0145903479236812,-0.5395455673766165,-0.5395455673766165,-0.0145332150742517,-0.0145332150742517,-0.0460387863874756,-0.0460387863874756,-56.38603308064057,-0.3636363636363636,-0.022492469230769307,-0.022492469230769307,0.9308188324370646,True,tune,1
atp:2026-03-18:435:A,atp,2026-03-18,2026-03-18,2026-03,A,Stefanos Tsitsipas,Alex De Minaur,Hard,,,,0.29699054,0.29699054,0.3486238532110092,2.8684210526315788,1.0,,,-0.2236873993197603,-0.2236873993197603,0.0168988471533761,0.0127480109596089,-0.1618141231184706,-212.77788191176705,0.5384615384615385,0.7142857142857142,20.0,-2700.0,-29.0,-0.0182589299036137,-0.3139166363327417,-0.3139166363327417,-0.0440808463362729,-0.043369364812758,0.0133168203937206,0.0128032772325519,-192.9204020887053,0.0410557184750732,-0.05163331321100917,-0.05163331321100917,1.0537617225027578,True,tune,1
atp:2026-03-18:402:B,atp,2026-03-18,2026-03-18,2026-03,B,Terence Atmane,Arthur Rinderknech,Hard,,,,0.32373244,0.32373244,0.41463414634146334,2.4117647058823533,1.0,,,0.2191059785599692,0.2191059785599692,0.0351560623494451,0.0351560623494451,-0.2361375360293409,-158.76259581546378,0.0,0.0,-170.0,-672.0,-34.0,0.008436080467229,0.0468099059922897,0.0468099059922897,0.0321850773666169,0.0321850773666169,-0.0143407002704544,-0.0143407002704544,-108.80992925717828,-0.1172476824650737,-0.09090170634146333,-0.09090170634146333,0.8803587226480919,True,tune,1
atp:2026-03-18:439:A,atp,2026-03-18,2026-03-18,2026-03,A,Yannick Hanfmann,Rafael Jodar,Hard,,,,0.558735,0.558735,0.425061425061425,2.3526011560693645,0.0,,,0.0496591373870252,0.0162288017738439,0.152399279469889,0.1427233951947064,0.068154606088263,131.07915975539845,-0.0,-0.0,146.0,274.0,64.0,-0.0126582278481012,0.4112217902883898,0.267091332984289,0.0418803608829911,0.0106480339696308,0.0318762651882272,0.0517322191026909,65.68208796832982,0.0359004053271569,0.13367357493857496,0.13367357493857496,0.8555215909448162,True,tune,0
atp:2026-03-18:442:A,atp,2026-03-18,2026-03-18,2026-03,A,Zizou Bergs,Jenson Brooksby,Hard,,,,0.4198583,0.4198583,0.3791469194312796,2.6375,1.0,,,-0.2281526582462731,-0.2281526582462731,-0.0443855782341363,-0.0443855782341363,0.283273168936677,-64.9184383572956,0.0,0.0,-12.0,191.0,8.0,-0.0082034454470877,-0.0744773244444018,-0.0744773244444018,0.0121607469764639,0.0121607469764639,-0.0374972707227443,-0.0374972707227443,-23.442744285202025,-0.1237728736354354,0.04071138056872042,0.04071138056872042,0.969831498802185,True,tune,1
challenger:2026-03-23:708:B,challenger,2026-03-23,2026-03-23,2026-03,B,Alec Deckers,Jie Cui,Hard,Yokkaichi CH,2026-8268,Q2,0.41405725000000004,0.38020833333333337,0.3549488054607508,2.625,0.0,bet365_via_sofascore,latest_pre_match_assumed,-0.1665601232719676,-0.1665601232719676,-0.0032423230411791,-0.0032423230411791,0.0089126307052092,17.026469200815427,-0.0,-0.0,-64.0,-107.0,-318.0,-0.0,0.1045186517478298,0.0796113291288728,-0.0321437795266714,-0.0321437795266714,0.0210822066100512,0.0210822066100512,23.51841656660804,0.0278787878787878,0.05910844453924924,0.025259527872582566,0.965080896043587,True,tune,0
challenger:2026-03-23:764:B,challenger,2026-03-23,2026-03-23,2026-03,B,Alexander Vasilev,Tom Gentzsch,Clay,Split CH,2026-8388,QF,0.20343509999999998,0.24264705882352944,0.375,2.5,0.0,bet365_via_sofascore,latest_pre_match_assumed,0.0119989112096561,0.0500272960039037,0.0319598731138083,0.1307158502357184,-0.2507099631243284,-127.6781353269339,-0.0,-0.0,-67.0,-166.0,-738.0,-0.0,-0.1627296666614647,-0.3614783706087098,0.04764613448901,-0.0108028695506196,-0.101059236207493,-0.1055241053346491,-83.90184141375084,-0.1809523809523809,-0.17156490000000002,-0.13235294117647056,0.9162907318741551,True,tune,0
challenger:2026-03-23:539:A,challenger,2026-03-23,2026-03-23,2026-03,A,Alexandre Muller,Hamad Medjedovic,Clay,Naples CH,2026-2911,QF,0.6021887,0.6197916666666666,0.4240837696335078,2.2,0.0,bet365_via_sofascore,latest_pre_match_assumed,-0.0679272014049903,0.0114777922449438,0.0197312381240509,0.1623657937293557,-0.168500613463395,4.7663492986441724,-0.0,-0.0,92.0,487.0,38.0,-0.0,-0.1523212868809025,0.1849931624543739,-0.0038470390754433,0.0217085898298974,-0.0139177783129965,0.015534341723531,64.10501451855998,-0.0328173374613003,0.17810493036649222,0.19570789703315883,0.7884573603642703,True,tune,0
challenger:2026-03-23:718:B,challenger,2026-03-23,2026-03-23,2026-03,B,Andre Ilagan,James Mccabe,Hard,Yokkaichi CH,2026-8268,R32,0.30933696,0.24264705882352944,0.4109947643979057,2.25,0.0,bet365_via_sofascore,latest_pre_match_assumed,0.0884974043786259,0.0884974043786259,0.0977570180161476,0.0977570180161476,-0.0827991186676861,-140.6700412992709,-0.0,-0.0,-58.0,-167.0,-156.0,-0.0,-0.1165590583052139,-0.1165590583052139,0.0365951247303482,0.0365951247303482,-0.0376046587395931,-0.0376046587395931,-116.27970419031612,-0.0267094017094017,-0.10165780439790573,-0.16834770557437628,0.8109302162163288,True,tune,0
challenger:2026-03-23:607:A,challenger,2026-03-23,2026-03-23,2026-03,A,Andres Andrade,Tristan Schoolkate,Hard,Morelia CH,2026-2991,R16,0.37741926,0.3076923076923077,0.375,2.5,0.0,bet365_via_sofascore,latest_pre_match_assumed,0.1383933423742268,0.127362955300255,-0.1841528808091118,-0.184148562880099,-0.1907022825687247,-43.29291731989747,-0.0,-0.0,-66.0,-441.0,-172.0,-0.0,0.1269466516018268,0.1269466516018268,0.0360077932297467,0.0375563107638273,-0.0214151866340042,-0.0202094157622229,-36.84326961964757,-0.0298376480912681,0.0024192599999999786,-0.06730769230769229,0.9162907318741551,True,tune,0
challenger:2026-03-23:586:B,challenger,2026-03-23,2026-03-23,2026-03,B,Andres Martin,Stefan Kozlov,Hard,Morelia CH,2026-2991,R32,0.47987159999999995,0.562962962962963,0.4109947643979057,2.25,1.0,bet365_via_sofascore,latest_pre_match_assumed,-0.0784110398128676,-0.0780229096752686,-0.1326182581767089,-0.1297928990868336,-0.101362583651308,-99.25019535639558,0.0,0.0,-86.0,18.0,18.0,0.0,-0.022427999853997,-0.022427999853997,-0.0042500994455959,-0.0044816171251005,0.0386509163906964,0.038197380319487,-88.18681115068489,-0.1220238095238095,0.06887683560209423,0.15196819856505728,0.8109302162163288,True,tune,1
challenger:2026-03-23:606:B,challenger,2026-03-23,2026-03-23,2026-03,B,Andres Martin,Nicolas Mejia,Hard,Morelia CH,2026-2991,R16,0.42267853,0.3936170212765957,0.4109947643979057,2.25,0.0,bet365_via_sofascore,latest_pre_match_assumed,-0.221161812197438,-0.21584605439966,-0.1371095964953245,-0.1158371061198239,-0.1958058051927775,-136.13428423646835,-0.0,-0.0,-165.0,-144.0,-101.0,-0.0,-0.0935623642231989,0.0005899341309176,-0.0210290592080759,-0.0165418803414643,0.0125332128174104,0.020516983898189,-26.410148362363316,0.0150862068965517,0.011683765602094276,-0.01737774312131002,0.8109302162163288,True,tune,0
challenger:2026-03-23:611:A,challenger,2026-03-23,2026-03-23,2026-03,A,Arthur Reymond,Max Wiskandt,Hard,Morelia CH,2026-2991,Q1,0.29765567,0.2483660130718954,0.3549488054607508,2.625,0.0,bet365_via_sofascore,latest_pre_match_assumed,0.0389166535398519,0.0451551342493945,-0.0855590035337577,-0.078023094280172,-0.3477638167240886,-73.54958981039226,-0.0,-0.0,-16.0,-51.0,-208.0,-0.0,-0.0655174230098659,-0.0655174230098659,-0.0453654344566156,-0.0472623045028603,-0.0519709639222008,-0.0514229102875336,-75.8793424952828,-0.1294731163459809,-0.05729313546075082,-0.1065827923888554,0.965080896043587,True,tune,0
challenger:2026-03-23:653:B,challenger,2026-03-23,2026-03-23,2026-03,B,Benjamin Torrealba,Johan Nikles,Clay,Bucaramanga CH,2026-5016,R32,0.35895573999999997,0.38020833333333337,0.375,2.5,0.0,bet365_via_sofascore,latest_pre_match_assumed,0.0580670546336714,0.0408983871015675,-0.0595138740337465,-0.0578314255966251,-0.32449129205103,17.90291621903748,-0.0,-0.0,-69.0,-41.0,-280.0,-0.0,-0.0696238063869215,0.0047494120343773,-0.0264211072978138,-0.0211986701595686,-0.0292830386842914,-0.0039445036017086,-2.9124425805887313,-0.160919540229885,-0.016044260000000032,0.00520833333333337,0.9162907318741551,True,tune,0
challenger:2026-03-23:645:B,challenger,2026-03-23,2026-03-23,2026-03,B,Breno Braga,Victor Braga,Clay,Sao Paulo CH,2026-3071,Q2,0.47923576999999995,0.562962962962963,0.3373493975903614,2.75,0.0,bet365_via_sofascore,latest_pre_match_assumed,0.0629352023873892,0.0868663360190726,-0.0995691674189435,-0.0536923157296914,-0.0,12.279045439613355,-0.0,-0.0,-1.0,-0.0,31.0,-0.0,-0.0,-0.0,0.0040337674956181,0.0112237559506264,-0.0666062277257071,-0.0651976702293021,0.2633626114652543,-0.0,0.14188637240963853,0.22561356537260158,1.0116009116784799,True,tune,0
challenger:2026-03-23:575:A,challenger,2026-03-23,2026-03-23,2026-03,A,Carlo Alberto Caniato ,Jacopo Vasami,Clay,Naples CH,2026-2911,R32,0.5976,0.6197916666666666,0.4240837696335078,2.2,1.0,bet365_via_sofascore,latest_pre_match_assumed,0.0507052617743425,-0.0474082548285273,-0.1720546718743547,-0.093813301930628,-0.5036136007642362,-81.95118160077891,0.0,0.0,0.0,69.0,263.0,0.0,-0.0801155057066375,-0.0704403242151812,0.0200657173980208,0.0120550226676002,0.0173779440790752,0.0305854962980401,-83.25204012634049,-0.2,0.17351623036649222,0.19570789703315883,0.7884573603642703,True,tune,1
challenger:2026-03-23:678:B,challenger,2026-03-23,2026-03-23,2026-03,B,Carlos Maria Zarate,Juan Manuel La Serna,Clay,Bucaramanga CH,2026-5016,R16,0.27483386,0.24264705882352944,0.3373493975903614,2.75,0.0,bet365_via_sofascore,latest_pre_match_assumed,0.0258008170610882,0.0166597485348928,-0.0241784098953463,-0.0241789304838346,-0.0472396311321463,-101.31277674564558,-0.0,-0.0,-21.0,-47.0,-175.0,-0.0,-0.2728651159720706,-0.263883974634635,-0.0585058671934798,-0.0589250051497979,-0.0550666380718622,-0.0471772596491222,-90.24974953503444,-0.02,-0.06251553759036144,-0.09470233876683198,1.0116009116784799,True,tune,0
challenger:2026-03-23:549:A,challenger,2026-03-23,2026-03-23,2026-03,A,Daniel Altmaier,Hamad Medjedovic,Clay,Naples CH,2026-2911,F,0.6168302,0.6197916666666666,0.3538083538083538,2.63,0.0,bet365_via_sofascore,latest_pre_match_assumed,-0.2789209114148124,-0.1390598756509213,-0.036517476944159,0.0970750977317074,-0.0703951605155449,55.97253212073065,-0.0,-0.0,58.0,405.0,35.0,-0.0,-0.1887667468991488,0.0840483999127552,-0.021213284262631,-0.0011441054790016,-0.0168034189158796,0.027252973897459,113.29025559395905,0.0848297213622291,0.2630218461916462,0.26598331285831284,0.9669838461896731,True,tune,0
challenger:2026-03-23:615:A,challenger,2026-03-23,2026-03-23,2026-03,A,Daniel Dutra Da Silva,Juan Carlos Prado Angelo,Clay,Sao Paulo CH,2026-3071,R32,0.34880736,0.2483660130718954,0.3373493975903614,2.75,0.0,bet365_via_sofascore,latest_pre_match_assumed,-0.0951213387709983,-0.0899901319134031,-0.0117400762636503,-0.0092571016825304,-0.4232255368147956,-104.35988174563364,-0.0,-0.0,72.0,-133.0,-130.0,-0.0,-0.1183014345629093,-0.2290688443912818,0.0231318538498321,0.0220071842277708,-0.0165645205941387,-0.0174761119671016,-119.66163159311895,-0.1000916926462497,0.011457962409638589,-0.08898338451846602,1.0116009116784799,True,tune,0
challenger:2026-03-23:537:A,challenger,2026-03-23,2026-03-23,2026-03,A,David Jorda Sanchis,Stefanos Sakellaridis,Clay,Naples CH,2026-2911,R32,0.35964173,0.2483660130718954,0.391304347826087,2.38,0.0,bet365_via_sofascore,latest_pre_match_assumed,-0.0782046251062931,0.2353162266512803,-0.0636823104770554,-0.0446780419538327,-0.0131768522286894,-99.4381449988516,-0.0,-0.0,51.0,-64.0,-112.0,-0.0,-0.2354438283642219,-0.0762378152387595,-0.0290244923646905,0.012562276654787,-0.0326531809357293,-0.055128222207169,50.80758910255349,-0.0317341329335332,-0.03166261782608698,-0.14293833475419157,0.8671004876833833,True,tune,0
challenger:2026-03-23:744:A,challenger,2026-03-23,2026-03-23,2026-03,A,Duje Ajdukovic,Lukas Neumayer,Clay,Split CH,2026-8388,R16,0.36274275,0.3076923076923077,0.375,2.5,0.0,bet365_via_sofascore,latest_pre_match_assumed,0.0160905186745457,-0.0858061978358031,-0.1252450568610497,-0.0095591976142037,0.2090325802911378,-62.56094995741091,-0.0,-0.0,84.0,-97.0,-98.0,-0.0,0.0858030481603759,0.0850646129795786,0.0023166032433552,-0.0231489449462929,-0.0093711403693111,-0.0077521648605562,-68.86154837744994,0.0279754444845679,-0.012257249999999997,-0.06730769230769229,0.9162907318741551,True,tune,0
challenger:2026-03-23:755:A,challenger,2026-03-23,2026-03-23,2026-03,A,Eliakim Coulibaly,Alexander Vasilev,Clay,Split CH,2026-8388,R16,0.7834644,0.7573529411764706,0.4233870967741935,2.2,0.0,bet365_via_sofascore,latest_pre_match_assumed,0.0286211325901062,-0.0489790557806483,-0.059454696691153,-0.1337941273540813,0.2062595905862272,52.407628793134336,-0.0,-0.0,71.0,150.0,715.0,-0.0,0.0087280808455025,-0.0094719379235949,-0.019549157874884,-0.0306260832573051,0.0794278182208524,0.0730248843465702,8.642942846063306,0.1666666666666666,0.36007730322580644,0.33396584440227706,0.7884573603642703,True,tune,0
challenger:2026-03-23:530:B,challenger,2026-03-23,2026-03-23,2026-03,B,Enrico Dalla Valle,Lorenzo Giustino,Clay,Naples CH,2026-2911,R16,0.4533821,0.5172413793103448,0.3913043478260869,2.38,1.0,bet365_via_sofascore,latest_pre_match_assumed,-0.1065218801173223,-0.0613371249116592,0.0835932317999904,0.2614102993257192,0.1048064721911921,-43.92483987870992,0.0,0.0,-116.0,-178.0,-253.0,0.0,0.1309836518310476,0.0801155057066375,0.0076787862207062,-0.0102282669796841,0.0719222246993418,0.0670694832097378,74.03623404880454,0.0747673324270626,0.06207775217391309,0.12593703148425783,0.8671004876833833,True,tune,1
challenger:2026-03-23:546:B,challenger,2026-03-23,2026-03-23,2026-03,B,Enrico Dalla Valle,Daniel Altmaier,Clay,Naples CH,2026-2911,QF,0.20153379999999999,0.24264705882352944,0.3373493975903614,2.75,0.0,bet365_via_sofascore,latest_pre_match_assumed,0.1020678136075671,0.1445821979227836,0.0292934212037843,0.0291590381578588,0.1326161621102705,-204.79811650093916,-0.0,-0.0,-7.0,-1027.0,-421.0,-0.0,0.0635003942323816,-0.0480335642640838,-0.0127968966072719,-0.0085201774927339,0.0335097904530727,0.0308725617632512,-194.0528082856488,-0.1921837228041901,-0.13581559759036144,-0.09470233876683198,1.0116009116784799,True,tune,0
challenger:2026-03-23:737:A,challenger,2026-03-23,2026-03-23,2026-03,A,Ergi Kirkin,Sandro Kopp,Clay,Split CH,2026-8388,R32,0.33479956,0.2483660130718954,0.391304347826087,2.38,0.0,bet365_via_sofascore,latest_pre_match_assumed,-0.0401323115197853,-0.0429410215239509,-0.0311891982333545,-0.0513925330614415,0.0768423501264736,-31.66418942232144,-0.0,-0.0,84.0,-104.0,-250.0,-0.0,0.1880001982310559,-0.1975712736994089,0.0504570804251893,0.0145307389302603,-0.050866164577727,-0.090831715020915,-72.64693810671679,0.0285909712722298,-0.05650478782608698,-0.14293833475419157,0.8671004876833833,True,tune,0
challenger:2026-03-23:739:A,challenger,2026-03-23,2026-03-23,2026-03,A,Ergi Kirkin,Matyas Cerny,Clay,Split CH,2026-8388,Q1,0.6386025,0.6197916666666666,0.4112149532710279,2.25,1.0,bet365_via_sofascore,latest_pre_match_assumed,-0.152654565345988,-0.0886752218061001,-0.0011215284326946,-0.0462832774386623,-0.2534672158442026,4.081160369211602,0.0,0.0,154.0,46.0,328.0,0.0,-0.0405037001503666,-0.3048679395125795,0.0081037061970019,-0.0096429724959875,0.0217586451690381,-0.0199419724508614,-6.347754906547607,0.0213235294117646,0.22738754672897205,0.2085767133956387,0.8109302162163288,True,tune,1
challenger:2026-03-23:682:B,challenger,2026-03-23,2026-03-23,2026-03,B,Fajing Sun,Yasutaka Uchiyama,Hard,Yokkaichi CH,2026-8268,QF,0.4203527,0.3936170212765957,0.35380835380835374,2.63,0.0,bet365_via_sofascore,latest_pre_match_assumed,0.0570879008705833,0.0570879008705833,0.0313909058528836,0.0313909058528836,-0.2584385938626342,-138.51551848570625,-0.0,-0.0,-90.0,29.0,33.0,-0.0,-0.4130320423931167,-0.4130320423931167,-0.0005160219382948,-0.0005160219382948,-0.0236519295947593,-0.0236519295947593,-133.83134209521677,-0.0935960591133005,0.06654434619164629,0.039808667468241965,0.9669838461896731,True,tune,0
challenger:2026-03-23:535:B,challenger,2026-03-23,2026-03-23,2026-03,B,Federico Bondioli,Sumit Nagal,Clay,Naples CH,2026-2911,R16,0.25773460000000004,0.24264705882352944,0.375,2.5,1.0,bet365_via_sofascore,latest_pre_match_assumed,-0.0241975470656437,0.1065869909230113,-0.1221956123424592,0.109291581616423,-0.1543525044153331,-218.95642309948448,0.0,0.0,-151.0,-89.0,-166.0,0.0,-0.2111947467531458,-0.2651299080639109,-0.0257333195556965,-0.0206987919531703,-0.0486954940183932,-0.0688602572336808,-184.6550137607412,-0.2188879082082965,-0.11726539999999996,-0.13235294117647056,0.9162907318741551,True,tune,1
challenger:2026-03-23:555:B,challenger,2026-03-23,2026-03-23,2026-03,B,Federico Bondioli,Ugo Blanchet,Clay,Naples CH,2026-2911,R32,0.2898857,0.24264705882352944,0.375,2.5,1.0,bet365_via_sofascore,latest_pre_match_assumed,-0.097478378799208,0.0976340956642503,-0.1618882007461451,0.1191447950272091,-0.2776396594123267,-211.8491322784023,0.0,0.0,-82.0,-321.0,-298.0,0.0,-0.2869019086195497,0.0626297395411855,0.0139822798237833,0.0212953099110783,0.0144803518176813,0.0500470399976836,-41.04213838239821,-0.1254147312541473,-0.08511429999999998,-0.13235294117647056,0.9162907318741551,True,tune,1
challenger:2026-03-23:557:B,challenger,2026-03-23,2026-03-23,2026-03,B,Federico Bondioli,Andrea Guerrieri,Clay,Naples CH,2026-2911,Q2,0.4910804,0.562962962962963,0.39232409381663114,2.375,1.0,bet365_via_sofascore,latest_pre_match_assumed,0.0236657033481615,0.0376615877857752,0.0884977733719026,0.1452836148865773,-0.3511041780966635,-96.41344542527644,0.0,0.0,3.0,23.0,69.0,0.0,-0.2111947467531458,-0.1077603740516904,-0.0192026438726901,-0.037878925919443,0.0023346831319359,0.0082444445415948,-4.034365825802297,-0.1363636363636363,0.09875630618336884,0.17063886914633186,0.8649974374866045,True,tune,1
challenger:2026-03-23:629:A,challenger,2026-03-23,2026-03-23,2026-03,A,Felipe Meligeni Alves,Jaime Faria,Clay,Sao Paulo CH,2026-3071,R16,0.48533556,0.437037037037037,0.3538083538083538,2.63,0.0,bet365_via_sofascore,latest_pre_match_assumed,-0.0022561914465817,0.0107838336167755,-0.0094388111633283,0.0185371366651386,0.0812906330338459,22.11490569483271,-0.0,-0.0,115.0,-154.0,-74.0,-0.0,-0.1639872910822172,-0.1041130154993132,0.0050332372158691,0.0038803747903763,-0.0022021089844339,0.0048453504286,42.04672707888835,0.0606976744186046,0.1315272061916462,0.08322868322868321,0.9669838461896731,True,tune,0
challenger:2026-03-23:542:B,challenger,2026-03-23,2026-03-23,2026-03,B,Filip Cristian Jianu,Andrea Pellegrino,Clay,Naples CH,2026-2911,R32,0.32961910000000005,0.3267326732673267,0.35380835380835374,2.63,0.0,bet365_via_sofascore,latest_pre_match_assumed,0.1127412001533714,0.1091649155029937,0.0616018689140337,0.0530368602937524,-0.0715612239230055,-132.28719201608828,-0.0,-0.0,-30.0,-248.0,-139.0,-0.0,0.047443630133166,0.0041844660245179,-0.0173528249027372,-0.0186964194914616,0.0400924129802846,0.0313255561531101,-136.07411447750087,-0.0912418300653595,-0.024189253808353683,-0.027075680541027047,0.9669838461896731,True,tune,0
challenger:2026-03-23:763:B,challenger,2026-03-23,2026-03-23,2026-03,B,Filippo Romano,Tom Gentzsch,Clay,Split CH,2026-8388,R16,0.2723033,0.24264705882352944,0.39232409381663114,2.375,0.0,bet365_via_sofascore,latest_pre_match_assumed,-0.040955803244748,0.0582923141532712,-0.0424097934394812,-0.0527656272706354,-0.1550196683832619,-93.89287572409307,-0.0,-0.0,-24.0,-114.0,-283.0,-0.0,0.2093147525795223,-0.46270118176332,0.0045825982954855,-0.0420640276206975,-0.0006318066826953,-0.0387740556309829,-187.5304397504101,-0.1229813664596272,-0.12002079381663111,-0.1496770349931017,0.8649974374866045,True,tune,0
challenger:2026-03-23:662:A,challenger,2026-03-23,2026-03-23,2026-03,A,Franco Ribero,Daniel Antonio Nunez,Clay,Bucaramanga CH,2026-5016,Q2,0.36076117,0.3076923076923077,0.3373493975903614,2.75,0.0,bet365_via_sofascore,latest_pre_match_assumed,0.0522443002152437,0.0636212762690698,-0.0469612368205234,0.022727022766189,-0.2087971542686638,-51.31887501139272,-0.0,-0.0,2.0,-36.0,-391.0,-0.0,-0.0966265111577902,-0.0556898095583859,-0.0355745974870659,-0.0398443638708559,0.0327009910040605,0.0349380646822304,-13.377509977876116,0.0415584415584415,0.023411772409638598,-0.029657089898053712,1.0116009116784799,True,tune,0
challenger:2026-03-23:641:A,challenger,2026-03-23,2026-03-23,2026-03,A,Gustavo Heide,Roman Andres Burruchaga,Clay,Sao Paulo CH,2026-3071,R32,0.34053692,0.2483660130718954,0.3538083538083538,2.63,0.0,bet365_via_sofascore,latest_pre_match_assumed,0.0658829731867489,0.0523958039815329,-0.0070063573979651,-0.0258451514996083,0.0428311552646659,-90.43278411837036,-0.0,-0.0,-107.0,-375.0,-136.0,-0.0,0.0636016320037211,0.0662558581906631,-0.0178586721120094,-0.0119362342108125,0.0034169049649482,0.0021423575658794,-95.00090302543276,-0.0339428191489361,-0.013271433808353772,-0.10544234073645839,0.9669838461896731,True,tune,0
challenger:2026-03-23:715:A,challenger,2026-03-23,2026-03-23,2026-03,A,Harry Wendelken,Yi Zhou,Hard,Yokkaichi CH,2026-8268,R32,0.4742181,0.437037037037037,0.4109947643979057,2.25,1.0,bet365_via_sofascore,latest_pre_match_assumed,0.0353525289752364,0.0353525289752364,0.0395775931041124,0.0395775931041124,0.3831963670142505,24.782481799293464,0.0,0.0,-6.0,-52.0,-65.0,0.0,0.1172502302074709,0.1172502302074709,0.0264781225781554,0.0264781225781554,-0.0692711902913645,-0.0692711902913645,17.803859459274463,0.0954545454545455,0.06322333560209425,0.02604227263913128,0.8109302162163288,True,tune,1
challenger:2026-03-23:686:B,challenger,2026-03-23,2026-03-23,2026-03,B,Hayato Matsuoka,Yasutaka Uchiyama,Hard,Yokkaichi CH,2026-8268,SF,0.43460435,0.3936170212765957,0.35380835380835374,2.63,0.0,bet365_via_sofascore,latest_pre_match_assumed,-0.0531868142200065,-0.0531868142200065,-0.2417636626159288,-0.2417636626159288,-0.0851644802081541,-95.70530462488864,-0.0,-0.0,-135.0,-32.0,-54.0,-0.0,-0.1175811139187741,-0.1175811139187741,-0.0022398841648981,-0.0022398841648981,0.0130256595094693,0.0130256595094693,-94.2037294898862,-0.0331564986737401,0.08079599619164624,0.039808667468241965,0.9669838461896731,True,tune,0
challenger:2026-03-23:719:B,challenger,2026-03-23,2026-03-23,2026-03,B,Hayato Matsuoka,James Mccabe,Hard,Yokkaichi CH,2026-8268,R16,0.31303440000000005,0.3267326732673267,0.375,2.5,1.0,bet365_via_sofascore,latest_pre_match_assumed,-0.0246838152227459,-0.0246838152227459,-0.1858564130156066,-0.1858564130156066,-0.0053054805882395,-143.07832499697088,0.0,0.0,-123.0,-174.0,-170.0,0.0,-0.1483883926747848,-0.1483883926747848,-0.0007377559245617,-0.0007377559245617,-0.021054076100783,-0.021054076100783,-121.21970867353276,-0.0427350427350428,-0.061965599999999954,-0.04826732673267331,0.9162907318741551,True,tune,1
challenger:2026-03-23:620:A,challenger,2026-03-23,2026-03-23,2026-03,A,Hugo Dellien,Tomas Barrios Vera,Clay,Sao Paulo CH,2026-3071,QF,0.47149283,0.437037037037037,0.391304347826087,2.38,1.0,bet365_via_sofascore,latest_pre_match_assumed,-0.0396552395899136,-0.0342520472657958,0.021751147341278,0.0578229891953508,-0.1710562970762338,-72.9077750931192,0.0,0.0,-73.0,-119.0,-29.0,0.0,-0.0410101709455704,-0.2360337624951395,0.0208023077884418,0.0026155770157958,0.0184140436684008,0.0165851651689582,-98.60563902344734,0.0214000142785749,0.080188482173913,0.04573268921095003,0.8671004876833833,True,tune,1
challenger:2026-03-23:622:A,challenger,2026-03-23,2026-03-23,2026-03,A,Hugo Dellien,Facundo Diaz Acosta,Clay,Sao Paulo CH,2026-3071,R16,0.55909884,0.6063829787234043,0.3538083538083538,2.63,1.0,bet365_via_sofascore,latest_pre_match_assumed,-0.0630286992510369,-0.0558788325986402,0.0274401804492339,0.0347112067663817,-0.1167761998375367,0.4396941590557617,0.0,0.0,24.0,163.0,72.0,0.0,-0.2826358866789876,-0.2826358866789876,-0.0105532605294226,-0.0101703951081681,0.0221709324744294,0.0216883154995783,-23.36554771143915,0.0386658227151388,0.2052904861916462,0.2525746249150505,0.9669838461896731,True,tune,1
challenger:2026-03-23:565:B,challenger,2026-03-23,2026-03-23,2026-03,B,Hynek Barton,Hamad Medjedovic,Clay,Naples CH,2026-2911,R32,0.3084722,0.24264705882352944,0.3373493975903614,2.75,0.0,bet365_via_sofascore,latest_pre_match_assumed,-0.269016189516609,0.044763568452898,-0.0848135516242784,-0.0512010486736543,-0.0869057287729522,-102.83559637801544,-0.0,-0.0,31.0,-543.0,-223.0,-0.0,-0.2938959754652856,0.1216693827591676,-0.050551388460432,2.5168345369475095e-05,-0.0326131060016627,0.0167496610656462,-3.6914731358122026,-0.03375104427736,-0.028877197590361448,-0.09470233876683198,1.0116009116784799,True,tune,0
challenger:2026-03-23:634:B,challenger,2026-03-23,2026-03-23,2026-03,B,Jaime Faria,Emilio Nava,Clay,Sao Paulo CH,2026-3071,QF,0.3688456,0.38020833333333337,0.4240837696335078,2.2,1.0,bet365_via_sofascore,latest_pre_match_assumed,-0.0034176992789878,-0.0109473173987446,-0.0419254554014064,-0.0826401823594396,0.1580920191180302,-85.9200255528699,0.0,0.0,-143.0,-272.0,-63.0,0.0,0.1211337632220857,-0.0466233640867476,-0.016216650559552,-0.0148959488476007,-0.029250112853428,-0.0369833827425194,-104.1139847629438,-0.0831687242798353,-0.055238169633507805,-0.04387543630017443,0.7884573603642703,True,tune,1
challenger:2026-03-23:643:B,challenger,2026-03-23,2026-03-23,2026-03,B,Jaime Faria,Roman Andres Burruchaga,Clay,Sao Paulo CH,2026-3071,F,0.3574193,0.33333333333333337,0.3913043478260869,2.38,0.0,bet365_via_sofascore,latest_pre_match_assumed,0.0048698994321688,0.0015197353917741,0.0207547984171421,-0.0250535610397196,0.0694573978638776,-177.55256173325324,-0.0,-0.0,-135.0,-202.0,-46.0,-0.0,-0.0966999805039563,-0.2596391925969727,-0.0540455549554554,-0.0571233125590925,-0.0012589648851815,-0.0090128393878723,-202.70853654973465,-0.0742553191489361,-0.03388504782608692,-0.05797101449275355,0.8671004876833833,True,tune,0
challenger:2026-03-23:576:B,challenger,2026-03-23,2026-03-23,2026-03,B,Jake Delaney,Miguel Tobon,Hard,Morelia CH,2026-2991,Q1,0.5059268,0.562962962962963,0.4112149532710281,2.25,0.0,bet365_via_sofascore,latest_pre_match_assumed,-0.0620833320167092,-0.0785905544912178,0.0168176517451867,-0.0130956071950995,0.0845660556791154,-18.54276941816761,-0.0,-0.0,3.0,30.0,119.0,-0.0,-0.0638071697890216,-0.2498115791454928,-0.0346666902693193,-0.0396406799323605,0.0232890337130399,-0.0026677376416993,-64.24743795025984,0.0201465201465201,0.09471184672897193,0.15174800969193492,0.8109302162163288,True,tune,0
challenger:2026-03-23:533:B,challenger,2026-03-23,2026-03-23,2026-03,B,Jakub Paul,Laurent Lokoli,Clay,Naples CH,2026-2911,Q1,0.6253739300000001,0.6923076923076923,0.3549488054607508,2.625,1.0,bet365_via_sofascore,latest_pre_match_assumed,-0.0731234909037415,-0.1284308695758791,-0.0940483251668944,0.0385644006155633,-0.2395810261530185,3.4723513241817727,0.0,0.0,3.0,53.0,139.0,0.0,-0.2848848798420654,0.3383256962373736,-0.0228467950595162,-0.0063077952670779,-0.0070711130335808,0.016351882923572,102.3928958810011,0.0323564658459527,0.2704251245392493,0.3373588868469415,0.965080896043587,True,tune,1
challenger:2026-03-23:730:A,challenger,2026-03-23,2026-03-23,2026-03,A,Jelle Sels,Andrej Nedic,Clay,Split CH,2026-8388,R32,0.45389196,0.437037037037037,0.3373493975903614,2.75,0.0,bet365_via_sofascore,latest_pre_match_assumed,-0.1332224217461855,-0.0956802765023114,-0.0076784630886735,0.0732050528149432,0.1507209636308946,24.49462386289997,-0.0,-0.0,198.0,-35.0,-49.0,-0.0,-0.2539078601332756,-0.1811827459224952,-0.0275748356505978,-0.0631914157140775,-0.0054596130768774,-0.0325710173490026,-1.467229853655681,0.1502347417840375,0.11654256240963856,0.09968763944667558,1.0116009116784799,True,tune,0
challenger:2026-03-23:621:B,challenger,2026-03-23,2026-03-23,2026-03,B,Joao Lucas Reis Da Silva,Hugo Dellien,Clay,Sao Paulo CH,2026-3071,R32,0.35519694999999996,0.3267326732673267,0.4109947643979057,2.25,0.0,bet365_via_sofascore,latest_pre_match_assumed,-0.0770897110094448,-0.06302689852702,0.0592431102350189,0.0626391353464062,-0.1047961049382635,-107.81862437227072,-0.3333333333333333,-0.3333333333333333,20.0,-154.0,-67.0,-0.0,0.076083471642143,0.076083471642143,-0.0559275266681315,-0.0550229256632474,-0.003729326043663,-0.0030573605407642,-82.86823346535652,-0.1587399765844175,-0.055797814397905765,-0.08426209113057903,0.8109302162163288,True,tune,0
challenger:2026-03-23:616:B,challenger,2026-03-23,2026-03-23,2026-03,B,Joao Vitor Goncalves Ceolin,Jose Pereira,Clay,Sao Paulo CH,2026-3071,Q2,0.22234505000000004,0.24264705882352944,0.4112149532710281,2.25,1.0,bet365_via_sofascore,latest_pre_match_assumed,-0.2182746955352025,-0.2182746955352025,0.0075961969223645,0.0075961969223645,0.1218783571645443,24.989258266348543,0.0,0.0,-97.0,-35.0,-485.0,0.0,-0.2890693458665834,-0.2890693458665834,-0.0987923676223052,-0.0987923676223052,-0.0708361853917328,-0.0708361853917328,40.34318308675665,-0.46,-0.18886990327102804,-0.16856789444749865,0.8109302162163288,True,tune,1
challenger:2026-03-23:652:A,challenger,2026-03-23,2026-03-23,2026-03,A,Johan Nikles,Cannon Kingsley,Clay,Bucaramanga CH,2026-5016,R16,0.4065612,0.3263157894736842,0.3538083538083538,2.63,1.0,bet365_via_sofascore,latest_pre_match_assumed,-0.1285663743407217,0.0059632316054151,0.0014956045850226,0.0108697523587114,-0.1497116069965586,-128.5915237662948,0.0,0.0,-20.0,-3.0,-14.0,0.0,-0.103133439691552,-0.0408104757070065,-0.0006837104485926,0.0161224950426017,-0.0538814307848145,-0.0647696956268732,-16.25437861758769,-0.0291116124180899,0.05275284619164622,-0.027492564334669567,0.9669838461896731,True,tune,1
challenger:2026-03-23:559:B,challenger,2026-03-23,2026-03-23,2026-03,B,John Sperle,Federico Arnaboldi,Clay,Naples CH,2026-2911,Q1,0.3148179,0.3267326732673267,0.375,2.5,1.0,bet365_via_sofascore,latest_pre_match_assumed,0.1845713043288359,0.1768248144084398,-0.1050496478671837,-0.0687313546782081,0.2332143278931667,-42.54459617572593,0.0,0.0,-91.0,-89.0,-385.0,0.0,0.1389997742903437,0.2776867794060466,0.0140447907460307,0.0058825281205358,-0.0172536000345082,0.0377003273004731,-28.30866268082559,-0.0721544715447154,-0.060182100000000016,-0.04826732673267331,0.9162907318741551,True,tune,1
challenger:2026-03-23:561:B,challenger,2026-03-23,2026-03-23,2026-03,B,John Sperle,Jakub Paul,Clay,Naples CH,2026-2911,Q2,0.21903943999999997,0.24264705882352944,0.3373493975903614,2.75,0.0,bet365_via_sofascore,latest_pre_match_assumed,0.0935184518455337,0.089195941183392,-0.0755577169709083,-0.1464679061533954,0.463913295095625,-119.76274134831328,-0.0,-0.0,-105.0,-107.0,-431.0,-0.0,0.2486160343609944,-0.2554547265724546,0.0114494200559799,-0.0282982170263611,-0.0071624052218379,-0.0193047548175437,-140.76649614492771,-0.1797445255474452,-0.11830995759036145,-0.09470233876683198,1.0116009116784799,True,tune,0
challenger:2026-03-23:639:B,challenger,2026-03-23,2026-03-23,2026-03,B,Juan Bautista Torres,Gonzalo Bueno,Clay,Sao Paulo CH,2026-3071,R16,0.46015360000000005,0.5535714285714286,0.4240837696335078,2.2,0.0,bet365_via_sofascore,latest_pre_match_assumed,0.0622022518034593,0.0622022518034593,0.0614811667859324,0.0614811667859324,-0.3238166372408102,-28.77671764680372,-0.0,-0.0,55.0,-138.0,-151.0,-0.0,0.0308072787560106,0.0308072787560106,0.001629621227131,0.001629621227131,0.0658484823088256,0.0658484823088256,-28.650099771344458,0.0471717642188065,0.03606983036649225,0.1294876589379208,0.7884573603642703,True,tune,0
challenger:2026-03-23:637:B,challenger,2026-03-23,2026-03-23,2026-03,B,Juan Carlos Prado Angelo,Alvaro Guillen Meza,Clay,Sao Paulo CH,2026-3071,R16,0.46162695,0.5535714285714286,0.3913043478260869,2.38,1.0,bet365_via_sofascore,latest_pre_match_assumed,0.0551716926905103,0.0366667140618494,0.0069992057009159,0.003688237646701,0.2240282264614728,-20.773312545707995,-1.0,-0.4545454545454546,-10.0,-26.0,-14.0,0.0,0.0160095008206752,0.1267769106490477,-0.0142819197886473,-0.0118821246648673,-0.0019703074254074,8.840475798965741e-05,5.026010061074658,0.0243966559756033,0.07032260217391306,0.16226708074534169,0.8671004876833833,True,tune,1
challenger:2026-03-23:663:B,challenger,2026-03-23,2026-03-23,2026-03,B,Juan Miguel Bolivar Idarraga,Franco Ribero,Clay,Bucaramanga CH,2026-5016,Q1,0.25815639999999995,0.24264705882352944,0.3549488054607508,2.625,0.0,bet365_via_sofascore,latest_pre_match_assumed,0.0404831458577157,0.038337256058591,-0.0497306616580367,-0.1043385884796337,0.2262925453364673,139.79300063937694,-0.0,-0.0,-35.0,-14.0,-933.0,-0.0,0.1928568612567168,0.1224165370415356,0.1520333581021787,0.1430707209455702,-0.1076202266945993,-0.0993822321400511,105.26643077592873,-0.3142857142857143,-0.09679240546075085,-0.11230174663722137,0.965080896043587,True,tune,0
challenger:2026-03-23:593:A,challenger,2026-03-23,2026-03-23,2026-03,A,Juan Pablo Ficovich,Shintaro Mochizuki,Hard,Morelia CH,2026-2991,R16,0.3698794,0.3076923076923077,0.391304347826087,2.38,1.0,bet365_via_sofascore,latest_pre_match_assumed,-0.0853835281371412,-0.0105345939549097,-0.0046880847842857,0.0345401699057399,-0.0397030414173695,-151.3769563358037,0.0,0.0,59.0,-278.0,-62.0,0.0,0.0216114820257372,0.1180682522307481,-0.021301270177887,-0.0203039663723433,0.0380820547913692,0.0743766879472722,-83.01363326245155,-0.0629454098648411,-0.02142494782608695,-0.08361204013377926,0.8671004876833833,True,tune,1
challenger:2026-03-23:692:B,challenger,2026-03-23,2026-03-23,2026-03,B,Justin Boulais,Hyeon Chung,Hard,Yokkaichi CH,2026-8268,Q2,0.4978486,0.562962962962963,0.4112149532710281,2.25,1.0,bet365_via_sofascore,latest_pre_match_assumed,-0.1181644889439501,-0.1181644889439501,0.2303612771272444,0.2303612771272444,-0.0178064045760731,33.98588245797191,0.0,0.0,9.0,-64.0,-199.0,0.0,0.0034495041123022,0.0034495041123022,-0.0468754865241214,-0.0468754865241214,0.0583273566148485,0.0583273566148485,35.15463484971201,0.0444514501891551,0.08663364672897189,0.15174800969193492,0.8109302162163288,True,tune,1
challenger:2026-03-23:603:B,challenger,2026-03-23,2026-03-23,2026-03,B,Karl Poling,Patrick Zahraj,Hard,Morelia CH,2026-2991,Q1,0.39145947000000003,0.38020833333333337,0.4233870967741936,2.2,0.0,bet365_via_sofascore,latest_pre_match_assumed,-0.0258670597702298,-0.0447998081508534,-0.1007357172925198,-0.1272330142172983,0.0013540398480026,-31.60651047977194,-0.0,-0.0,-36.0,-141.0,-337.0,-0.0,0.1925749031479277,0.1925749031479277,0.0294008305041985,0.027041752443255,0.0615329666923213,0.0646798785852642,-59.91477961756914,-0.0352272727272726,-0.031927626774193585,-0.043178763440860246,0.7884573603642703,True,tune,0
challenger:2026-03-23:714:B,challenger,2026-03-23,2026-03-23,2026-03,B,Kasidit Samrej,Paul Jubb,Hard,Yokkaichi CH,2026-8268,R32,0.45626307,0.5535714285714286,0.3373493975903614,2.75,0.0,bet365_via_sofascore,latest_pre_match_assumed,0.0409460684581521,0.0397502554229384,-0.0503014258098956,-0.0229657685129557,0.2043794785995818,-3.591403856603847,-0.0,-0.0,-49.0,-15.0,-40.0,-0.0,-0.1349415341582234,-0.1349415341582234,-0.0483297845041231,-0.047425844771271,0.067592291480609,0.0718463219086175,-39.19905738635407,-0.0736559139784945,0.11891367240963857,0.21622203098106718,1.0116009116784799,True,tune,0
challenger:2026-03-23:610:A,challenger,2026-03-23,2026-03-23,2026-03,A,Keegan Smith,Shintaro Mochizuki,Hard,Morelia CH,2026-2991,R32,0.28979307,0.2483660130718954,0.4240837696335078,2.2,0.0,bet365_via_sofascore,latest_pre_match_assumed,0.1284949423939706,0.1337551139964264,-0.0900176101983126,-0.0836038235112595,0.0755245281559672,-99.69512809250227,-0.0,-0.0,-64.0,-538.0,-331.0,-0.0,0.093052621951579,0.093052621951579,-0.0300009486703354,-0.029832791735665,0.0944625145141233,0.0969315554845343,-39.42274894242246,-0.0354321823516136,-0.13429069963350782,-0.1757177565616124,0.7884573603642703,True,tune,0
challenger:2026-03-23:697:B,challenger,2026-03-23,2026-03-23,2026-03,B,Koki Matsuda,Fajing Sun,Hard,Yokkaichi CH,2026-8268,Q1,0.4167702,0.38020833333333337,0.39232409381663114,2.375,0.0,bet365_via_sofascore,latest_pre_match_assumed,0.0204643259772333,0.0204643259772333,-0.1378550776177861,-0.1378550776177861,0.2808629243054066,2.5152919703134557,-0.0,-0.0,-62.0,-136.0,-332.0,-0.0,0.3504023028519314,0.3504023028519314,0.0163134653417819,0.0163134653417819,0.0091412751284124,0.0091412751284124,15.86266508755284,0.093073593073593,0.024446106183368843,-0.012115760483297766,0.8649974374866045,True,tune,0
challenger:2026-03-23:638:B,challenger,2026-03-23,2026-03-23,2026-03,B,Lautaro Midon,Alvaro Guillen Meza,Clay,Sao Paulo CH,2026-3071,R32,0.43112950000000005,0.3936170212765957,0.4240837696335078,2.2,0.0,bet365_via_sofascore,latest_pre_match_assumed,0.083387966481708,0.0788229979679208,0.0143871118825177,0.0123116937856341,0.0346748239941874,-8.47995214675052,-0.0,-0.0,-29.0,-62.0,-37.0,-0.0,0.2346635105931359,0.2346635105931359,0.0007677404047555,-0.0008116300877357,-0.0223507340759568,-0.0213155515139714,-28.96043565826085,0.0281560544718439,0.007045730366492253,-0.0304667483569121,0.7884573603642703,True,tune,0
challenger:2026-03-23:560:B,challenger,2026-03-23,2026-03-23,2026-03,B,Lorenzo Rottoli,Luca Potenza,Clay,Naples CH,2026-2911,Q1,0.23831939999999996,0.24264705882352944,0.39232409381663114,2.375,1.0,bet365_via_sofascore,latest_pre_match_assumed,-0.142866274360082,-0.1535258284899829,0.0149996110666982,-0.0206744576714597,0.2135687765529683,-61.39589984355666,0.0,0.0,-49.0,-98.0,-449.0,0.0,0.0386217985570732,-0.236702814528102,-0.0161622370487597,-0.0114095728267201,-0.0296110849148346,-0.0487592300383442,-35.34395757408129,-0.1322091886608016,-0.15400469381663118,-0.1496770349931017,0.8649974374866045,True,tune,1
challenger:2026-03-23:627:B,challenger,2026-03-23,2026-03-23,2026-03,B,Luis Guto Miguel,Juan Pablo Varillas,Clay,Sao Paulo CH,2026-3071,R32,0.12839884000000001,0.08333333333333337,0.35380835380835374,2.63,0.0,bet365_via_sofascore,latest_pre_match_assumed,-0.231431040764631,-0.231431040764631,-0.0499900587911258,-0.0499900587911258,0.0750303378641183,-169.31086201462563,-0.0,-0.0,-217.0,-210.0,-1332.0,-0.0,-0.3005349724381818,-0.3005349724381818,-0.0261069893597373,-0.0261069893597373,-0.0233225361736689,-0.0233225361736689,-171.3814113709616,-0.4261261261261261,-0.22540951380835372,-0.27047502047502037,0.9669838461896731,True,tune,0
challenger:2026-03-23:600:B,challenger,2026-03-23,2026-03-23,2026-03,B,Luka Pavlovic,Alexis Galarneau,Hard,Morelia CH,2026-2991,QF,0.43350200000000005,0.3936170212765957,0.4240837696335078,2.2,1.0,bet365_via_sofascore,latest_pre_match_assumed,0.1463562020278713,0.0843216960724111,0.1773721129407564,0.2324399249703324,-0.2079616832536635,-84.0819846749821,0.0,0.0,-206.0,-23.0,-13.0,0.0,-0.2312593623397039,-0.3292792039586801,-0.0541962405689828,-0.0641614027500975,0.0278589044051429,0.0069875491640229,-181.80890360038052,0.01524259338772,0.009418230366492253,-0.0304667483569121,0.7884573603642703,True,tune,1
challenger:2026-03-23:581:B,challenger,2026-03-23,2026-03-23,2026-03,B,Marc Andrea Huesler,James Duckworth,Hard,Morelia CH,2026-2991,R32,0.29897653999999996,0.24264705882352944,0.375,2.5,0.0,bet365_via_sofascore,latest_pre_match_assumed,-0.0574450451223417,-0.0574450451223417,-0.1830094785136475,-0.1830094785136475,0.071678683031485,-81.90826032527025,-0.0,-0.0,23.0,-465.0,-156.0,-0.0,-0.1733971493695579,-0.1733971493695579,-0.030272300433619,-0.030272300433619,-0.0008645159818646,-0.0008645159818646,-107.0530323702542,-0.090843876353202,-0.07602346000000004,-0.13235294117647056,0.9162907318741551,True,tune,0
challenger:2026-03-23:583:B,challenger,2026-03-23,2026-03-23,2026-03,B,Marc Polmans,Facundo Mena,Hard,Morelia CH,2026-2991,R32,0.47429633000000004,0.562962962962963,0.4109947643979057,2.25,1.0,bet365_via_sofascore,latest_pre_match_assumed,0.0099668365294794,0.0394347167024,-0.0363909444505741,-0.0265806424675127,-0.0696195179274442,-86.04734229390328,0.0,0.0,-73.0,-36.0,-72.0,0.0,-0.1405547272994008,-0.2186290216514022,-0.0073096224938683,-0.0181225362841191,0.0107973572103079,0.0091197012530694,32.20330925617395,-0.0563253171948824,0.06330156560209432,0.15196819856505728,0.8109302162163288,True,tune,1
challenger:2026-03-23:588:B,challenger,2026-03-23,2026-03-23,2026-03,B,Mario Gonzalez Fernandez,Marc Polmans,Hard,Morelia CH,2026-2991,Q1,0.26498455,0.24264705882352944,0.375,2.5,0.0,bet365_via_sofascore,latest_pre_match_assumed,0.0848147060054697,0.128520061686387,-0.0911357641490568,-0.0496205299358057,-0.1560181380895819,-129.92530763417358,-0.0,-0.0,-150.0,-63.0,-229.0,-0.0,-0.196400717035969,-0.1493864148765249,0.0282770218822032,0.0146433344152484,-0.0728154682843702,-0.0569644921114915,-120.20417055637358,-0.3088650479954827,-0.11001545000000001,-0.13235294117647056,0.9162907318741551,True,tune,0
challenger:2026-03-23:752:B,challenger,2026-03-23,2026-03-23,2026-03,B,Martin Krumich,Felix Gill,Clay,Split CH,2026-8388,R32,0.4387761,0.3936170212765957,0.4109947643979057,2.25,0.0,bet365_via_sofascore,latest_pre_match_assumed,0.0159175028140096,-0.0364379752850759,-0.2092010035239274,-0.1173697148598453,-0.1875882265474209,-63.206437732397035,-0.0,-0.0,33.0,14.0,29.0,-0.0,-0.1597805499002174,-0.0407892358041069,0.0091884849950001,0.0086825861589681,-0.0143679818604303,-0.03602409844848,-45.69711697838102,-0.1273048749684264,0.02778133560209428,-0.01737774312131002,0.8109302162163288,True,tune,0
challenger:2026-03-23:695:B,challenger,2026-03-23,2026-03-23,2026-03,B,Masamichi Imamura,Fajing Sun,Hard,Yokkaichi CH,2026-8268,R16,0.43360215,0.3936170212765957,0.4109947643979057,2.25,0.0,bet365_via_sofascore,latest_pre_match_assumed,-0.022197071417547,-0.022197071417547,-0.0736088804462271,-0.0736088804462271,0.1929010302874779,37.939776769848095,-0.0,-0.0,-14.0,-120.0,-261.0,-0.0,0.4922837669929544,0.4922837669929544,0.026875295035578,0.026875295035578,0.0201961317893707,0.0201961317893707,36.60098636291036,0.0047619047619047,0.0226073856020943,-0.01737774312131002,0.8109302162163288,True,tune,0
challenger:2026-03-23:596:A,challenger,2026-03-23,2026-03-23,2026-03,A,Mateus Alves,Robin Catry,Hard,Morelia CH,2026-2991,Q2,0.58073056,0.6063829787234043,0.3923240938166311,2.375,0.0,bet365_via_sofascore,latest_pre_match_assumed,0.0474307583278908,0.0183939403054881,-0.0248730366848407,0.0438494746935095,-0.2403082901707716,77.03823398370764,-0.0,-0.0,135.0,31.0,114.0,-0.0,-0.0982905363546766,-0.3389512332099545,0.0469340608255381,-0.0304471744692931,0.0007153293947287,0.0106496034604302,-75.27762144778512,0.0499477897667943,0.18840646618336893,0.21405888490677322,0.8649974374866045,True,tune,0
challenger:2026-03-23:667:A,challenger,2026-03-23,2026-03-23,2026-03,A,Matias Soto,Guido Ivan Justo,Clay,Bucaramanga CH,2026-5016,F,0.28596708,0.2483660130718954,0.375,2.5,1.0,bet365_via_sofascore,latest_pre_match_assumed,-0.0573554276175593,0.0049110531503403,-0.1689433195966034,-0.1162033135721688,0.0153210875455873,-170.54610611448243,0.0,0.0,12.0,-6.0,-15.0,0.0,-0.3219409166786186,-0.2314359768768793,-0.0906236278507917,-0.0846675829631304,-0.0370228513799225,-0.0365811524799912,-135.51697213380976,-0.0939112487100103,-0.08903292000000002,-0.1266339869281046,0.9162907318741551,True,tune,1
challenger:2026-03-23:648:A,challenger,2026-03-23,2026-03-23,2026-03,A,Maxime Janvier,Juan Estevez,Clay,Bucaramanga CH,2026-5016,R32,0.41580516,0.3263157894736842,0.3538083538083538,2.63,1.0,bet365_via_sofascore,latest_pre_match_assumed,-0.019493206160018,-0.1048364426249646,0.1014313976595679,0.0491692216907206,0.4652794822889341,31.83218800628424,0.0,0.0,260.0,-8.0,-28.0,0.0,-0.005812888379741,-0.2939172153681851,-0.0652647883229508,-0.0493602907871952,0.0242241929396725,-0.0108989555477602,-100.54678601272984,0.0139860139860139,0.061996806191646214,-0.027492564334669567,0.9669838461896731,True,tune,1
challenger:2026-03-23:685:B,challenger,2026-03-23,2026-03-23,2026-03,B,Maximus Jones,Yasutaka Uchiyama,Hard,Yokkaichi CH,2026-8268,R32,0.36653630000000004,0.38020833333333337,0.35380835380835374,2.63,0.0,bet365_via_sofascore,latest_pre_match_assumed,-0.0596391805137764,-0.0621250647681067,-0.0031572829226383,-0.0108855335635869,-0.0595258945538242,-128.69028406195548,-0.0,-0.0,-99.0,-27.0,-45.0,-0.0,-0.3119398140562007,-0.3119398140562007,-0.0191490505871775,-0.0197942481764994,-0.0499102404024889,-0.0490412489387778,-125.74970043041505,-0.0259770114942529,0.0127279461916463,0.026399979524979633,0.9669838461896731,True,tune,0
challenger:2026-03-23:548:B,challenger,2026-03-23,2026-03-23,2026-03,B,Miguel Damas,Daniel Altmaier,Clay,Naples CH,2026-2911,R32,0.1728012,0.1785714285714286,0.375,2.5,0.0,bet365_via_sofascore,latest_pre_match_assumed,0.1414049422848122,0.1710053176780211,-0.1209671305908032,-0.0406857953854172,-0.3234541042050455,-231.20922735472368,-0.0,-0.0,-31.0,-964.0,-276.0,-0.0,-0.1189663259750519,-0.1363479861174009,0.0053166633124438,0.0048353892611402,-0.0469555929774344,-0.0530883511378527,-203.2844141553801,-0.2632594021215044,-0.2021988,-0.1964285714285714,0.9162907318741551,True,tune,0
challenger:2026-03-23:578:A,challenger,2026-03-23,2026-03-23,2026-03,A,Miguel Tobon,Patrick Zahraj,Hard,Morelia CH,2026-2991,Q2,0.43197477,0.4137931034482758,0.4112149532710279,2.25,1.0,bet365_via_sofascore,latest_pre_match_assumed,0.010917633278298,0.0274248557528066,-0.0549375815275479,-0.0250243225872616,-0.2107891060565558,-19.99384227626524,0.0,0.0,-41.0,-139.0,-329.0,0.0,0.2167490274777788,0.40275343683425,0.0199351000507106,0.0249090897137518,0.0491344621056883,0.0750912334604276,6.9223148348603445,-0.1278846153846153,0.02075981672897209,0.0025781501772478843,0.8109302162163288,True,tune,1
challenger:2026-03-23:753:B,challenger,2026-03-23,2026-03-23,2026-03,B,Mili Poljicak,Felix Gill,Clay,Split CH,2026-8388,R16,0.4071857,0.38020833333333337,0.35380835380835374,2.63,1.0,bet365_via_sofascore,latest_pre_match_assumed,0.0728175685245479,-0.0598212608410112,-0.0989893293574196,-0.0379649898027439,-0.1125003669402744,-93.76856864887009,0.0,0.0,1.0,-5.0,-16.0,0.0,-0.1665834452791561,-0.0452499868185064,0.0446638631075705,0.025468918722141,-0.0640986095215058,-0.052728400205031,-27.032178277022467,-0.1679279279279279,0.05337734619164625,0.026399979524979633,0.9669838461896731,True,tune,1
challenger:2026-03-23:585:A,challenger,2026-03-23,2026-03-23,2026-03,A,Mitchell Krueger,Borna Gojo,Hard,Morelia CH,2026-2991,R32,0.45596328,0.437037037037037,0.3373493975903614,2.75,0.0,bet365_via_sofascore,latest_pre_match_assumed,-0.0868162711351116,-0.0868162711351116,0.0320530751310788,0.0320530751310788,-0.051071654525006,-109.60519454293012,-0.0,-0.0,19.0,106.0,89.0,-0.0,-0.2757971944675274,-0.2757971944675274,0.0304766885488064,0.0304766885488064,-0.020305640614489,-0.020305640614489,-130.63783657197837,-0.0758195646472593,0.1186138824096386,0.09968763944667558,1.0116009116784799,True,tune,0
challenger:2026-03-23:597:B,challenger,2026-03-23,2026-03-23,2026-03,B,Nicolas Mejia,Borna Gojo,Hard,Morelia CH,2026-2991,SF,0.4455099,0.3936170212765957,0.35380835380835374,2.63,0.0,bet365_via_sofascore,latest_pre_match_assumed,0.0143223829885457,0.0090066251907676,-0.0755234692235788,-0.0967959595990795,0.0881218921657726,-87.21342306655833,-0.0,-0.0,75.0,166.0,125.0,-0.0,-0.1466781394539404,-0.2408304378080571,0.0345079470148311,0.0300207681482195,-0.0520532763668861,-0.0600370474476646,-179.48575526935315,-0.1017797552836484,0.09170154619164628,0.039808667468241965,0.9669838461896731,True,tune,0
challenger:2026-03-23:604:A,challenger,2026-03-23,2026-03-23,2026-03,A,Oliver Crawford,Chris Rodesch,Hard,Morelia CH,2026-2991,R32,0.34660038,0.2483660130718954,0.3373493975903614,2.75,0.0,bet365_via_sofascore,latest_pre_match_assumed,0.0727966879424494,0.0727966879424494,-0.0695982999764754,-0.0695982999764754,-0.3643253515951546,-237.2053778889224,-0.0,-0.0,43.0,13.0,9.0,-0.0,-0.3014705935268407,-0.3014705935268407,-0.0172181571044547,-0.0172181571044547,-0.0421746573662967,-0.0421746573662967,-199.9361040467311,-0.0927683615819209,0.009250982409638564,-0.08898338451846602,1.0116009116784799,True,tune,0
challenger:2026-03-23:609:B,challenger,2026-03-23,2026-03-23,2026-03,B,Quinn Vandecasteele,Beibit Zhukayev,Hard,Morelia CH,2026-2991,R32,0.31069505,0.24264705882352944,0.4240837696335078,2.2,1.0,bet365_via_sofascore,latest_pre_match_assumed,0.0470643054906054,0.0470643054906054,-0.1067129512107571,-0.1067129512107571,0.2238807400580309,-21.38658441924713,0.0,0.0,-104.0,-142.0,-390.0,0.0,0.2165878102967662,0.2165878102967662,0.048827644901829,0.048827644901829,-0.0214665527351473,-0.0214665527351473,-3.9884244208089967,-0.0405405405405405,-0.11338871963350783,-0.18143671080997836,0.7884573603642703,True,tune,1
challenger:2026-03-23:687:B,challenger,2026-03-23,2026-03-23,2026-03,B,Rio Noguchi,Liam Broady,Hard,Yokkaichi CH,2026-8268,QF,0.46790220000000005,0.5535714285714286,0.3373493975903614,2.75,1.0,bet365_via_sofascore,latest_pre_match_assumed,-0.0323215888590273,-0.0310070696384526,-0.2143152626388073,-0.2115456332903492,-0.1215236917146624,-17.409894255290055,0.0,0.0,26.0,73.0,77.0,0.0,-0.1992009349420888,-0.1992009349420888,-0.0261949039810528,-0.0262617879298409,-0.0405561169005079,-0.0389193103718833,-18.97585382533498,-0.1087383406971036,0.13055280240963862,0.21622203098106718,1.0116009116784799,True,tune,1
challenger:2026-03-23:693:B,challenger,2026-03-23,2026-03-23,2026-03,B,Rio Noguchi,Li Tu,Hard,Yokkaichi CH,2026-8268,R16,0.5944905,0.6736842105263158,0.4109947643979057,2.25,1.0,bet365_via_sofascore,latest_pre_match_assumed,0.0064765388275612,-0.0227509586560303,-0.1900290164751396,-0.1579242972033258,-0.1764384027305798,47.73743900834552,0.0,0.0,57.0,95.0,102.0,0.0,0.0320240634434085,0.0320240634434085,0.031344517473522,0.0265661751729816,-0.0299394337890779,-0.0263449220764541,34.6984978433386,0.0358567236059899,0.1834957356020943,0.26268944612841005,0.8109302162163288,True,tune,1
challenger:2026-03-23:701:B,challenger,2026-03-23,2026-03-23,2026-03,B,Rio Noguchi,Tung Lin Wu,Hard,Yokkaichi CH,2026-8268,R32,0.4588158,0.5535714285714286,0.4109947643979057,2.25,1.0,bet365_via_sofascore,latest_pre_match_assumed,-0.0650757551060692,-0.0650757551060692,-0.186038328385523,-0.186038328385523,0.1085757278487291,-8.133356315661558,-0.3333333333333333,-0.3333333333333333,-35.0,120.0,156.0,0.0,-0.2684457143727717,-0.2684457143727717,-0.035675884182357,-0.035675884182357,-0.1081649401007763,-0.1081649401007763,-22.929437273137182,-0.0180750011254671,0.047821035602094275,0.14257666417352288,0.8109302162163288,True,tune,1
challenger:2026-03-23:582:B,challenger,2026-03-23,2026-03-23,2026-03,B,Rodrigo Pacheco Mendez,James Duckworth,Hard,Morelia CH,2026-2991,R16,0.2553301,0.24264705882352944,0.4109947643979057,2.25,1.0,bet365_via_sofascore,latest_pre_match_assumed,-0.0519522165488361,-0.0272708343103882,-0.166330329164816,-0.1755467281687346,-0.0277695559813579,-178.12294807243347,0.0,0.0,-54.0,-447.0,-144.0,0.0,-0.1303145997980852,-0.1303145997980852,0.0308296485619303,0.0339599241447367,-0.0443384514371427,-0.0413974621809208,-188.3337877852623,-0.2951219512195121,-0.15566466439790572,-0.16834770557437628,0.8109302162163288,True,tune,1
challenger:2026-03-23:599:B,challenger,2026-03-23,2026-03-23,2026-03,B,Rodrigo Pacheco Mendez,Borna Gojo,Hard,Morelia CH,2026-2991,QF,0.4363952,0.3936170212765957,0.375,2.5,0.0,bet365_via_sofascore,latest_pre_match_assumed,-0.1854383769116859,-0.160756994673238,-0.0057800110530636,-0.0149964100569822,-0.1754501058032342,-206.1364382048157,-0.0,-0.0,-76.0,69.0,64.0,-0.0,-0.2143629997108401,-0.2143629997108401,0.042148184978656,0.0452784605614624,-0.0492522546784739,-0.046311265422252,-189.50197613283856,-0.2075268817204301,0.06139519999999998,0.018617021276595702,0.9162907318741551,True,tune,0
challenger:2026-03-23:673:B,challenger,2026-03-23,2026-03-23,2026-03,B,Samuel Alejandro Linde Palacios,Christopher Li,Clay,Bucaramanga CH,2026-5016,R32,0.5815213,0.6736842105263158,0.35380835380835374,2.63,0.0,bet365_via_sofascore,latest_pre_match_assumed,-0.0812301006382401,-0.010504214242003,-0.1688174554482624,-0.0917396203731615,0.5,-6.920161184433255,-0.0,-0.0,3.0,24.0,279.0,-0.0,0.0777617739573598,0.1257138582441196,-0.0155392582229484,0.0073351919587064,-0.0181205643608787,-0.0156349817419932,15.308534654282994,0.125,0.22771294619164628,0.31987585671796204,0.9669838461896731,True,tune,0
challenger:2026-03-23:746:A,challenger,2026-03-23,2026-03-23,2026-03,A,Sandro Kopp,Matej Dodig,Clay,Split CH,2026-8388,R16,0.39166942,0.3263157894736842,0.3538083538083538,2.63,0.0,bet365_via_sofascore,latest_pre_match_assumed,0.1155083948028498,0.150285656740377,-0.0762013116636755,-0.0446627175571733,-0.3119324286388558,-152.74332011937418,-0.0,-0.0,-29.0,-68.0,-70.0,-0.0,-0.3481271036212277,-0.0088114003846563,-0.0045206879933539,0.0055134822280708,0.0005121618824663,0.0404677665639336,-54.62562846206197,-0.1002022244691608,0.0378610661916462,-0.027492564334669567,0.9669838461896731,True,tune,0
challenger:2026-03-23:589:B,challenger,2026-03-23,2026-03-23,2026-03,B,Tibo Colson,Marc Polmans,Hard,Morelia CH,2026-2991,Q2,0.4197584,0.3936170212765957,0.4112149532710281,2.25,0.0,bet365_via_sofascore,latest_pre_match_assumed,0.0170905441253528,0.0116898397682724,0.0490179448471422,0.053580907622493,0.0265942443029723,-25.837304812954017,-0.0,-0.0,-112.0,-37.0,-110.0,-0.0,0.2618881857600505,0.2618881857600505,0.0089343641721871,0.0082591818218667,0.0113758613746035,0.0123284690324513,-50.89475687715776,-0.0212954747116237,0.008543446728971893,-0.01759793199443238,0.8109302162163288,True,tune,0
challenger:2026-03-23:748:B,challenger,2026-03-23,2026-03-23,2026-03,B,Tom Gentzsch,Jonas Forejtek,Clay,Split CH,2026-8388,R32,0.56410706,0.562962962962963,0.35380835380835374,2.63,1.0,bet365_via_sofascore,latest_pre_match_assumed,0.0501162479861098,-0.0253308011772692,0.0022026983808042,-0.0932838891759826,0.586334423628171,30.12684221707832,0.0,0.0,-127.0,76.0,153.0,0.0,-0.0088114003846563,0.2498115791454927,-0.0196014832095092,0.0234711721545014,-0.0069903990524442,0.0047506038069785,25.988499698729584,-0.0237853517041334,0.21029870619164626,0.20915460915460926,0.9669838461896731,True,tune,1
challenger:2026-03-23:541:B,challenger,2026-03-23,2026-03-23,2026-03,B,Vitaliy Sachko,Andrea Pellegrino,Clay,Naples CH,2026-2911,R16,0.42001045000000004,0.3936170212765957,0.3373493975903614,2.75,1.0,bet365_via_sofascore,latest_pre_match_assumed,-0.1205827466989741,0.0093942288582621,-0.0120515059447865,0.0235840141680835,-0.2484990546026073,-101.1058178637852,0.0,0.0,9.0,-89.0,-28.0,0.0,-0.2652099059323508,-0.1339157303265044,-0.0433265221678341,-0.0070352424536295,0.0248565732965965,-0.0039727998362149,-66.57427663481667,0.0191622103386809,0.08266105240963861,0.05626762368623428,1.0116009116784799,True,tune,1
challenger:2026-03-23:545:A,challenger,2026-03-23,2026-03-23,2026-03,A,Vitaliy Sachko,Federico Cina,Clay,Naples CH,2026-2911,QF,0.49349618,0.437037037037037,0.3538083538083538,2.63,1.0,bet365_via_sofascore,latest_pre_match_assumed,-0.2327516398555221,-0.067740970513548,-0.1764035326276116,-0.1079814213939028,-0.0183046219966597,-83.23470086947759,0.0,0.0,197.0,109.0,67.0,0.0,-0.614124129592358,-0.172378219122235,-0.0681361289143334,-0.0318685239831471,-0.0598774215912969,-0.026192917648013,68.36237737138572,0.0010176390773406,0.1396878261916462,0.08322868322868321,0.9669838461896731,True,tune,1
challenger:2026-03-23:618:A,challenger,2026-03-23,2026-03-23,2026-03,A,Wilson Leite,Johannes Ingildsen,Clay,Sao Paulo CH,2026-3071,Q2,0.4815332,0.437037037037037,0.4233870967741935,2.2,0.0,bet365_via_sofascore,latest_pre_match_assumed,-0.0270470531842374,-0.0067855864159441,0.0336374322706959,0.0038470736120559,0.115690314218806,-52.49061472645008,-0.0,-0.0,119.0,14.0,138.0,-0.0,-0.1884058344795725,-0.2280176400358434,-0.0333555682550821,-0.0257867054828088,0.0002582328477612,-0.002031171729494,-59.92526026701967,-0.0368700265251989,0.05814610322580649,0.013649940262843496,0.7884573603642703,True,tune,0
challenger:2026-03-23:691:B,challenger,2026-03-23,2026-03-23,2026-03,B,Yusuke Takahashi,Hyeon Chung,Hard,Yokkaichi CH,2026-8268,Q1,0.52430743,0.562962962962963,0.3549488054607508,2.625,0.0,bet365_via_sofascore,latest_pre_match_assumed,-0.0581483380559464,-0.0581483380559464,0.1230218258987357,0.1230218258987357,0.2465786869310254,62.206525934826,-0.0,-0.0,68.0,-29.0,-81.0,-0.0,-0.0187519120443526,-0.0187519120443526,-0.038892593402577,-0.038892593402577,0.0675891099290161,0.0675891099290161,57.4289505760396,0.1262820512820512,0.16935862453924921,0.2080141575022122,0.965080896043587,True,tune,0
challenger:2026-03-23:702:B,challenger,2026-03-23,2026-03-23,2026-03,B,Yuta Shimizu,Yu Hsiou Hsu,Hard,Yokkaichi CH,2026-8268,R16,0.3595195,0.38020833333333337,0.375,2.5,1.0,bet365_via_sofascore,latest_pre_match_assumed,-0.1544114315208659,-0.1544114315208659,-0.0174320888220785,-0.0174320888220785,-0.1283442229858041,-99.01184790400362,0.0,0.0,23.0,-118.0,-131.0,0.0,-0.0202412301237335,-0.0202412301237335,-0.0370041764211139,-0.0370041764211139,-0.011992622325848,-0.011992622325848,-93.73511549357772,0.0371428571428571,-0.015480500000000008,0.00520833333333337,0.9162907318741551,True,tune,1
atp:2026-03-30:446:A,atp,2026-03-30,2026-03-30,2026-03,A,Alex Molcan,Gabriel Diallo,Clay,,,,0.4088869,0.4088869,0.3995157384987893,2.5030303030303034,1.0,,,-0.0450204462391262,0.0505544170205305,0.0360786801944499,0.2381248502453314,0.2141453936600797,-54.422832423616455,0.0,0.0,8.0,-942.0,-163.0,0.0,-0.1060648496547957,-0.1254360936195464,0.0282410186004541,-7.246876107092071e-06,-0.0526941634264651,-0.0549746574188795,32.019990941731066,0.0371275783040489,0.0093711615012107,0.0093711615012107,0.9175021190604523,True,tune,1
atp:2026-03-30:447:A,atp,2026-03-30,2026-03-30,2026-03,A,Alex Molcan,Matteo Arnaldi,Clay,,,,0.45861727,0.45861727,0.3378378378378378,2.9600000000000004,1.0,,,0.2764487113284143,-0.0358548184811272,0.0656980111999555,-0.073215069332621,0.273656178586843,42.31846537504475,0.0,0.0,-44.0,-587.0,-143.0,0.0,0.1183264226839677,-0.1685255167754153,0.0182219256929198,-0.0049811422641443,0.0149621606472833,0.0141825943684359,-2.4486631263509935,0.052530779753762,0.12077943216216225,0.12077943216216225,1.0851892683359692,True,tune,1
atp:2026-03-30:450:B,atp,2026-03-30,2026-03-30,2026-03,B,Alexander Shevchenko,Botic Van De Zandschulp,Clay,,,,0.39919570000000004,0.39919570000000004,0.38424821002386633,2.6024844720496896,0.0,,,0.0351564280878382,-0.0755265207093659,0.0502343406744009,-0.05167943044944,0.4640460786716512,-27.63098325969509,-0.0,-0.0,-87.0,-94.0,-20.0,-0.0,0.1055136249117539,0.0352136438598715,-0.032275716767557,0.0192229928854801,-0.0016911644367015,-0.0315247274192193,-19.216747971378258,-0.0414251207729468,0.01494748997613371,0.01494748997613371,0.9564665549376747,True,tune,0
atp:2026-03-30:449:A,atp,2026-03-30,2026-03-30,2026-03,A,Alexandre Muller,Vit Kopriva,Clay,,,,0.58555144,0.58555144,0.4356435643564356,2.295454545454546,1.0,,,-0.147994838381634,-0.0772879451958397,-0.1430892770842318,-0.1349168257389205,0.1898369298710438,-8.259187962324177,0.0,0.0,73.0,579.0,60.0,0.0,-0.2359075366027417,-0.1964007170359691,-0.0493556700966024,-0.0169506863930213,0.0024835682361813,-0.0054785065173119,4.962375783412881,0.0078014184397163,0.14990787564356445,0.14990787564356445,0.8309308829229984,True,tune,1
atp:2026-03-30:456:A,atp,2026-03-30,2026-03-30,2026-03,A,Damir Dzumhur,Nuno Borges,Clay,,,,0.3317957,0.3317957,0.3857142857142857,2.592592592592593,1.0,,,0.0066170010660253,0.0814951837918972,0.0199670032574786,-0.0158509200914839,0.0378033331256495,-125.49216869620795,0.0,0.0,-68.0,-283.0,-19.0,0.0,0.0788836895482626,0.1074370089764694,0.0346944527532656,-0.0031432256017808,-0.0557891762010934,-0.0212863601164731,-23.82876308826667,-0.1240650406504064,-0.05391858571428565,-0.05391858571428565,0.9526583760450301,True,tune,1
atp:2026-03-30:457:A,atp,2026-03-30,2026-03-30,2026-03,A,Dusan Lajovic,Rafael Jodar,Clay,,,,0.49268577,0.49268577,0.4264705882352941,2.344827586206897,0.0,,,-0.084655854075026,-0.0589088190348413,-0.046759008492432,-0.0302329751043705,-0.2845290514745164,-78.09082417183095,-0.0,-0.0,185.0,164.0,47.0,-0.0,-0.3126926414574763,-0.2813709783485977,0.0050678018672229,0.006834524103688,-0.0428810727006471,-0.0410345114338129,-10.642979251275849,-0.0778894472361809,0.06621518176470592,0.06621518176470592,0.8522118751896328,True,tune,0
atp:2026-03-30:458:A,atp,2026-03-30,2026-03-30,2026-03,A,Hugo Gaston,Luca Van Assche,Clay,,,,0.46905982,0.46905982,0.4342431761786601,2.3028571428571425,0.0,,,0.1138688111450259,-0.0237440498794386,0.0031221311352387,0.0311630485042008,0.118587944254326,-58.25072363765389,-0.0,-0.0,55.0,301.0,70.0,-0.0,-0.2011973923488867,0.1097039334830086,0.012569467449511,-0.0110028618746264,-0.0260850912545975,-0.0240470776343769,-24.521343272872173,0.0326086956521739,0.03481664382133992,0.03481664382133992,0.8341505880231688,True,tune,0
atp:2026-03-30:465:B,atp,2026-03-30,2026-03-30,2026-03,B,Ignacio Buse,Matteo Berrettini,Clay,,,,0.25444466,0.25444466,0.36448598130841126,2.743589743589743,1.0,,,0.0390027493398257,0.1912461345440407,-0.0417549336351432,-0.0124826159464659,0.0355214839837775,-154.14523412216408,0.0,0.0,-195.0,-318.0,-46.0,0.0,-0.2054858930798048,0.0104398227398793,0.0187298786406654,0.0066184355999607,-0.0563092308148808,-0.0536989567968274,-196.65444297847375,-0.2095238095238095,-0.11004132130841127,-0.11004132130841127,1.0092671883322597,True,tune,1
atp:2026-03-30:478:B,atp,2026-03-30,2026-03-30,2026-03,B,Jesper De Jong,Yannick Hanfmann,Clay,,,,0.48439069999999995,0.48439069999999995,0.40240963855421685,2.4850299401197606,0.0,,,-0.0742499300912818,-0.0052467892038596,-0.1740225503633524,-0.0109341984915766,-0.055062879081651,-87.39954247971286,-0.0,-0.0,-116.0,140.0,30.0,-0.0,-0.4412208917947068,-0.0736901330889197,-0.0260746755010781,-0.0160707178487853,-0.037222703716942,-0.0051414074739796,-15.65603008838093,-0.0825798673899939,0.0819810614457831,0.0819810614457831,0.9102847078139432,True,tune,0
atp:2026-03-30:475:B,atp,2026-03-30,2026-03-30,2026-03,B,Luca Van Assche,Tallon Griekspoor,Clay,,,,0.2647505,0.2647505,0.3942307692307693,2.536585365853658,1.0,,,-0.2571563596095327,0.0393359981977181,-0.0237101760719893,0.066353864065293,-0.2379577588079051,-206.06533161448328,0.0,0.0,-154.0,-1213.0,-140.0,0.0,-0.4065998220929778,-0.4838557578182306,0.020470781237783,0.002795217066754,-0.0608901117405626,-0.0439694107184358,-109.86687347848648,-0.1733644859813083,-0.12948026923076927,-0.12948026923076927,0.9308188324370646,True,tune,1
atp:2026-03-30:461:A,atp,2026-03-30,2026-03-30,2026-03,A,Marco Trungelliti,Henrique Rocha,Clay,,,,0.53931856,0.53931856,0.3857142857142857,2.592592592592593,1.0,,,0.0420819660044193,0.0225864676488454,0.1018938973397326,0.2033735937559695,-0.372045732484711,-61.45623969166104,0.0,0.0,8.0,74.0,27.0,0.0,-0.258424233668263,-0.181512124094228,-0.0489024138302957,-0.0283943009158593,-0.0205976039323878,-0.0109235963579295,-5.571462444778263,-0.1619047619047618,0.15360427428571433,0.15360427428571433,0.9526583760450301,True,tune,1
atp:2026-03-30:462:A,atp,2026-03-30,2026-03-30,2026-03,A,Marco Trungelliti,Kamil Majchrzak,Clay,,,,0.40569574,0.40569574,0.3723653395784543,2.6855345911949686,1.0,,,-0.1037152480664039,-0.0822841064980652,0.0127399384664624,0.1493846333867331,-0.0766404943338004,-161.769992042083,0.0,0.0,-67.0,-393.0,-69.0,0.0,-0.2216358083804819,-0.0056048212557038,-0.0512613079445792,-0.0424012101833732,-0.0428072592408994,-0.0123170109883461,40.8358528759552,-0.2089430894308943,0.033330400421545725,0.033330400421545725,0.9878798110083931,True,tune,1
atp:2026-03-30:470:A,atp,2026-03-30,2026-03-30,2026-03,A,Patrick Kypson,Alexei Popyrin,Clay,,,,0.4152885,0.4152885,0.3791469194312796,2.6375,0.0,,,0.1079343856682563,0.0378494179668938,0.028212670967412,-0.1209560783590664,0.053895304124596,-91.21794737339042,-0.0,-0.0,-190.0,-467.0,-65.0,-0.0,0.0490732913758458,-0.6370408258059331,-0.0026031854927265,-0.0249157337453367,-0.0006224066001186,0.0143681716420435,-96.0110072048658,-0.1456582633053221,0.03614158056872041,0.03614158056872041,0.969831498802185,True,tune,0
atp:2026-03-30:443:B,atp,2026-03-30,2026-03-30,2026-03,B,Rinky Hijikata,Aleksandar Kovacevic,Clay,,,,0.44180070000000005,0.44180070000000005,0.40776699029126207,2.452380952380953,1.0,,,-0.1666244825167963,-0.059851404185686,-0.0895446027303181,0.0535010610711714,0.3263061165714511,41.06199570940066,0.0,0.0,-2.0,-331.0,-53.0,0.0,0.1359021433679407,-0.1271719540168114,0.0355151384968243,-0.0030986812406224,-0.0476535273158299,-0.0029919604893704,1.3655144642693813,0.0379591836734694,0.03403370970873798,0.03403370970873798,0.8970593699462677,True,tune,1
atp:2026-03-30:473:A,atp,2026-03-30,2026-03-30,2026-03,A,Roberto Bautista Agut,Titouan Droguet,Clay,,,,0.5582164,0.5582164,0.42997542997543,2.3257142857142856,0.0,,,0.0905808838966169,0.3362318763297109,-0.0241931059560217,-0.01984641596806,0.3172198280218507,11.025322557448815,-0.0,-0.0,248.0,266.0,63.0,-0.0,-0.2756959566961881,-0.2070115196160845,-0.0024150552440865,0.0270585223393611,-0.0154303258142756,-0.0571656820637197,12.481723852093864,-0.0164970164970164,0.12824097002456997,0.12824097002456997,0.8440272115190809,True,tune,0
atp:2026-03-30:477:A,atp,2026-03-30,2026-03-30,2026-03,A,Vit Kopriva,Hamad Medjedovic,Clay,,,,0.48766094,0.48766094,0.4146341463414634,2.4117647058823533,1.0,,,0.1767208263683083,0.1879490121240263,0.0783656471072956,0.0871263872721141,0.0493033035279624,-40.95123974110584,0.0,0.0,-24.0,-92.0,-22.0,0.0,0.251521832366337,0.1571250848258186,0.0230482858547315,0.0007816858480977,-0.0108329092597799,0.0162250728642694,71.23807033127491,-0.0815103386275097,0.07302679365853659,0.07302679365853659,0.8803587226480919,True,tune,1
challenger:2026-03-30:870:A,challenger,2026-03-30,2026-03-30,2026-03,A,Alex Martinez,Daniel Rincon,Clay,Menorca CH,2026-2987,SF,0.45507625,0.437037037037037,0.3538083538083538,2.63,1.0,bet365_via_sofascore,latest_pre_match_assumed,0.1002533429717096,-0.0572801343482528,0.1133112837040537,0.111393116520113,-0.3492458922878788,-91.55924785358252,0.0,0.0,-136.0,-120.0,-178.0,0.0,-0.0122609044969586,0.186525840305949,-0.013897319899283,0.0023662621643731,0.0536946901245427,0.0687006369574646,0.1005199463243116,0.0468844525105868,0.10126789619164622,0.08322868322868321,0.9669838461896731,True,tune,1
challenger:2026-03-30:892:B,challenger,2026-03-30,2026-03-30,2026-03,B,Andre Ilagan,Liam Broady,Hard,Miyazaki CH,2026-3073,QF,0.4055733,0.38020833333333337,0.3913043478260869,2.38,0.0,bet365_via_sofascore,latest_pre_match_assumed,-0.0030502350767642,-0.0021447347083712,0.0325537054524811,0.0317846045257568,-0.1005145273028584,-105.31104008208445,-0.0,-0.0,-66.0,-32.0,-43.0,-0.0,-0.2055896401818465,-0.2055896401818465,-0.0304789995435148,-0.0316167583134925,0.0024554202475105,0.0029338105379682,-92.79068775143946,-0.0960735171261486,0.014268952173913108,-0.011096014492753548,0.8671004876833833,True,tune,0
challenger:2026-03-30:840:A,challenger,2026-03-30,2026-03-30,2026-03,A,Benjamin Torrealba,Carlos Maria Zarate,Clay,Sao Leopoldo CH,2026-2821,Q2,0.3975397,0.3263157894736842,0.375,2.5,0.0,bet365_via_sofascore,latest_pre_match_assumed,-0.0747134893594394,-0.0481737386804955,-0.0541566570688453,-0.0500408423542854,-0.4799003848217567,-36.27696760904405,-0.0,-0.0,-7.0,-29.0,-221.0,-0.0,0.1070663338976697,0.0714411399258419,0.0276126842199478,0.0317214990208201,-0.0087963762132,-0.0121446339367565,-29.971756741753552,-0.1314814814814814,0.022539699999999996,-0.048684210526315774,0.9162907318741551,True,tune,0
challenger:2026-03-30:908:B,challenger,2026-03-30,2026-03-30,2026-03,B,Braden Shick,Harry Wendelken,Hard,Miyazaki CH,2026-3073,R16,0.26187193,0.24264705882352944,0.3373493975903614,2.75,0.0,bet365_via_sofascore,latest_pre_match_assumed,-0.0867565121615043,-0.0867565121615043,0.1033383071431741,0.1033383071431741,-0.2900337322117838,-189.65954648830143,-0.0,-0.0,-56.0,-117.0,-374.0,-0.0,-0.2433097724573987,-0.2433097724573987,-0.0341670163534126,-0.0341670163534126,0.0347176750819641,0.0347176750819641,-173.76153455992767,-0.1875,-0.07547746759036145,-0.09470233876683198,1.0116009116784799,True,tune,0
challenger:2026-03-30:881:B,challenger,2026-03-30,2026-03-30,2026-03,B,Cesar Bouchelaghem ,Dali Blanch,Clay,Menorca CH,2026-2987,Q1,0.25883853,0.24264705882352944,0.39232409381663114,2.375,0.0,bet365_via_sofascore,latest_pre_match_assumed,0.0487180179514596,0.0444411597916505,0.0758691887884606,0.060304507646133,0.2827758994907456,-58.26202019588118,-0.0,-0.0,-69.0,-61.0,-296.0,-0.0,-0.5421606881715993,-0.6020349637545032,-0.0546249766491568,-0.0604492034732959,-0.0088145417588997,-0.0104263911859089,-150.89623658142682,-0.5211267605633803,-0.13348556381663113,-0.1496770349931017,0.8649974374866045,True,tune,0
challenger:2026-03-30:782:A,challenger,2026-03-30,2026-03-30,2026-03,A,Corentin Denolly,Tristan Schoolkate,Clay,San Luis Potosi CH,2026-0213,R16,0.26197678,0.1818181818181818,0.3373493975903614,2.75,0.0,bet365_via_sofascore,latest_pre_match_assumed,-0.084139453521921,-0.1279439035809986,0.1309042738360776,0.1123911521498055,0.0081524016306208,-240.97308223374648,-0.0,-0.0,-83.0,-511.0,-273.0,-0.0,-0.2853207495428668,0.2837490074575753,-0.0315151737573948,0.0050193705523693,-0.0420658832695304,-0.0214303336834927,45.09122857006719,-0.1360869565217392,-0.0753726175903614,-0.15553121577217963,1.0116009116784799,True,tune,0
challenger:2026-03-30:867:B,challenger,2026-03-30,2026-03-30,2026-03,B,Dali Blanch,Jonas Forejtek,Clay,Menorca CH,2026-2987,QF,0.47269213,0.562962962962963,0.4240837696335078,2.2,1.0,bet365_via_sofascore,latest_pre_match_assumed,0.1452438712840474,0.1187229249485811,-0.059217751773697,-0.0408740895010146,0.0528485610130969,-41.719351478893714,0.0,0.0,-127.0,-5.0,-11.0,0.0,0.1154955819598502,0.2262629917882224,0.0474091690859736,0.04002584109652,-0.0257826501532936,-0.0187248384520504,86.45626466934527,-0.0142267747901551,0.04860836036649219,0.1388791933294552,0.7884573603642703,True,tune,1
challenger:2026-03-30:874:B,challenger,2026-03-30,2026-03-30,2026-03,B,Dali Blanch,Alejandro Moro Canas,Clay,Menorca CH,2026-2987,R16,0.37608135,0.38020833333333337,0.3373493975903614,2.75,1.0,bet365_via_sofascore,latest_pre_match_assumed,0.1021136078817926,0.0913168967940629,-0.1291394870428154,-0.0753641760412768,-0.3910683495454552,-142.09556907742603,0.0,0.0,-113.0,-134.0,-215.0,0.0,0.1041130154993133,0.1473721796079613,0.0215893236615296,0.0001079909628005,-0.0208712823904805,-0.0171276701735995,17.627987003390672,-0.0114819350887936,0.03873195240963856,0.04285893574297195,1.0116009116784799,True,tune,1
challenger:2026-03-30:882:A,challenger,2026-03-30,2026-03-30,2026-03,A,Dali Blanch,Diego Dedura Palomero,Clay,Menorca CH,2026-2987,Q2,0.46204072,0.437037037037037,0.3549488054607508,2.625,1.0,bet365_via_sofascore,latest_pre_match_assumed,-0.0872727892121704,-0.080215537341544,0.0110024699428846,-0.002621048211381,-0.1453341733614263,-54.205735097782735,0.0,0.0,23.0,-27.0,-69.0,0.0,-0.0253600783494537,0.0268802270966297,0.0107990457855364,0.0213128528445094,-0.05268652099101,-0.0449203692151621,35.43364990618693,0.0419600938967135,0.10709191453924921,0.0820882315762862,0.965080896043587,True,tune,1
challenger:2026-03-30:773:A,challenger,2026-03-30,2026-03-30,2026-03,A,Facundo Mena,Stefano Napolitano,Clay,San Luis Potosi CH,2026-0213,R32,0.5061333,0.437037037037037,0.3538083538083538,2.63,1.0,bet365_via_sofascore,latest_pre_match_assumed,-0.0553641884381936,0.0102169382967712,0.0210553907353312,0.1097610846231513,-0.2900344679873138,-63.5146657272976,0.0,0.0,97.0,56.0,128.0,0.0,-0.0670973641399812,-0.0801155057066375,0.0159976434372715,0.0057741848087497,-0.0455828450445668,-0.0782226597127084,-40.76282048579628,0.0199517781796262,0.15232494619164622,0.08322868322868321,0.9669838461896731,True,tune,1
challenger:2026-03-30:844:A,challenger,2026-03-30,2026-03-30,2026-03,A,Franco Agamenone,Alejandro Moro Canas,Clay,Menorca CH,2026-2987,R32,0.39273354,0.3263157894736842,0.3373493975903614,2.75,0.0,bet365_via_sofascore,latest_pre_match_assumed,-0.0128469537346223,-0.027920522982161,-0.0375487739269169,0.000661855932294,-0.0141996304403609,-56.742502947981166,-0.0,-0.0,35.0,-84.0,-94.0,-0.0,-0.1761594869122356,-0.1927745983864914,-0.0033875662375285,-0.0306931257603967,-0.044330510717548,-0.0421987479276761,13.657239807753513,0.0062040897359538,0.05538414240963857,-0.011033608116677196,1.0116009116784799,True,tune,0
challenger:2026-03-30:891:B,challenger,2026-03-30,2026-03-30,2026-03,B,Harry Wendelken,Liam Broady,Hard,Miyazaki CH,2026-3073,F,0.44773805,0.5172413793103448,0.4240837696335078,2.2,0.0,bet365_via_sofascore,latest_pre_match_assumed,-0.0314466133476428,-0.0305411129792498,-0.0678389352766657,-0.06860803620339,0.1602581678591704,13.330496536065311,-0.0,-0.0,-107.0,-9.0,-9.0,-0.0,0.0326931154763709,0.0326931154763709,-0.0265974240313815,-0.0277351828013592,-0.0642006665873421,-0.0637222762968844,18.534567921964936,-0.0573830409356724,0.023654280366492197,0.09315760967683695,0.7884573603642703,True,tune,0
challenger:2026-03-30:903:B,challenger,2026-03-30,2026-03-30,2026-03,B,Harry Wendelken,Yu Hsiou Hsu,Hard,Miyazaki CH,2026-3073,QF,0.4472672,0.5172413793103448,0.3913043478260869,2.38,1.0,bet365_via_sofascore,latest_pre_match_assumed,0.0080537122114279,0.0080537122114279,-0.0208970921681685,-0.0208970921681685,0.0976789886345417,27.477521023981808,0.0,0.0,-90.0,-94.0,-95.0,0.0,0.2234506850853782,0.2234506850853782,0.0063625774962766,0.0063625774962766,-0.0366354631686713,-0.0366354631686713,30.357713808658445,0.0625,0.05596285217391306,0.12593703148425783,0.8671004876833833,True,tune,1
challenger:2026-03-30:893:B,challenger,2026-03-30,2026-03-30,2026-03,B,Hayato Matsuoka,Liam Broady,Hard,Miyazaki CH,2026-3073,R16,0.4209602,0.3936170212765957,0.3913043478260869,2.38,0.0,bet365_via_sofascore,latest_pre_match_assumed,-0.1009751129010761,-0.1000696125326831,-0.1620963895918204,-0.1628654905185447,-0.0281286650474807,-73.87245437602314,-0.0,-0.0,-129.0,-39.0,-57.0,-0.0,-0.0443862057117064,-0.0443862057117064,-0.0421807520521626,-0.0433185108221403,0.0250276520833033,0.025506042373761,-63.33849678886418,-0.0960735171261486,0.02965585217391309,0.0023126734505087843,0.8671004876833833,True,tune,0
challenger:2026-03-30:810:A,challenger,2026-03-30,2026-03-30,2026-03,A,Hugo Dellien,Facundo Diaz Acosta,Clay,Sao Leopoldo CH,2026-2821,F,0.56054354,0.6063829787234043,0.3538083538083538,2.63,0.0,bet365_via_sofascore,latest_pre_match_assumed,-0.1035594547172379,-0.0980996584971561,-0.0476701342776577,-0.0380259954689972,0.1339970563218337,34.8667234618963,-0.0,-0.0,26.0,163.0,72.0,-0.0,-0.0733211340994653,-0.0733211340994653,0.0007552489967289,0.0014969459905754,0.0123747305339376,0.0117072825139982,15.323402458822784,0.0416633303974164,0.20673518619164616,0.2525746249150505,0.9669838461896731,True,tune,0
challenger:2026-03-30:811:A,challenger,2026-03-30,2026-03-30,2026-03,A,Hugo Dellien,Gustavo Heide,Clay,Sao Leopoldo CH,2026-2821,SF,0.57197535,0.6063829787234043,0.391304347826087,2.38,1.0,bet365_via_sofascore,latest_pre_match_assumed,0.1023737224973914,0.1047634480607524,-0.0048532408356417,-0.0040162723342372,0.1984193882159566,39.91531249986042,0.0,0.0,78.0,206.0,101.0,0.0,0.091246500348774,0.0013852120562779,0.0030328284733835,-0.0074675039557994,-0.0014721909586278,-0.0027908742573941,22.30420087708262,0.1056061116728457,0.18067100217391302,0.21507863089731732,0.8671004876833833,True,tune,1
challenger:2026-03-30:841:B,challenger,2026-03-30,2026-03-30,2026-03,B,Ivan Gakhov,Norbert Gombos,Clay,Menorca CH,2026-2987,R32,0.47309310000000004,0.562962962962963,0.3913043478260869,2.38,1.0,bet365_via_sofascore,latest_pre_match_assumed,-0.0704841650727546,-0.0704617599115616,-0.0090780867518611,0.0160534755880449,0.1890446326524995,2.8175725969508676,0.0,0.0,10.0,33.0,38.0,0.0,0.0251853712319483,-0.257660204675151,-0.0247729224042761,0.0027892332087357,0.0100083643792494,-0.0063852465232265,-82.5462578823599,-0.0261724552592488,0.08178875217391313,0.17165861513687608,0.8671004876833833,True,tune,1
challenger:2026-03-30:850:A,challenger,2026-03-30,2026-03-30,2026-03,A,Ivan Gakhov,Pol Martin Tiffon,Clay,Menorca CH,2026-2987,R16,0.5603564,0.6063829787234043,0.4109947643979057,2.25,0.0,bet365_via_sofascore,latest_pre_match_assumed,0.0264446901957657,0.1931815942609004,-0.0368086704442227,0.0141467017765306,0.0718549850303673,-27.18597500042074,-0.0,-0.0,94.0,83.0,120.0,-0.0,0.1236814453719256,0.138305734136323,-0.0041291743237666,0.051360046277836,0.0092891666523149,0.0015263686914364,37.47174702861139,0.0559808806254303,0.14936163560209426,0.19538821432549858,0.8109302162163288,True,tune,0
challenger:2026-03-30:872:B,challenger,2026-03-30,2026-03-30,2026-03,B,Izan Almazan Valiente,Alex Martinez,Clay,Menorca CH,2026-2987,Q1,0.3313627,0.3267326732673267,0.4233870967741936,2.2,0.0,bet365_via_sofascore,latest_pre_match_assumed,-0.0757397754863669,-0.0212699604846505,-0.254965658995061,-0.25308648213101,0.2333440735892317,24.39821018579391,-0.0,-0.0,-33.0,-86.0,-440.0,-0.0,0.2936962802267218,0.022340521771443,-0.0119976769483186,-0.0247305488784084,0.0143574221519441,0.0134126601209494,-41.622277206477065,0.0473684210526315,-0.0920243967741936,-0.09665442350686693,0.7884573603642703,True,tune,0
challenger:2026-03-30:889:A,challenger,2026-03-30,2026-03-30,2026-03,A,Ji Sung Nam,Braden Shick,Hard,Miyazaki CH,2026-3073,R32,0.5126459,0.437037037037037,0.4109947643979057,2.25,0.0,bet365_via_sofascore,latest_pre_match_assumed,0.1873579883693635,0.1795275643389329,-0.1240989066155636,-0.1247702837573903,0.042191566857,20.130797116611348,-0.0,-0.0,89.0,-6.0,-41.0,-0.0,-0.0398204591370459,-0.0398204591370459,0.0306690968871304,0.0314098408431767,0.0049050523619272,0.004617969901258,31.556023646586254,0.0889175257731959,0.10165113560209427,0.02604227263913128,0.8109302162163288,True,tune,0
challenger:2026-03-30:805:A,challenger,2026-03-30,2026-03-30,2026-03,A,Jose Pereira,Nicolas Zanellato,Clay,Sao Leopoldo CH,2026-2821,Q1,0.5985193,0.6197916666666666,0.3549488054607508,2.625,0.0,bet365_via_sofascore,latest_pre_match_assumed,-0.105932329555089,-0.105932329555089,-0.2390326135770291,-0.2390326135770291,-0.0132422580690843,-45.780943948737786,-0.0,-0.0,44.0,25.0,250.0,-0.0,-0.1675842609898166,-0.1675842609898166,-0.0059499136169351,-0.0059499136169351,0.0142006117652103,0.0142006117652103,-45.334911427565885,-0.0013164390324172,0.24357049453924917,0.2648428612059158,0.965080896043587,True,tune,0
challenger:2026-03-30:849:B,challenger,2026-03-30,2026-03-30,2026-03,B,Juan Cruz Martin Manzano,Christoph Negritu,Clay,Menorca CH,2026-2987,Q1,0.27995764999999995,0.24264705882352944,0.4112149532710281,2.25,0.0,bet365_via_sofascore,latest_pre_match_assumed,0.1732178168160635,0.1374019870879257,-0.1867586141153232,-0.1625391321334039,0.1307096001589913,-100.4292757695805,-0.0,-0.0,-112.0,-75.0,-266.0,-0.0,-0.2291454092250299,-0.0751188352880095,-0.0123404866652044,-0.014209355152529,-0.0077810453679022,-0.0035721796954812,-95.25260306235168,-0.1751412429378531,-0.13125730327102814,-0.16856789444749865,0.8109302162163288,True,tune,0
challenger:2026-03-30:826:B,challenger,2026-03-30,2026-03-30,2026-03,B,Juan Manuel La Serna,Guido Ivan Justo,Clay,Sao Leopoldo CH,2026-2821,R32,0.40277165000000004,0.38020833333333337,0.35380835380835374,2.63,1.0,bet365_via_sofascore,latest_pre_match_assumed,0.0854501017300068,0.0901939145228837,0.1844917079260498,0.1849660892053374,0.0609081447886762,-81.26679735812195,0.0,0.0,-57.0,-21.0,-57.0,0.0,-0.0082239042677378,-0.0082239042677378,-0.0262098980789835,-0.026163497283893,0.0084968164004242,0.0085968067736948,-91.12190862751048,-0.0558336542164035,0.0489632961916463,0.026399979524979633,0.9669838461896731,True,tune,1
challenger:2026-03-30:814:A,challenger,2026-03-30,2026-03-30,2026-03,A,Juan Pablo Varillas,Facundo Diaz Acosta,Clay,Sao Leopoldo CH,2026-2821,R16,0.43275854,0.4137931034482758,0.3373493975903614,2.75,0.0,bet365_via_sofascore,latest_pre_match_assumed,-0.1355106317369301,-0.1300508355168483,-0.0889607272071435,-0.0793165883984829,-0.1479089140622504,-76.25258801402538,-0.0,-0.0,43.0,-62.0,-43.0,-0.0,-0.1735737639067333,-0.1735737639067333,0.0104120560821103,0.0111537530759568,0.0070730007482434,0.006405552728304,-87.11738864506128,-0.0048342541436463,0.0954091424096386,0.07644370585791438,1.0116009116784799,True,tune,0
challenger:2026-03-30:907:B,challenger,2026-03-30,2026-03-30,2026-03,B,Justin Boulais,Harry Wendelken,Hard,Miyazaki CH,2026-3073,R32,0.3140908,0.3267326732673267,0.375,2.5,0.0,bet365_via_sofascore,latest_pre_match_assumed,-0.0625926365171081,-0.0625926365171081,0.1115743110729922,0.1115743110729922,-0.4110526165247252,-173.22005913327325,-0.0,-0.0,-0.0,-95.0,-248.0,-0.0,-0.147393419510861,-0.147393419510861,-0.0134056260608382,-0.0134056260608382,0.0485234055448957,0.0485234055448957,-153.701859045854,-0.140625,-0.0609092,-0.04826732673267331,0.9162907318741551,True,tune,0
challenger:2026-03-30:879:B,challenger,2026-03-30,2026-03-30,2026-03,B,Justin Engel,Inaki Montes De La Torre,Clay,Menorca CH,2026-2987,R32,0.56503373,0.5862068965517242,0.4240837696335078,2.2,1.0,bet365_via_sofascore,latest_pre_match_assumed,-0.0316621135567102,-0.1457845600149268,-0.0024021753007222,0.1943449830300682,0.2110659819009687,-7.627500569197537,0.0,0.0,-17.0,201.0,226.0,0.0,-0.2121955624638065,0.0522190655431842,-0.059043734969622,-0.0608592269138974,0.0269124933115756,0.0337169187412781,-53.54400145341401,-0.1622971285892634,0.1409499603664922,0.1621231269182164,0.7884573603642703,True,tune,1
challenger:2026-03-30:909:A,challenger,2026-03-30,2026-03-30,2026-03,A,Kasidit Samrej,Hayato Matsuoka,Hard,Miyazaki CH,2026-3073,R32,0.40076873,0.3263157894736842,0.4240837696335078,2.2,0.0,bet365_via_sofascore,latest_pre_match_assumed,0.178262756380211,0.178262756380211,0.0587566451106917,0.0587566451106917,0.369669792990999,0.6058506307927018,-0.0,-0.0,36.0,-23.0,-59.0,-0.0,-0.0633237796952063,-0.0633237796952063,-0.0180024097756926,-0.0180024097756926,-0.0520832693937428,-0.0520832693937428,-12.76649211402605,-0.0494505494505495,-0.023315039633507784,-0.09776798015982358,0.7884573603642703,True,tune,0
challenger:2026-03-30:812:B,challenger,2026-03-30,2026-03-30,2026-03,B,Lautaro Midon,Hugo Dellien,Clay,Sao Leopoldo CH,2026-2821,QF,0.3041813,0.24264705882352944,0.35380835380835374,2.63,0.0,bet365_via_sofascore,latest_pre_match_assumed,-0.0221683492444721,-0.0233543024426913,-0.0937405354970426,-0.0937405354970426,-0.0645680485930038,-110.1020660029676,-0.0,-0.0,-92.0,-195.0,-93.0,-0.0,-0.1038033716909097,-0.1038033716909097,-0.0245208325673346,-0.0250917193853168,-0.0451657417041363,-0.0441955734270809,-122.6735926497945,-0.1236714975845411,-0.04962705380835375,-0.1111612949848243,0.9669838461896731,True,tune,0
challenger:2026-03-30:787:B,challenger,2026-03-30,2026-03-30,2026-03,B,Matias Soto,Nicolas Mejia,Clay,San Luis Potosi CH,2026-0213,QF,0.3288968,0.3267326732673267,0.3373493975903614,2.75,0.0,bet365_via_sofascore,latest_pre_match_assumed,-0.0059650780057763,0.118762084183255,0.1456251131832426,0.0023099010386103,-0.1303184101923421,-131.02359341480542,-0.0,-0.0,-145.0,-222.0,-225.0,-0.0,0.1663593184158381,-0.1226806296612648,0.0062469475727141,-0.0010087319521109,-0.0147282438223789,-0.0129946907837996,-116.64963997249652,-0.0201807995925643,-0.008452597590361433,-0.010616724323034732,1.0116009116784799,True,tune,0
challenger:2026-03-30:785:B,challenger,2026-03-30,2026-03-30,2026-03,B,Max Wiskandt,Patrick Zahraj,Clay,San Luis Potosi CH,2026-0213,R32,0.42743260000000005,0.3936170212765957,0.4109947643979057,2.25,0.0,bet365_via_sofascore,latest_pre_match_assumed,-0.1017708431575317,0.2193118036331675,-0.0378866862012859,0.1134400645168294,0.0561660522524232,-34.19253477977122,-0.0,-0.0,4.0,-98.0,-180.0,-0.0,0.0484917091223671,0.1955804509895506,-0.0081316329208659,0.0120616035858703,0.0620116054179443,0.0519828305933,80.82211799493643,-0.0587067498581962,0.01643783560209433,-0.01737774312131002,0.8109302162163288,True,tune,0
challenger:2026-03-30:821:B,challenger,2026-03-30,2026-03-30,2026-03,B,Maximo Zeitune,Lorenzo Joaquin Rodriguez,Clay,Sao Leopoldo CH,2026-2821,R32,0.311913,0.24264705882352944,0.3373493975903614,2.75,0.0,bet365_via_sofascore,latest_pre_match_assumed,0.0673093392002671,0.0673093392002671,0.0534583271641734,0.0534583271641734,-0.0090089478600258,-29.11177337971185,-0.0,-0.0,-45.0,-73.0,-389.0,-0.0,-0.0792517245998374,-0.0792517245998374,-0.0557710782218497,-0.0557710782218497,0.0077535141027841,0.0077535141027841,-32.030949795019296,-0.0666666666666666,-0.025436397590361426,-0.09470233876683198,1.0116009116784799,True,tune,0
challenger:2026-03-30:895:B,challenger,2026-03-30,2026-03-30,2026-03,B,Maximus Jones,Fajing Sun,Hard,Miyazaki CH,2026-3073,R32,0.39046179999999997,0.38020833333333337,0.3913043478260869,2.38,1.0,bet365_via_sofascore,latest_pre_match_assumed,-0.1031017232436465,-0.1060211730346163,-7.949824430508734e-05,-0.0024146583714687,0.0190757944124884,-53.492903080418046,0.0,0.0,-13.0,-56.0,-78.0,0.0,-0.3142442859070952,-0.3142442859070952,-0.0255234600169703,-0.0263499932911742,-0.0111155832323748,-0.0107411474556139,-56.07876095345705,0.0412477823772916,-0.0008425478260869479,-0.011096014492753548,0.8671004876833833,True,tune,1
challenger:2026-03-30:765:A,challenger,2026-03-30,2026-03-30,2026-03,A,Miguel Tobon,James Duckworth,Clay,San Luis Potosi CH,2026-0213,R16,0.13712414,0.0526315789473684,0.3373493975903614,2.75,0.0,bet365_via_sofascore,latest_pre_match_assumed,0.1627645182689484,-0.1119389157439109,-0.2001831943570199,-0.0361722290199666,-0.044376316898313,-237.63433540757543,-0.0,-0.0,-124.0,-631.0,-508.0,-0.0,-0.0362900853839703,-0.7108621509519767,0.0191012592897084,-0.0481164999609186,-0.042041346266234,-0.0987081032734055,-153.0816009360028,-0.2880091795754446,-0.20022525759036142,-0.284717818642993,1.0116009116784799,True,tune,0
challenger:2026-03-30:902:B,challenger,2026-03-30,2026-03-30,2026-03,B,Naoya Honda,Blake Ellis,Hard,Miyazaki CH,2026-3073,R32,0.29877657,0.24264705882352944,0.35380835380835374,2.63,0.0,bet365_via_sofascore,latest_pre_match_assumed,0.0650693320042108,0.0553564906021517,0.0747287594073387,0.0711116601585607,-0.4779039155994166,-116.97859132780512,-0.0,-0.0,-65.0,-46.0,-261.0,-0.0,-0.1089500762894519,-0.1089500762894519,0.0495019622298463,0.0458781585664603,-0.0243628669187324,-0.0236510561859946,-105.10119531246164,-0.2282463186077643,-0.05503178380835372,-0.1111612949848243,0.9669838461896731,True,tune,0
challenger:2026-03-30:910:B,challenger,2026-03-30,2026-03-30,2026-03,B,Ognjen Milic,Carl Emil Overbeck,Hard,Miyazaki CH,2026-3073,R32,0.39764809999999995,0.38020833333333337,0.3373493975903614,2.75,1.0,bet365_via_sofascore,latest_pre_match_assumed,-0.0651610757166539,-0.0651610757166539,0.0897919843087137,0.0897919843087137,-0.4167345899468748,-111.45000121132034,0.0,0.0,-24.0,17.0,56.0,0.0,-0.5848299181493297,-0.5848299181493297,-0.0536975253440812,-0.0536975253440812,-0.026258632686507,-0.026258632686507,-107.65856472464088,-0.64,0.06029870240963853,0.04285893574297195,1.0116009116784799,True,tune,1
challenger:2026-03-30:911:B,challenger,2026-03-30,2026-03-30,2026-03,B,Ognjen Milic,Yi Zhou,Hard,Miyazaki CH,2026-3073,R16,0.25166434000000004,0.24264705882352944,0.35380835380835374,2.63,1.0,bet365_via_sofascore,latest_pre_match_assumed,0.0242099851014344,0.0242099851014344,0.036192746281353,0.036192746281353,0.2424411967371034,-114.90199259867973,0.0,0.0,-66.0,-122.0,-219.0,0.0,-0.389218830482842,-0.389218830482842,-0.0699982816149832,-0.0699982816149832,0.0012769131900732,0.0012769131900732,-104.48555412023006,-0.4477611940298507,-0.1021440138083537,-0.1111612949848243,0.9669838461896731,True,tune,1
challenger:2026-03-30:827:A,challenger,2026-03-30,2026-03-30,2026-03,A,Pedro Boscardin Dias,Gustavo Heide,Clay,Sao Leopoldo CH,2026-2821,R32,0.34601593,0.2483660130718954,0.3373493975903614,2.75,0.0,bet365_via_sofascore,latest_pre_match_assumed,0.0235406534221348,0.0215353759568011,-0.0651564366156685,-0.0658669150680901,0.3721789955744197,-58.832071203840314,-0.0,-0.0,56.0,-35.0,-34.0,-0.0,0.1249345889890688,0.0350733006965727,-0.0321060331381431,-0.0422635288042658,-0.026361842638879,-0.0283185327700393,-62.56194452694626,-0.0685941755709197,0.008666532409638605,-0.08898338451846602,1.0116009116784799,True,tune,0
challenger:2026-03-30:853:A,challenger,2026-03-30,2026-03-30,2026-03,A,Raul Brancaccio,Dali Blanch,Clay,Menorca CH,2026-2987,SF,0.473639,0.437037037037037,0.4109947643979057,2.25,1.0,bet365_via_sofascore,latest_pre_match_assumed,-0.1548787103526214,-0.1352282861329437,-0.0337200773987765,-0.1335240002426342,-0.0381638041073643,5.482031157082247,0.0,0.0,148.0,24.0,65.0,0.0,-0.1827522558611741,-0.3639599899047275,-0.034304700183156,-0.0338340515896875,-0.014853658552014,-0.0208266416110751,-119.05611252640142,0.0131198147790855,0.06264423560209426,0.02604227263913128,0.8109302162163288,True,tune,1
challenger:2026-03-30:793:B,challenger,2026-03-30,2026-03-30,2026-03,B,Robin Catry,Beibit Zhukayev,Clay,San Luis Potosi CH,2026-0213,R32,0.32800454,0.3267326732673267,0.3913043478260869,2.38,0.0,bet365_via_sofascore,latest_pre_match_assumed,0.1354767447701829,-0.1216924441794592,0.0485794030761738,-0.162559753711188,0.2777162609738933,-33.429771059043105,-0.0,-0.0,-142.0,-127.0,-299.0,-0.0,0.2979030214087218,0.0152142228953151,0.0069837402399178,-0.0688740596988555,1.2837405037768868e-05,-0.0406374794115844,15.58047972912368,-0.037747244451155,-0.0632998078260869,-0.06457167455876023,0.8671004876833833,True,tune,0
challenger:2026-03-30:846:B,challenger,2026-03-30,2026-03-30,2026-03,B,Sergio Callejon Hernando,Denis Yevseyev,Clay,Menorca CH,2026-2987,Q2,0.41437405000000005,0.38020833333333337,0.39232409381663114,2.375,1.0,bet365_via_sofascore,latest_pre_match_assumed,0.0641302070171857,0.045007289845859,0.2942424769748605,0.3655587285518901,0.0231512539940347,1.242646369762724,0.0,0.0,-263.0,-55.0,-161.0,0.0,0.0995364697839525,0.1436739802320927,-0.0192712340386577,-0.0192050417908141,-0.0177159558493955,0.0056731907520481,12.754792878281703,0.0499551971326165,0.022049956183368913,-0.012115760483297766,0.8649974374866045,True,tune,1
challenger:2026-03-30:880:B,challenger,2026-03-30,2026-03-30,2026-03,B,Sergio Callejon Hernando,Daniel Rincon,Clay,Menorca CH,2026-2987,QF,0.43531346000000004,0.3936170212765957,0.375,2.5,0.0,bet365_via_sofascore,latest_pre_match_assumed,0.0573557852804521,-0.0457078770377938,0.1407322874676878,0.1406932971477982,-0.233706104003895,-37.96484651084984,-0.0,-0.0,-158.0,-156.0,-289.0,-0.0,0.293866021179501,0.2088663620773921,0.0201873366402278,0.0237180467737941,0.050215814737617,0.0642769995395442,-41.521757260152754,0.0567528735632183,0.06031346000000004,0.018617021276595702,0.9162907318741551,True,tune,0
challenger:2026-03-30:801:A,challenger,2026-03-30,2026-03-30,2026-03,A,Tibo Colson,Rodrigo Pacheco Mendez,Clay,San Luis Potosi CH,2026-0213,R32,0.33319795,0.2483660130718954,0.3373493975903614,2.75,0.0,bet365_via_sofascore,latest_pre_match_assumed,0.0531954084092732,0.3051643888889603,0.0462875295731098,-0.0394494967385553,0.0054566467031597,-78.6462134514145,-0.0,-0.0,-62.0,-163.0,-275.0,-0.0,-0.0368563415979892,0.2562500044978149,-0.0192200788013164,-0.0219848703598472,-0.0067135982896077,0.002600820281677,-3.221202342553397,0.0635085892764185,-0.004151447590361401,-0.08898338451846602,1.0116009116784799,True,tune,0
challenger:2026-03-30:788:B,challenger,2026-03-30,2026-03-30,2026-03,B,Tristan Schoolkate,Nicolas Mejia,Clay,San Luis Potosi CH,2026-0213,SF,0.49606890000000003,0.562962962962963,0.3913043478260869,2.38,0.0,bet365_via_sofascore,latest_pre_match_assumed,-0.1521511223863793,-0.0225910111370318,0.0302711906427083,-0.1785998772201105,-0.1828215747351776,-11.397209097373208,-0.0,-0.0,-89.0,297.0,70.0,-0.0,-0.019420964077315,-0.7509896538015499,-0.0101444694446585,-0.0456358455149324,0.0041892560928804,-0.0321884268545129,-287.4931611935333,0.0524242424242424,0.10476455217391312,0.17165861513687608,0.8671004876833833,True,tune,0
challenger:2026-03-30:900:A,challenger,2026-03-30,2026-03-30,2026-03,A,Tung Lin Wu,Harry Wendelken,Hard,Miyazaki CH,2026-3073,SF,0.47350335,0.437037037037037,0.4240837696335078,2.2,0.0,bet365_via_sofascore,latest_pre_match_assumed,0.0002807077477128,0.0002807077477128,0.0167308964895048,0.0167308964895048,-0.390357587422562,-44.493475425946144,-0.0,-0.0,166.0,-38.0,-70.0,-0.0,-0.0508931342454683,-0.0508931342454683,0.0014215378058735,0.0014215378058735,0.1168287268291672,0.1168287268291672,-37.90270199686347,-0.0364130434782609,0.04941958036649219,0.0129532674035292,0.7884573603642703,True,tune,0
challenger:2026-03-30:813:B,challenger,2026-03-30,2026-03-30,2026-03,B,Valerio Aboian,Gonzalo Villanueva,Clay,Sao Leopoldo CH,2026-2821,R32,0.4108752,0.38020833333333337,0.4240837696335078,2.2,0.0,bet365_via_sofascore,latest_pre_match_assumed,-0.0139249523013479,-0.0184757702325655,0.108895771825182,0.1151766572799321,-0.0169340380733882,-49.42913277128309,-0.25,-0.25,-174.0,-66.0,-181.0,-0.0,0.0384847639532126,0.0384847639532126,-0.0158650770414457,-0.0155478662365944,0.0264958428192133,0.0269704752469536,-36.06389881005089,-0.0033018867924528,-0.013208569633507805,-0.04387543630017443,0.7884573603642703,True,tune,0
atp:2026-04-05:497:B,atp,2026-04-05,2026-04-05,2026-04,B,Alexander Blockx,Flavio Cobolli,Clay,,,,0.36814976,0.36814976,0.37914691943127965,2.6374999999999997,1.0,,,-0.1190963762538735,-0.1957237465905471,0.0375696208420478,0.0854813482430192,-0.1396732271877674,-142.23260345739573,0.0,0.0,-131.0,-1465.0,-95.0,0.0,-0.0272496632879729,-0.2470929555773852,0.0177216470898696,-0.0499663999996087,0.0684903285698539,0.0671398546545458,-154.6047171180403,-0.1342465753424657,-0.010997159431279657,-0.010997159431279657,0.9698314988021848,True,tune,1
atp:2026-04-05:483:A,atp,2026-04-05,2026-04-05,2026-04,A,Alexandre Muller,Corentin Moutet,Clay,,,,0.4348318,0.4348318,0.3890214797136038,2.570552147239264,0.0,,,0.0040983192310602,0.0610428876026257,0.0504596532944502,0.0818129585560175,0.3322000533392578,-45.46474147915046,-0.0,-0.0,-56.0,-178.0,-9.0,-0.0,0.2809225878464675,0.2048391162043244,-0.0044430888108104,0.0036300157866284,0.0033725177135938,0.0214860685615773,64.47317070402892,-0.0292871615398784,0.0458103202863962,0.0458103202863962,0.9441207191153755,True,tune,0
atp:2026-04-05:493:A,atp,2026-04-05,2026-04-05,2026-04,A,Daniel Altmaier,Tomas Machac,Clay,,,,0.29943264,0.29943264,0.3627906976744186,2.7564102564102564,0.0,,,-0.2160313992647057,-0.089412393829933,0.0441676020681635,0.1554774743537491,0.1230005682336449,-211.12233888441756,-0.0,-0.0,50.0,-322.0,-14.0,-0.0,-0.159005078999442,0.1944042596291711,-0.0156319381194176,-0.0209860840015164,-0.0002006700002167,0.0117220320178386,-60.4981860592693,-0.2133053755242089,-0.0633580576744186,-0.0633580576744186,1.013929201438071,True,tune,0
atp:2026-04-05:499:A,atp,2026-04-05,2026-04-05,2026-04,A,Francisco Comesana,Flavio Cobolli,Clay,,,,0.40715033,0.40715033,0.3875598086124401,2.5802469135802477,0.0,,,-0.0859532762860507,-0.1822411762174077,-0.2079862873094431,-0.0879967259664999,-0.346200539156172,-143.27922818303568,-0.0,-0.0,-84.0,-1171.0,-45.0,-0.0,-0.3981999718202778,-0.3471370966220301,0.0047334184377517,-0.0477358386005185,0.016621686104613,0.0479306746171716,-144.11885288910707,-0.1310207688908529,0.0195905213875599,0.0195905213875599,0.9478850972923726,True,tune,0
atp:2026-04-05:502:A,atp,2026-04-05,2026-04-05,2026-04,A,Gael Monfils,Tallon Griekspoor,Clay,,,,0.33525154,0.33525154,0.3408577878103837,2.9337748344370866,1.0,,,-0.1873761848722845,-0.022439439059771,-0.0194692512356361,0.0464258603947091,-0.1382365748946676,-52.621327256773384,0.0,0.0,-32.0,-740.0,-42.0,0.0,-0.337491312920054,-0.1483883926747849,0.0349068750868613,-0.0052295898107494,-0.0568202917902761,-0.0504632189662472,-98.31721599271872,0.0692337018680899,-0.005606247810383658,-0.005606247810383658,1.0762899332302116,True,tune,1
atp:2026-04-05:503:A,atp,2026-04-05,2026-04-05,2026-04,A,Hubert Hurkacz,Fabian Marozsan,Clay,,,,0.5353194,0.5353194,0.4499999999999999,2.2222222222222228,1.0,,,-0.090371802038706,-0.0081015637155052,0.100112272908439,0.0529465544289322,0.1711455535772723,45.235715103555776,0.0,0.0,179.0,-235.0,-18.0,0.0,-0.22139135919408,0.1022696585847521,-0.0416349672042447,-0.0173243504933079,0.0109511251750351,0.0161391745381833,111.36706120492045,0.1233756534727409,0.0853194000000001,0.0853194000000001,0.7985076962177718,True,tune,1
atp:2026-04-05:508:A,atp,2026-04-05,2026-04-05,2026-04,A,Marton Fucsovics,Alejandro Tabilo,Clay,,,,0.5196317,0.5196317,0.3659673659673659,2.7324840764331215,0.0,,,-0.0273510920869146,0.0841269415770276,-0.1286741198718848,0.0599571690897007,-0.0760779370655982,-4.546638089430644,-0.0,-0.0,61.0,239.0,27.0,-0.0,-0.0830475842020943,-0.1491836706001451,0.0052968898247225,0.001003205630616,-0.0285348831128303,-0.0548324239563658,-9.056699160702236,-0.0005886970172684,0.15366433403263413,0.15366433403263413,1.005211113579709,True,tune,0
atp:2026-04-05:491:B,atp,2026-04-05,2026-04-05,2026-04,B,Matteo Arnaldi,Cristian Garin,Clay,,,,0.50989458,0.50989458,0.4063260340632603,2.4610778443113777,0.0,,,-0.1270676824807227,0.18183360311294,-0.0762276410807286,0.0441258144922795,-0.1605767183114789,-28.357554262358462,-0.0,-0.0,-40.0,147.0,18.0,-0.0,-0.1597153552782156,0.1297361429108438,-0.0347600790652107,-0.0150036198364023,-0.0385299754301228,-0.0343455305419061,38.3938439351607,-0.0502262443438913,0.1035685459367397,0.1035685459367397,0.9005994020794796,True,tune,0
atp:2026-04-05:488:B,atp,2026-04-05,2026-04-05,2026-04,B,Miomir Kecmanovic,Cameron Norrie,Clay,,,,0.42486596,0.42486596,0.4477611940298508,2.233333333333333,0.0,,,-0.008152935767763,-0.187779964055586,-0.1107016581741072,-0.05702580950861,-0.2426834330579994,-116.59000763031965,-0.0,-0.3333333333333333,-39.0,-548.0,-24.0,-0.0,-0.0738425650489431,-0.3875832854956205,0.0139843088363992,-0.0233959907108613,0.0064548449531818,0.0057097010040564,-139.95648348684767,-0.1185698425099716,-0.02289523402985083,-0.02289523402985083,0.8034952377288105,True,tune,0
atp:2026-04-05:511:A,atp,2026-04-05,2026-04-05,2026-04,A,Stefanos Tsitsipas,Francisco Cerundolo,Clay,,,,0.5039649,0.5039649,0.4527363184079602,2.208791208791209,0.0,,,-0.2837093681382439,-0.0697163429605611,0.0751919447987266,-0.1706353163553566,-0.1464619818852506,-84.98436145703135,-0.0,-0.0,127.0,-655.0,-15.0,-0.0,-0.1389250660567211,-0.1901132495675509,-0.032032740995041,-0.0429509325507588,0.0265532342609947,0.0004665504826341,48.10822204300325,0.1168494623655914,0.05122858159203986,0.05122858159203986,0.7924454015422258,True,tune,0
atp:2026-04-05:512:A,atp,2026-04-05,2026-04-05,2026-04,A,Terence Atmane,Ethan Quinn,Clay,,,,0.5010809,0.5010809,0.4455445544554455,2.244444444444445,1.0,,,0.0841451474983189,0.1131112536741149,0.0537136409787404,-0.0596867022706911,-0.1862184957000965,24.969711957994605,0.0,0.0,-7.0,66.0,7.0,0.0,0.1551464929080805,-0.1355838144565441,0.0117940419100187,0.0020534766339811,0.0040999014129143,-0.0236960844499433,-42.93726997608087,0.0152439024390244,0.055536345544554555,0.055536345544554555,0.8084580270709399,True,tune,1
challenger:2026-04-06:1107:A,challenger,2026-04-06,2026-04-06,2026-04,A,Alan Magadan,Bor Artnak,Clay,Mexico City CH,2026-8375,R32,0.5157831,0.437037037037037,0.375,2.5,0.0,bet365_via_sofascore,latest_pre_match_assumed,0.1194638027798458,-0.0212909776461976,0.0736702111175516,0.2527174635946087,-0.2531805272102349,65.76059044480758,-0.0,-0.0,-26.0,-52.0,-299.0,-0.0,-0.0194459521983734,0.4756686555186984,0.0159338142035874,0.0129457657699595,0.0061772722707561,0.0116076410463016,118.11290700139148,0.1590909090909091,0.14078310000000005,0.062037037037037,0.9162907318741551,True,final,0
challenger:2026-04-06:1135:B,challenger,2026-04-06,2026-04-06,2026-04,B,Alejandro Moro Canas,Zsombor Piros,Clay,Madrid CH,2026-9687,QF,0.34068257,0.3267326732673267,0.39232409381663114,2.375,0.0,bet365_via_sofascore,latest_pre_match_assumed,-0.0658978407904173,-0.0799803241387769,-0.1125140051560494,0.0415132212854512,0.1111606806650283,-125.78425642381126,-0.0,-0.0,-31.0,-119.0,-76.0,-0.0,-0.187381534842871,0.1079681558601321,0.0247807678820537,0.0215181093246926,-0.0197143510464877,0.0016269548659986,-118.94350863832324,-0.1313364055299539,-0.05164152381663112,-0.06559142054930445,0.8649974374866045,True,final,0
challenger:2026-04-06:1143:B,challenger,2026-04-06,2026-04-06,2026-04,B,Alejandro Moro Canas,Pablo Llamas Ruiz,Clay,Madrid CH,2026-9687,R16,0.3309947,0.3267326732673267,0.3549488054607508,2.625,1.0,bet365_via_sofascore,latest_pre_match_assumed,-0.182860841543734,-0.195725976883914,-0.1293022752266917,-0.1288622965667865,0.0940061716709597,-117.6457346266825,-0.3333333333333333,0.0909090909090908,65.0,-40.0,-27.0,0.0,-0.4590167420762367,-0.4157575779675886,-0.0364290565395016,-0.0189451177558775,-0.0735308698569169,-0.0703276845555846,-174.5016869463186,-0.0793121834177552,-0.02395410546075083,-0.028216132193424115,0.965080896043587,True,final,1
challenger:2026-04-06:1006:A,challenger,2026-04-06,2026-04-06,2026-04,A,Alex Rybakov,Stefan Dostanic,Clay,Sarasota CH,2026-5069,R16,0.5060171,0.437037037037037,0.4233870967741935,2.2,0.0,bet365_via_sofascore,latest_pre_match_assumed,-0.2327772793675493,-0.1739320575216538,-0.0111934683391329,0.0340055451785078,0.1924566177077271,-143.3300756266908,-0.0,-0.0,99.0,126.0,308.0,-0.0,-0.3013987535449819,0.4072191540133758,-0.0564053512021757,-0.0439328860123951,-0.0245579518439799,-0.0168372212479533,50.24781164029605,-0.0607608312786193,0.08263000322580649,0.013649940262843496,0.7884573603642703,True,final,0
challenger:2026-04-06:1069:B,challenger,2026-04-06,2026-04-06,2026-04,B,Andrew Fenty,Miguel Tobon,Clay,Mexico City CH,2026-8375,Q2,0.55512017,0.562962962962963,0.4112149532710281,2.25,0.0,bet365_via_sofascore,latest_pre_match_assumed,-0.1093529605354685,-0.0437462178796656,-0.125363939461644,-0.1213910228835022,-0.0855246130897386,-42.00305362326458,-0.0,-0.0,-5.0,35.0,134.0,-0.0,-0.3668920684001845,-0.4083965842612118,-0.0137158816261566,-0.0103587370582907,0.0189684341254067,0.0434213633695593,-5.804624842202202,-0.0201484623541887,0.14390521672897194,0.15174800969193492,0.8109302162163288,True,final,0
challenger:2026-04-06:1140:B,challenger,2026-04-06,2026-04-06,2026-04,B,Andrew Paulson,Carlos Sanchez Jover,Clay,Madrid CH,2026-9687,Q1,0.42389876000000004,0.3936170212765957,0.4112149532710281,2.25,0.0,bet365_via_sofascore,latest_pre_match_assumed,-0.3261641954159013,-0.3263364836232111,0.0361076071680515,0.0346531439586547,-0.0293418146076882,22.65063345072531,-0.0,-0.0,-51.0,-107.0,-323.0,-0.0,0.1642231863779547,0.1642231863779547,-0.0085495363418215,-0.0117824121959278,0.00984147091831,0.0081940221944117,16.41948164771793,-0.0191687344913151,0.012683806728971958,-0.01759793199443238,0.8109302162163288,True,final,0
challenger:2026-04-06:930:B,challenger,2026-04-06,2026-04-06,2026-04,B,Arthur Fery,Vitaliy Sachko,Clay,Monza CH,2026-2989,R32,0.465847,0.5535714285714286,0.4109947643979057,2.25,1.0,bet365_via_sofascore,latest_pre_match_assumed,0.2839066794903423,0.2132188531511233,-0.0463270088696429,-0.068008537079087,0.0461782191557582,93.92186264005863,0.0,0.0,-175.0,-36.0,-20.0,0.0,0.1271251069374911,-0.0819703481679452,0.0170971165383779,-0.0026568779080565,-0.0133035448771429,-0.0022659988665233,-184.55784459140773,0.0742657679345208,0.05485223560209429,0.14257666417352288,0.8109302162163288,True,final,1
challenger:2026-04-06:949:B,challenger,2026-04-06,2026-04-06,2026-04,B,Arthur Fery,Valentin Royer,Clay,Monza CH,2026-2989,R16,0.32348144,0.3267326732673267,0.3373493975903614,2.75,0.0,bet365_via_sofascore,latest_pre_match_assumed,0.1081719719562638,0.0997051556813314,-0.0942049886880249,-0.0773827041791141,0.1082842268210843,3.51331208027068,-0.0,-0.0,-64.0,-611.0,-132.0,-0.0,0.1449176486595831,-0.0375337538114609,0.0269808873140957,0.0174027972710589,-0.0077425121877071,-0.0167257011708613,-240.74030732331357,0.0336963221697144,-0.013867957590361413,-0.010616724323034732,1.0116009116784799,True,final,0
challenger:2026-04-06:973:B,challenger,2026-04-06,2026-04-06,2026-04,B,August Holmgren,Pavel Kotov,Hard,Wuning 1 CH,2026-3079,R16,0.456766,0.5535714285714286,0.3549488054607508,2.625,0.0,bet365_via_sofascore,latest_pre_match_assumed,0.0005061704870104,0.006311468463985,0.0538325922153986,0.0514902561968926,-0.1991533749793064,-216.9913050978339,-0.0,-0.0,-6.0,216.0,275.0,-0.0,-0.6248179621646368,-0.6248179621646368,-0.0435666690893882,-0.0425019207238989,-0.0530387587448127,-0.0535468521790183,-168.90749831890253,-0.0632877156921079,0.1018171945392492,0.1986226231106778,0.965080896043587,True,final,0
challenger:2026-04-06:1004:B,challenger,2026-04-06,2026-04-06,2026-04,B,Benjamin Kittay,Strong Kirchheimer,Clay,Sarasota CH,2026-5069,Q1,0.21209750000000005,0.24264705882352944,0.3373493975903614,2.75,0.0,bet365_via_sofascore,latest_pre_match_assumed,-0.194649803943213,-0.1996580492103766,-0.2917204009777842,-0.1956784614284778,0.1129696658698975,52.23775168807765,-0.0,-0.0,-160.0,-46.0,-1018.0,-0.0,-0.3563260197679073,-0.1851406282496711,-0.037434807161244,-0.017114441511911,0.0130893876655929,0.0144195913384475,59.91583956685372,-0.4135802469135802,-0.12525189759036137,-0.09470233876683198,1.0116009116784799,True,final,0
challenger:2026-04-06:984:B,challenger,2026-04-06,2026-04-06,2026-04,B,Buvaysar Gadamauri,Clement Chidekh,Hard,Wuning 1 CH,2026-3079,R16,0.37854456999999997,0.38020833333333337,0.39232409381663114,2.375,0.0,bet365_via_sofascore,latest_pre_match_assumed,0.0532090040850204,0.0532090040850204,0.0228720850871405,0.0228720850871405,-0.109994798691978,-89.89530252797726,-0.0,-0.0,-46.0,-114.0,-194.0,-0.0,0.1587547460684983,0.1587547460684983,0.003244153364763,0.003244153364763,0.0045697598854052,0.0045697598854052,-102.11968298697344,0.0310344827586206,-0.013779523816631167,-0.012115760483297766,0.8649974374866045,True,final,0
challenger:2026-04-06:1124:A,challenger,2026-04-06,2026-04-06,2026-04,A,Calvin Hemery,Andrej Nedic,Clay,Madrid CH,2026-9687,Q2,0.64434946,0.6666666666666666,0.3373493975903614,2.75,0.0,bet365_via_sofascore,latest_pre_match_assumed,-0.1963457541404637,-0.1931224298137162,0.147123149332648,0.1474797340123714,0.2462411569929627,109.17953086059538,-0.0,-0.0,209.0,29.0,31.0,-0.0,-0.047443630133166,0.0941522983541166,-0.0200199542426124,-0.0068419718343223,0.062377716433973,0.0412653010369228,164.80553700917608,0.1793930494371022,0.3070000624096386,0.3293172690763052,1.0116009116784799,True,final,0
challenger:2026-04-06:1020:A,challenger,2026-04-06,2026-04-06,2026-04,A,Cannon Kingsley,Kilian Feldbausch,Clay,Sarasota CH,2026-5069,R32,0.3632114,0.3076923076923077,0.4233870967741935,2.2,0.0,bet365_via_sofascore,latest_pre_match_assumed,0.0622135492212813,-0.0451543219288391,0.0414263043838304,4.808288265489846e-05,0.0726108501573616,-11.355091424994043,-0.0,-0.0,41.0,-52.0,-156.0,-0.0,-0.0195471899697127,-0.1075022035984711,-0.0128292787499229,-0.0302405264840928,0.0067331904322051,-0.004389815533371,-100.77149677047896,0.0229357798165137,-0.06017569677419349,-0.1156947890818858,0.7884573603642703,True,final,0
challenger:2026-04-06:1100:A,challenger,2026-04-06,2026-04-06,2026-04,A,Dan Martin,Aidan Mayo,Clay,Mexico City CH,2026-8375,R32,0.31810203,0.2483660130718954,0.4109947643979057,2.25,0.0,bet365_via_sofascore,latest_pre_match_assumed,-0.0762904053434611,0.0407834788801166,0.0341777405697674,0.1449754994914833,-0.1702207085569845,-61.14524412456626,-0.0,-0.0,-79.0,-59.0,-1382.0,-0.0,-0.0436950338094493,0.1711853915182361,-0.0103657513801388,0.0046689617670326,0.0185681684803111,0.0422603778571875,96.6154852393454,-0.0615925058548009,-0.09289273439790574,-0.16262875132601032,0.8109302162163288,True,final,0
challenger:2026-04-06:923:A,challenger,2026-04-06,2026-04-06,2026-04,A,Denis Yevseyev,Federico Bondioli,Clay,Monza CH,2026-2989,Q1,0.5099158,0.437037037037037,0.3549488054607508,2.625,0.0,bet365_via_sofascore,latest_pre_match_assumed,-0.0468282539904099,-0.0625362710962786,-0.1186331241895486,-0.2024385532073373,0.2119083285375241,4.271759483696769,-0.0,-0.0,220.0,27.0,76.0,-0.0,-0.172562517004636,-0.2158216811132842,0.0232105215252087,0.0132918938933997,-0.0236933306684691,-0.0304287516182429,-93.82873134821692,0.1026194504404643,0.15496699453924923,0.0820882315762862,0.965080896043587,True,final,0
challenger:2026-04-06:1128:B,challenger,2026-04-06,2026-04-06,2026-04,B,Diego Dedura Palomero,Roman Safiullin,Clay,Madrid CH,2026-9687,R32,0.3593423,0.38020833333333337,0.3549488054607508,2.625,0.0,bet365_via_sofascore,latest_pre_match_assumed,0.1002418140929257,0.1113953848505273,-0.0502177142321097,-0.0694262925327615,-0.4242601651178714,-223.66428864414863,-0.0,-0.0,-58.0,-211.0,-214.0,-0.0,0.0030070357766819,-0.1183264226839676,0.0175805748159876,0.0098908257029991,0.0193279417117677,0.0148132553102341,-7.8916429250934925,-0.1681481481481481,0.004393494539249199,0.025259527872582566,0.965080896043587,True,final,0
challenger:2026-04-06:955:B,challenger,2026-04-06,2026-04-06,2026-04,B,Dino Prizmic,Raphael Collignon,Clay,Monza CH,2026-2989,F,0.4362522,0.3936170212765957,0.4240837696335078,2.2,0.0,bet365_via_sofascore,latest_pre_match_assumed,-0.0781623497859884,0.029276129838666,0.0130100570315154,-0.1345162509448088,0.1728103342936006,-82.31287921481612,-0.0,-0.0,-25.0,-217.0,-42.0,-0.0,-0.0319778354194505,0.0744985643473014,0.0306327573835312,0.0145926190832427,-0.0244431934306545,0.0039643760534886,-3.596967236733235,-0.0378028404344193,0.012168430366492178,-0.0304667483569121,0.7884573603642703,True,final,0
challenger:2026-04-06:1121:B,challenger,2026-04-06,2026-04-06,2026-04,B,Dominic Stricker,Nicolas Jarry,Clay,Madrid CH,2026-9687,R16,0.37697433999999996,0.38020833333333337,0.4233870967741936,2.2,0.0,bet365_via_sofascore,latest_pre_match_assumed,0.1068618746715548,0.0998136594106532,0.0871572781418953,0.0545811293414356,-0.1879186652645539,67.5445660696439,-0.0,-0.0,13.0,-368.0,-243.0,-0.0,0.4313932783432269,-0.2086470646033059,0.0185462582811911,-0.0128381990517465,0.0266183027994134,-0.0391495928206729,-109.03117386435702,-0.0292207792207792,-0.04641275677419365,-0.043178763440860246,0.7884573603642703,True,final,0
challenger:2026-04-06:1017:A,challenger,2026-04-06,2026-04-06,2026-04,A,Duje Ajdukovic,Sascha Gueymard Wayenburg,Clay,Sarasota CH,2026-5069,R32,0.43048733,0.4137931034482758,0.4112149532710279,2.25,1.0,bet365_via_sofascore,latest_pre_match_assumed,-0.0267501669702169,-0.1091627774614915,-0.0412750372557939,0.0791453263448999,0.1292186768889484,-35.79608703075701,0.0,0.0,158.0,-136.0,-120.0,0.0,0.0838871827317425,-0.1530103608701971,0.0080084304210054,-0.0150370333785704,-0.0278535693273176,-0.015567651412511,58.25418426937654,0.0985716804796332,0.019272376728972085,0.0025781501772478843,0.8109302162163288,True,final,1
challenger:2026-04-06:914:B,challenger,2026-04-06,2026-04-06,2026-04,B,Eero Vasa,Norbert Gombos,Clay,Monza CH,2026-2989,Q1,0.35387283999999997,0.3267326732673267,0.39232409381663114,2.375,0.0,bet365_via_sofascore,latest_pre_match_assumed,-0.0397931034326302,-0.183137266612291,0.1248655440064522,0.0746485303578848,-0.0046850808718628,-67.36343242196676,-0.0,-0.0,-162.0,-89.0,-193.0,-0.0,0.2358340672565758,0.0796292473610584,-0.0045738251896911,-0.0123787481159952,0.023792045779974,0.0413214104576346,-103.01511588077142,-0.1495049504950495,-0.03845125381663117,-0.06559142054930445,0.8649974374866045,True,final,0
challenger:2026-04-06:925:B,challenger,2026-04-06,2026-04-06,2026-04,B,Enrico Dalla Valle,Sumit Nagal,Clay,Monza CH,2026-2989,Q1,0.3830544,0.38020833333333337,0.4112149532710281,2.25,0.0,bet365_via_sofascore,latest_pre_match_assumed,-0.0200501829511925,0.0280189800888899,-0.0682692679650252,0.0234059069105555,0.4215405044222278,-11.422158530608613,-0.0,-0.0,-57.0,-99.0,-190.0,-0.0,0.2586229795301491,0.1667708685277945,0.0132350426134168,0.0014683023763472,0.0092983835690831,0.0081220038119911,-39.9436555591592,-0.0585519612837494,-0.028160553271028066,-0.031006619937694713,0.8109302162163288,True,final,0
challenger:2026-04-06:1063:A,challenger,2026-04-06,2026-04-06,2026-04,A,Eric Vanshelboim,Nicolas Zanellato,Clay,Campinas CH,2026-6307,Q1,0.68057984,0.6732673267326733,0.4233870967741935,2.2,0.0,bet365_via_sofascore,latest_pre_match_assumed,0.0025983036366008,-0.0437237277547203,-0.0791376707390709,-0.0476166054056919,0.0447459460688327,7.556618784745069,-0.0,-0.0,0.0,74.0,493.0,-0.0,-0.1393772970515647,-0.1629614872504982,-0.0043211360942559,0.0171454569320188,0.0026248180825374,-0.0064358343644295,9.992377801221664,0.0163934426229507,0.25719274322580654,0.2498802299584798,0.7884573603642703,True,final,0
challenger:2026-04-06:941:B,challenger,2026-04-06,2026-04-06,2026-04,B,Fabrizio Andaloro,Federico Arnaboldi,Clay,Monza CH,2026-2989,Q2,0.56060705,0.562962962962963,0.3549488054607508,2.625,0.0,bet365_via_sofascore,latest_pre_match_assumed,0.1546503229487649,0.1509266782824589,-0.0388753560953677,-0.0169208109021267,-0.2485098856693981,13.38586121948947,-0.0,-0.0,-95.0,54.0,96.0,-0.0,0.0638321579100799,-0.2562500044978147,0.0260619387496748,0.0251676291699132,-0.0309947383974954,-0.0069325013673452,-55.82345187255259,0.039426523297491,0.2056582445392492,0.2080141575022122,0.965080896043587,True,final,0
challenger:2026-04-06:942:A,challenger,2026-04-06,2026-04-06,2026-04,A,Federico Arnaboldi,Petr Brunclik,Clay,Monza CH,2026-2989,Q1,0.3002358,0.2483660130718954,0.4112149532710279,2.25,1.0,bet365_via_sofascore,latest_pre_match_assumed,-0.0165042235816819,-0.0835928930599815,-0.1723162375344292,-0.1701896446983664,0.1797607225377192,-165.2543957406633,0.0,0.0,71.0,-42.0,-80.0,0.0,-0.2545647393980288,-0.1669655976016321,-0.0270080854679429,-0.0087558657621871,-0.0720461112512914,-0.0521938969881616,-60.59750196824575,-0.1737373737373737,-0.11097915327102792,-0.1628489401991325,0.8109302162163288,True,final,1
challenger:2026-04-06:958:A,challenger,2026-04-06,2026-04-06,2026-04,A,Filip Peliwo,Harry Wendelken,Hard,Wuning 1 CH,2026-3079,R32,0.24313588,0.1818181818181818,0.3373493975903614,2.75,0.0,bet365_via_sofascore,latest_pre_match_assumed,0.0636357529948437,0.0636357529948437,-0.0280151991987185,-0.0280151991987185,-0.111115617341256,-266.6592142756974,-0.0,-0.0,6.0,-73.0,-165.0,-0.0,-0.5929472783799654,-0.5929472783799654,-0.0892344095187653,-0.0892344095187653,-0.000205487125876,-0.000205487125876,-260.9646691944897,-0.2197101449275362,-0.09421351759036142,-0.15553121577217963,1.0116009116784799,True,final,0
challenger:2026-04-06:945:B,challenger,2026-04-06,2026-04-06,2026-04,B,Filippo Romano,Sandro Kopp,Clay,Monza CH,2026-2989,Q2,0.32948135999999995,0.3267326732673267,0.4112149532710281,2.25,0.0,bet365_via_sofascore,latest_pre_match_assumed,-0.0391193065288082,-0.0392092888835102,0.186805452032209,0.1478806665465211,0.4390040837088037,33.697415075730305,-0.0,-0.0,-39.0,-109.0,-272.0,-0.0,0.4128573352756113,0.1374973028779413,-0.0043181217086125,-0.0101061327544431,-0.0095362243680957,-0.0249304878531965,-103.08530263385592,-0.0069662921348314,-0.08173359327102814,-0.0844822800037014,0.8109302162163288,True,final,0
challenger:2026-04-06:1049:A,challenger,2026-04-06,2026-04-06,2026-04,A,Franco Ribero,Thiago Cigarran,Clay,Campinas CH,2026-6307,Q1,0.55853885,0.6063829787234043,0.3923240938166311,2.375,1.0,bet365_via_sofascore,latest_pre_match_assumed,0.0776672042629097,0.0836164846265229,0.1149757649162585,0.1471491511144684,-0.1275051996648487,58.11531217659035,0.0,0.0,9.0,-15.0,-221.0,0.0,0.087136991605481,0.087136991605481,0.0372805531167795,0.0421367331652028,0.0414195621401809,0.0380363077153472,80.59208975319325,0.1666666666666666,0.16621475618336895,0.21405888490677322,0.8649974374866045,True,final,1
challenger:2026-04-06:987:A,challenger,2026-04-06,2026-04-06,2026-04,A,Giles Hussey,Yi Zhou,Hard,Wuning 1 CH,2026-3079,R32,0.41781795,0.3263157894736842,0.3923240938166311,2.375,0.0,bet365_via_sofascore,latest_pre_match_assumed,0.0878187164964642,0.0878187164964642,-0.0139287707902706,-0.0139287707902706,0.2476873455741152,-29.57369747294706,-0.0,-0.0,5.0,-66.0,-82.0,-0.0,0.0350710566734314,0.0350710566734314,0.0240848908615498,0.0240848908615498,-0.0039663082793979,-0.0039663082793979,-40.20398534663627,0.0372111241676459,0.025493856183368913,-0.06600830434294686,0.8649974374866045,True,final,0
challenger:2026-04-06:1133:A,challenger,2026-04-06,2026-04-06,2026-04,A,Henry Bernet,Alejandro Moro Canas,Clay,Madrid CH,2026-9687,R32,0.2562937,0.1818181818181818,0.3549488054607508,2.625,0.0,bet365_via_sofascore,latest_pre_match_assumed,-0.020900515765618,-0.024889132265534,-0.0483809375839608,0.0421347977423652,-0.2727222177756174,-173.21913627829895,-0.0,-0.0,-174.0,-151.0,-270.0,-0.0,-0.2858856955527262,0.0850646129795786,-0.0688013978037938,-0.071868821996011,-0.0433129957664577,0.0350321569363059,-68.41138781052587,-0.1989247311827957,-0.09865510546075079,-0.173130623642569,0.965080896043587,True,final,0
challenger:2026-04-06:1038:A,challenger,2026-04-06,2026-04-06,2026-04,A,Hernan Casanova,Gonzalo Bueno,Clay,Campinas CH,2026-6307,QF,0.4187389,0.3263157894736842,0.3373493975903614,2.75,0.0,bet365_via_sofascore,latest_pre_match_assumed,-0.0162253391509143,-0.0162253391509143,0.0646542241602785,0.0646542241602785,0.3082865482276792,-17.618989366974574,-0.0,-0.0,-12.0,-141.0,-157.0,-0.0,0.3715791540643241,0.3715791540643241,-0.0344092521274501,-0.0344092521274501,0.083568295771906,0.083568295771906,-21.19694013896265,0.0365994741454864,0.0813895024096386,-0.011033608116677196,1.0116009116784799,True,final,0
challenger:2026-04-06:1031:B,challenger,2026-04-06,2026-04-06,2026-04,B,Hynek Barton,Nishesh Basavareddy,Clay,Sarasota CH,2026-5069,R16,0.4178539,0.38020833333333337,0.39232409381663114,2.375,0.0,bet365_via_sofascore,latest_pre_match_assumed,-0.0343081694955361,0.054405949347151,-0.0606238438197139,-0.0155920818135503,0.0300091561124165,-98.37797251606912,-0.0,-0.0,44.0,-174.0,-137.0,-0.0,-0.0965002852653926,0.2872270242066048,-0.0306946609927671,0.024433001256974,-0.0046551789708861,0.0406612251636779,172.72568490664617,-0.0814409484724121,0.025529806183368864,-0.012115760483297766,0.8649974374866045,True,final,0
challenger:2026-04-06:976:B,challenger,2026-04-06,2026-04-06,2026-04,B,Ilia Simakin,Pavel Kotov,Hard,Wuning 1 CH,2026-3079,QF,0.50376263,0.562962962962963,0.3549488054607508,2.625,0.0,bet365_via_sofascore,latest_pre_match_assumed,0.0484202956221526,0.0484202956221526,0.1590514501172951,0.1590514501172951,0.1308266839363552,-37.436032575514446,-0.0,-0.0,-60.0,103.0,192.0,-0.0,-0.2388408539856552,-0.2388408539856552,-0.0118257425788265,-0.0118257425788265,-0.0729253675628629,-0.0729253675628629,-7.490536422860714,0.086422001639195,0.14881382453924918,0.2080141575022122,0.965080896043587,True,final,0
challenger:2026-04-06:940:B,challenger,2026-04-06,2026-04-06,2026-04,B,Jacopo Vasami,Henri Squire,Clay,Monza CH,2026-2989,Q2,0.22639792999999997,0.24264705882352944,0.3373493975903614,2.75,1.0,bet365_via_sofascore,latest_pre_match_assumed,-0.1213968235702634,-0.0712393602887542,0.06766761623488,0.1441127455410738,-0.0081817241135694,-160.7723514733657,0.0,0.0,-201.0,-144.0,-385.0,0.0,-0.0713041053219812,-0.0549957694043652,-0.0356081970053357,-0.0325858436512389,-0.0467335647689777,-0.0460596466883027,-145.98889999274388,-0.0643500643500644,-0.11095146759036145,-0.09470233876683198,1.0116009116784799,True,final,1
challenger:2026-04-06:951:B,challenger,2026-04-06,2026-04-06,2026-04,B,Jacopo Vasami,Martin Krumich,Clay,Monza CH,2026-2989,Q1,0.31925946000000005,0.3267326732673267,0.3373493975903614,2.75,1.0,bet365_via_sofascore,latest_pre_match_assumed,-0.1079231577944978,-0.0785973281355286,0.06281488895617,0.0176983921787022,0.2032294760786324,-82.36801890450624,0.0,0.0,-87.0,-91.0,-315.0,0.0,-0.1629864753715565,0.0166151114742557,-0.0424020025978792,-0.0333855832552429,-0.0289962378829895,-0.0105181258323149,5.334510442813553,0.0132275132275131,-0.01808993759036137,-0.010616724323034732,1.0116009116784799,True,final,1
challenger:2026-04-06:977:B,challenger,2026-04-06,2026-04-06,2026-04,B,Jie Cui,August Holmgren,Hard,Wuning 1 CH,2026-3079,R32,0.38981246999999997,0.38020833333333337,0.4112149532710281,2.25,0.0,bet365_via_sofascore,latest_pre_match_assumed,0.085464640024045,0.0796593420470704,-0.0806713446995901,-0.0783290086810841,-0.070787249800687,-51.10230998402107,-0.0,-0.0,-55.0,-149.0,-126.0,-0.0,0.1554117859932983,0.1554117859932983,0.0267336171341308,0.0256688687686416,-0.0152151851145544,-0.0147070916803488,-64.15664789997368,-0.0979371505687295,-0.021402483271028117,-0.031006619937694713,0.8109302162163288,True,final,0
challenger:2026-04-06:1127:B,challenger,2026-04-06,2026-04-06,2026-04,B,Joel Schwaerzler,Roman Safiullin,Clay,Madrid CH,2026-9687,R16,0.45272369999999995,0.5172413793103448,0.4112149532710281,2.25,1.0,bet365_via_sofascore,latest_pre_match_assumed,0.0513795123662684,0.0977040475922548,0.0575991058843255,-0.0280880707644792,-0.020941007643162,-58.47008680088561,0.0,0.0,-11.0,-125.0,-84.0,0.0,0.218828716889966,0.0033429600751999,-0.0870879309452152,-0.0832082517927046,0.0590134332337296,0.045000800791332,141.28564962509654,-0.0708285605192822,0.04150874672897187,0.10602642603931667,0.8109302162163288,True,final,1
challenger:2026-04-06:986:A,challenger,2026-04-06,2026-04-06,2026-04,A,Joshua Charlton,Pavle Marinkov,Hard,Wuning 1 CH,2026-3079,Q2,0.38070735,0.3076923076923077,0.3373493975903614,2.75,0.0,bet365_via_sofascore,latest_pre_match_assumed,-0.3109861231597483,-0.3114678460333321,0.0242509550215154,0.0205160462258312,-0.0646703204958801,-102.07095513527952,-0.0,-0.0,-16.0,-32.0,-201.0,-0.0,-0.3075252910657591,-0.3075252910657591,-0.0198680295636001,-0.0211644345961444,0.0589934607353013,0.060868134045742,-84.71024721846243,-0.160427807486631,0.04335795240963858,-0.029657089898053712,1.0116009116784799,True,final,0
challenger:2026-04-06:1027:A,challenger,2026-04-06,2026-04-06,2026-04,A,Joshua Sheehy,Bruno Kuzuhara,Clay,Sarasota CH,2026-5069,Q2,0.50148,0.437037037037037,0.375,2.5,0.0,bet365_via_sofascore,latest_pre_match_assumed,0.0138792203743747,-0.0473502672834578,0.0755870169979725,0.1491308265163262,-0.1073505154782403,23.473447568428355,-0.0,-0.0,-20.0,-29.0,-155.0,-0.0,0.2441983860043153,-0.0120766066145576,-0.0242325416853677,-0.0615586539380034,0.0571742236036237,0.0138628818134636,18.89874461405384,0.0129819040125884,0.12648000000000004,0.062037037037037,0.9162907318741551,True,final,0
challenger:2026-04-06:1053:B,challenger,2026-04-06,2026-04-06,2026-04,B,Juan Manuel La Serna,Guido Ivan Justo,Clay,Campinas CH,2026-6307,R16,0.3999897,0.38020833333333337,0.3549488054607508,2.625,0.0,bet365_via_sofascore,latest_pre_match_assumed,0.0139463054368636,0.0139463054368636,0.0898989922183131,0.0898989922183131,0.2047447379382387,-51.6383830871041,-0.0,-0.0,-56.0,-21.0,-57.0,-0.0,0.0852723947880204,0.0852723947880204,-0.0359309037663762,-0.0359309037663762,-0.0026156411056933,-0.0026156411056933,-59.991712416045175,-0.0509437419827744,0.0450408945392492,0.025259527872582566,0.965080896043587,True,final,0
challenger:2026-04-06:1120:B,challenger,2026-04-06,2026-04-06,2026-04,B,Jurij Rodionov,Nicolas Jarry,Clay,Madrid CH,2026-9687,SF,0.43742954999999994,0.3936170212765957,0.4112149532710281,2.25,1.0,bet365_via_sofascore,latest_pre_match_assumed,0.1530249968410043,0.0816917419607538,0.0642954965566892,-0.082321983150121,-0.0567404893013875,69.64480572624029,0.0,0.0,165.0,-172.0,-54.0,0.0,0.3233319712816331,0.1481592996467408,0.0390474266015369,0.0320346827115208,0.0088277857312705,-0.0513700615657678,-100.83244744437276,-0.0492424242424242,0.026214596728971862,-0.01759793199443238,0.8109302162163288,True,final,1
challenger:2026-04-06:1134:B,challenger,2026-04-06,2026-04-06,2026-04,B,Jurij Rodionov,Zsombor Piros,Clay,Madrid CH,2026-9687,F,0.38977295,0.38020833333333337,0.4233870967741936,2.2,0.0,bet365_via_sofascore,latest_pre_match_assumed,0.0625368204383737,-0.0464222888179952,-0.0543221378788553,0.027771039559221,0.0365856006130612,-114.02148233940216,-0.0,-0.0,47.0,-24.0,-12.0,-0.0,-0.043458859347212,0.4443042682751041,0.0148221247478316,0.0122814997818753,0.0057389973315481,-0.0132401327291128,-121.13854504333926,-0.0764732579248708,-0.03361414677419361,-0.043178763440860246,0.7884573603642703,True,final,0
challenger:2026-04-06:965:B,challenger,2026-04-06,2026-04-06,2026-04,B,Justin Boulais,Fajing Sun,Hard,Wuning 1 CH,2026-3079,QF,0.3939745,0.38020833333333337,0.4233870967741936,2.2,0.0,bet365_via_sofascore,latest_pre_match_assumed,0.0488786290036322,0.0488786290036322,0.01687839529732,0.01687839529732,-0.158984937643208,-43.0062699222276,-0.0,-0.0,-24.0,-126.0,-287.0,-0.0,0.0008165178282597,0.0008165178282597,0.0257021185214214,0.0257021185214214,0.0283111051478601,0.0283111051478601,-34.27262913691561,-0.0424242424242424,-0.02941259677419361,-0.043178763440860246,0.7884573603642703,True,final,0
challenger:2026-04-06:1103:A,challenger,2026-04-06,2026-04-06,2026-04,A,Karl Poling,Robin Catry,Clay,Mexico City CH,2026-8375,Q2,0.5417993,0.4464285714285714,0.3549488054607508,2.625,1.0,bet365_via_sofascore,latest_pre_match_assumed,-0.0969900302007915,-0.0124420696787007,-0.1422685975934956,0.0652861622091266,0.0231514805435749,-32.35886663413544,0.0,0.0,9.0,-5.0,-25.0,0.0,-0.1271559376052862,0.2686942705787687,0.0379110853875275,0.0753142846836152,0.0166010011807029,0.0352796915507026,57.34817523996708,0.0207166853303471,0.18685049453924918,0.09147976596782059,0.965080896043587,True,final,1
challenger:2026-04-06:974:B,challenger,2026-04-06,2026-04-06,2026-04,B,Keegan Smith,Pavel Kotov,Hard,Wuning 1 CH,2026-3079,R32,0.38643247000000003,0.38020833333333337,0.3373493975903614,2.75,0.0,bet365_via_sofascore,latest_pre_match_assumed,0.1728869265277543,0.1728869265277543,0.0195235663664503,0.0195235663664503,-0.3080389760583241,-187.22075667201375,-0.0,-0.0,9.0,13.0,35.0,-0.0,-0.5721701796715476,-0.5721701796715476,-0.0117336870691689,-0.0117336870691689,-0.034373105503501,-0.034373105503501,-156.4826863274984,-0.076852031888003,0.049083072409638606,0.04285893574297195,1.0116009116784799,True,final,0
challenger:2026-04-06:996:A,challenger,2026-04-06,2026-04-06,2026-04,A,Kei Nishikori,Yibing Wu,Clay,Sarasota CH,2026-5069,R16,0.4633351,0.437037037037037,0.4112149532710279,2.25,0.0,bet365_via_sofascore,latest_pre_match_assumed,-0.0168819403882447,0.1055896629372227,0.0577991693780085,0.0091490083370169,-0.1153771159967325,-15.80799553554084,-0.0,-0.0,-20.0,75.0,25.0,-0.0,-0.0362688454810709,-0.016692982097807,-0.0285371550755563,-0.0111041231753153,0.0117013767512329,-0.0164989793156898,-38.58714263974798,-0.0686274509803922,0.05212014672897208,0.025822083766009085,0.8109302162163288,True,final,0
challenger:2026-04-06:924:A,challenger,2026-04-06,2026-04-06,2026-04,A,Laurent Lokoli,Maks Kasnikowski,Clay,Monza CH,2026-2989,Q1,0.3822658,0.3076923076923077,0.4112149532710279,2.25,0.0,bet365_via_sofascore,latest_pre_match_assumed,-0.0280002198843523,0.0340509461752001,0.0274649381078136,0.07009033846361,0.2220339170656485,-58.87493301582481,-0.0,-0.0,-19.0,-25.0,-72.0,-0.0,-0.2416257157334173,0.1359423498688842,-0.0265886280519216,0.0165843748539079,-0.0674513243567064,0.0108755002372292,-47.634053751025704,-0.0269360269360269,-0.028949153271027928,-0.10352264557872021,0.8109302162163288,True,final,0
challenger:2026-04-06:1041:B,challenger,2026-04-06,2026-04-06,2026-04,B,Lautaro Midon,Juan Pablo Varillas,Clay,Campinas CH,2026-6307,QF,0.47016309999999994,0.5535714285714286,0.39232409381663114,2.375,1.0,bet365_via_sofascore,latest_pre_match_assumed,0.0215200434836205,0.0215200434836205,-0.1078874363321288,-0.1078874363321288,0.2814608557967311,17.06231588495848,-1.0,-1.0,-108.0,30.0,22.0,0.0,0.0202412301237335,0.0202412301237335,-0.0180036203321811,-0.0180036203321811,-0.028001256397666,-0.028001256397666,-2.4332494913412575,-0.0730463476826158,0.07783900618336881,0.16124733475479747,0.8649974374866045,True,final,1
challenger:2026-04-06:962:A,challenger,2026-04-06,2026-04-06,2026-04,A,Li Tu,Harry Wendelken,Hard,Wuning 1 CH,2026-3079,SF,0.40200108,0.3263157894736842,0.4112149532710279,2.25,0.0,bet365_via_sofascore,latest_pre_match_assumed,0.017571761599965,0.0315811290890274,0.0515717710184421,0.0408576198161976,-0.1440835455502016,-109.07168542320164,-0.0,-0.0,73.0,-13.0,-16.0,-0.0,-0.1223342741713102,-0.1223342741713102,-0.0400783564794182,-0.0376124980148851,0.0630554549541747,0.0592145107894991,-103.61253119918229,-0.1008369054909165,-0.009213873271027906,-0.08489916379734369,0.8109302162163288,True,final,0
challenger:2026-04-06:1022:A,challenger,2026-04-06,2026-04-06,2026-04,A,Liam Draxl,Nishesh Basavareddy,Clay,Sarasota CH,2026-5069,R32,0.5064771,0.437037037037037,0.4233870967741935,2.2,0.0,bet365_via_sofascore,latest_pre_match_assumed,0.001306387396306,0.1052981526139573,-0.1875631222360189,0.047480537753678,0.505449589206332,-19.514080294451333,-0.0,-0.0,53.0,112.0,34.0,-0.0,-0.1119198519551503,0.3100752172387401,-0.0148601427964747,0.0217722826859035,-0.0190898862314947,0.0095083824471844,154.57270637647548,-0.0329070758738277,0.08309000322580651,0.013649940262843496,0.7884573603642703,True,final,0
challenger:2026-04-06:1047:A,challenger,2026-04-06,2026-04-06,2026-04,A,Lorenzo Joaquin Rodriguez,Pedro Boscardin Dias,Clay,Campinas CH,2026-6307,R32,0.36031714,0.2483660130718954,0.3923240938166311,2.375,0.0,bet365_via_sofascore,latest_pre_match_assumed,-0.0120600168556881,-0.0073162040628113,0.0839746692690294,0.0841902971232511,-0.5002964736964571,-163.79688972310987,-0.0,-0.0,-124.0,-94.0,-175.0,-0.0,-0.0138028047714115,-0.0138028047714115,0.0301001492870042,0.0303853856365108,0.0446136228186981,0.0445419987686328,-164.27202115848627,-0.0268817204301075,-0.0320069538166311,-0.14395808074473568,0.8649974374866045,True,final,0
challenger:2026-04-06:953:A,challenger,2026-04-06,2026-04-06,2026-04,A,Luca Van Assche,Raphael Collignon,Clay,Monza CH,2026-2989,QF,0.4184013,0.3263157894736842,0.3373493975903614,2.75,0.0,bet365_via_sofascore,latest_pre_match_assumed,-0.0172750440061743,0.0031800888183721,0.1434924673184013,-0.1128742850043209,0.2387251190963298,-38.79995630515009,-0.0,-1.0,54.0,-352.0,-81.0,-0.0,0.0076339701368203,-0.1587547460684983,0.0302620542832546,0.0202813213599649,0.0087670455320587,0.006216735807373,-51.42077950802104,-0.0403280929596718,0.08105190240963855,-0.011033608116677196,1.0116009116784799,True,final,0
challenger:2026-04-06:1065:B,challenger,2026-04-06,2026-04-06,2026-04,B,Luciano Emanuel Ambrogi,Juan Bautista Torres,Clay,Campinas CH,2026-6307,R32,0.42007744,0.3936170212765957,0.3373493975903614,2.75,1.0,bet365_via_sofascore,latest_pre_match_assumed,-0.0381135161115491,-0.0381135161115491,0.0235136740230799,0.0235136740230799,-0.1575577807011826,-94.05767480338795,0.0,0.0,-128.0,-26.0,-72.0,0.0,0.0758837764035791,0.0758837764035791,-0.0215665147464308,-0.0215665147464308,0.0025679674444989,0.0025679674444989,-80.0398291345939,-0.0365342211077003,0.0827280424096386,0.05626762368623428,1.0116009116784799,True,final,1
challenger:2026-04-06:1066:A,challenger,2026-04-06,2026-04-06,2026-04,A,Luciano Emanuel Ambrogi,Lautaro Midon,Clay,Campinas CH,2026-6307,R16,0.3509058,0.2483660130718954,0.3549488054607508,2.625,0.0,bet365_via_sofascore,latest_pre_match_assumed,-0.012937531220428,-0.012937531220428,0.0688997149639258,0.0688997149639258,-0.4514809948311088,-127.76394123232626,-0.0,-0.0,-17.0,-136.0,-205.0,-0.0,-0.0125568713421356,-0.0125568713421356,0.004861910066666,0.004861910066666,0.0170588134603648,0.0170588134603648,-98.32131172393224,-0.0458969625776136,-0.004043005460750815,-0.1065827923888554,0.965080896043587,True,final,0
challenger:2026-04-06:1117:B,challenger,2026-04-06,2026-04-06,2026-04,B,Mario Gonzalez Fernandez,Oriol Roca Batalla,Clay,Madrid CH,2026-9687,Q1,0.26913582999999996,0.24264705882352944,0.3373493975903614,2.75,0.0,bet365_via_sofascore,latest_pre_match_assumed,-0.0460467108205869,-0.0991019686378518,-0.0413270734687414,0.0154336333920662,-0.2835268604936907,-201.3823949989096,-0.0,-0.0,-200.0,-56.0,-210.0,-0.0,-0.2612713631703545,-0.2507053145380772,0.0362952669919972,0.0688171711817649,-0.0610007625578343,-0.0763115031852421,-153.99226398544602,-0.2997329773030707,-0.06821356759036146,-0.09470233876683198,1.0116009116784799,True,final,0
challenger:2026-04-06:956:B,challenger,2026-04-06,2026-04-06,2026-04,B,Martin Landaluce,Raphael Collignon,Clay,Monza CH,2026-2989,SF,0.3264214,0.3267326732673267,0.35380835380835374,2.63,0.0,bet365_via_sofascore,latest_pre_match_assumed,-0.1543793230980216,-0.0608090674175068,0.1152105923689197,-0.1344618187564915,0.0677604756548027,-174.07783348210114,-0.0,-0.0,-18.0,-255.0,-50.0,-0.0,-0.3425101622618915,-0.1047183469863938,0.0026943630675118,0.026454361979058,-0.0344418622028406,-0.0279077719741155,-148.97384638620656,-0.1114743380189604,-0.027386953808353764,-0.027075680541027047,0.9669838461896731,True,final,0
challenger:2026-04-06:1079:B,challenger,2026-04-06,2026-04-06,2026-04,B,Matias Soto,Stefano Napolitano,Clay,Mexico City CH,2026-8375,R16,0.4422361,0.3936170212765957,0.375,2.5,0.0,bet365_via_sofascore,latest_pre_match_assumed,0.1375527703781288,0.1293363669169773,0.1695311607165953,0.1682211228569401,-0.0619301893447177,-101.18378061143926,-0.0,-0.0,-19.0,21.0,57.0,-0.0,0.2449686758086172,0.2449686758086172,0.0620145092023088,0.0545926850674124,-0.0561121174961735,-0.0555260779835843,-59.27918660743126,-0.0330194163469363,0.06723610000000002,0.018617021276595702,0.9162907318741551,True,final,0
challenger:2026-04-06:991:B,challenger,2026-04-06,2026-04-06,2026-04,B,Maximus Jones,Philip Sekulic,Hard,Wuning 1 CH,2026-3079,R32,0.56931308,0.5862068965517242,0.4112149532710281,2.25,0.0,bet365_via_sofascore,latest_pre_match_assumed,0.0435374340930646,0.0444523122745479,-0.0608949075410296,-0.0616496050308055,-0.2894117174824273,-0.1854889799687953,-0.0,-0.0,-40.0,60.0,167.0,-0.0,0.0469865205294651,0.0469865205294651,0.0405022991483193,0.0398878956351653,-0.0210739632961395,-0.0200034268805965,3.0041522428141434,0.038244241634072,0.15809812672897194,0.17499194328069612,0.8109302162163288,True,final,0
challenger:2026-04-06:1104:A,challenger,2026-04-06,2026-04-06,2026-04,A,Maxwell Mckennon,Max Wiskandt,Clay,Mexico City CH,2026-8375,Q1,0.53657603,0.4464285714285714,0.4112149532710279,2.25,0.0,bet365_via_sofascore,latest_pre_match_assumed,0.0793203104791664,-0.1960026059260267,0.0509497634636012,0.0333146350517481,0.3523384280425607,59.137149246755826,-0.0,-0.0,-52.0,-33.0,-113.0,-0.0,0.3287315400676321,0.4419506464927091,0.0189851656230406,0.008235082750654,-0.0125142787657656,0.0228386669146212,74.27058603350429,0.0660098522167487,0.12536107672897207,0.03521361815754348,0.8109302162163288,True,final,0
challenger:2026-04-06:1139:A,challenger,2026-04-06,2026-04-06,2026-04,A,Michiel De Krom,Stefan Palosi,Clay,Madrid CH,2026-9687,Q1,0.26807603,0.2105263157894736,0.4233870967741935,2.2,0.0,bet365_via_sofascore,latest_pre_match_assumed,-0.1108605790807258,-0.1108605790807258,0.0013186800919371,0.0013186800919371,-0.2919380445374057,-151.52708142101687,-0.0,-0.0,-36.0,-40.0,-213.0,-0.0,-0.1575773158206623,-0.1575773158206623,-0.0412122037095356,-0.0412122037095356,-0.0503963731982317,-0.0503963731982317,-158.9903430366378,-0.3004784688995215,-0.15531106677419348,-0.21286078098471992,0.7884573603642703,True,final,0
challenger:2026-04-06:1149:A,challenger,2026-04-06,2026-04-06,2026-04,A,Milos Karol,Andrej Nedic,Clay,Madrid CH,2026-9687,Q1,0.45691028,0.437037037037037,0.375,2.5,0.0,bet365_via_sofascore,latest_pre_match_assumed,-0.1711814762757346,-0.021526603173523,0.0584698189775999,0.0047910050878986,0.0487892775754609,43.52474881237208,-0.0,-0.0,75.0,-76.0,-150.0,-0.0,-0.1552840020532963,-0.11549558195985,-0.0317092915611392,0.0120184521625591,0.0480087158413173,-0.0153302307760454,8.392497178276017,0.0734767025089605,0.08191028,0.062037037037037,0.9162907318741551,True,final,0
challenger:2026-04-06:981:B,challenger,2026-04-06,2026-04-06,2026-04,B,Moerani Bouzige,Sergey Fomin,Hard,Wuning 1 CH,2026-3079,R32,0.39557489999999995,0.38020833333333337,0.375,2.5,0.0,bet365_via_sofascore,latest_pre_match_assumed,-0.2329967497313404,-0.2329967497313404,0.0179476206627881,0.0179476206627881,-0.1424352696118327,-88.06215395291247,-0.0,-0.0,-3.0,-6.0,-15.0,-0.0,-0.181876786076516,-0.181876786076516,-0.0316162762055342,-0.0316162762055342,-0.0263605985029468,-0.0263605985029468,-84.00379666508593,-0.0705882352941176,0.02057489999999995,0.00520833333333337,0.9162907318741551,True,final,0
challenger:2026-04-06:1045:A,challenger,2026-04-06,2026-04-06,2026-04,A,Nicolas Alvarez Varona,Lucio Ratti,Clay,Campinas CH,2026-6307,R32,0.7116597,0.7573529411764706,0.3923240938166311,2.375,0.0,bet365_via_sofascore,latest_pre_match_assumed,0.1166445582450787,0.116618212179622,0.1655208530276314,0.1323314897398291,-0.3480348994052964,120.51968653023528,-0.0,-0.0,132.0,75.0,249.0,-0.0,0.1722016045850596,0.0690681648935075,-0.0094635872075271,-0.0036465160158385,0.0119832816268359,-0.0027645480621536,88.26595587900101,0.1090555014605647,0.3193356061833689,0.3650288473598395,0.8649974374866045,True,final,0
challenger:2026-04-06:995:B,challenger,2026-04-06,2026-04-06,2026-04,B,Nicolas Kicker,Kei Nishikori,Clay,Sarasota CH,2026-5069,R32,0.38504989999999994,0.38020833333333337,0.3373493975903614,2.75,0.0,bet365_via_sofascore,latest_pre_match_assumed,-0.026283179796165,-0.0014740191386796,0.0009236807459815,-0.0319150595751746,-0.4502789244443252,-192.26692514835577,-0.0,-0.0,150.0,-187.0,-104.0,-0.0,-0.2916170280164233,-0.4404794214470525,0.0267514994943531,0.0287183148881555,-0.0216055421695605,-0.0196965222344699,31.944940196677635,-0.1940537084398976,0.04770050240963852,0.04285893574297195,1.0116009116784799,True,final,0
challenger:2026-04-06:1137:B,challenger,2026-04-06,2026-04-06,2026-04,B,Nikolas Sanchez Izquierdo,Jurij Rodionov,Clay,Madrid CH,2026-9687,QF,0.35812723999999996,0.33333333333333337,0.4112149532710281,2.25,0.0,bet365_via_sofascore,latest_pre_match_assumed,-0.1861964537990599,-0.1028833618682368,-0.1511634869241621,-0.053411564735271,-0.1372210166617787,-120.51992232494877,-0.0,-0.0,-27.0,-160.0,-131.0,-0.0,-0.2358128273536762,-0.4714854283816372,-0.011089084296382,-0.0320515346633372,-0.0280264616481977,0.0134808396870068,-42.58948259060935,-0.1483026467203682,-0.053087713271028125,-0.07788161993769471,0.8109302162163288,True,final,0
challenger:2026-04-06:968:A,challenger,2026-04-06,2026-04-06,2026-04,A,Omar Jasika,Buvaysar Gadamauri,Hard,Wuning 1 CH,2026-3079,R32,0.4891133,0.437037037037037,0.3373493975903614,2.75,0.0,bet365_via_sofascore,latest_pre_match_assumed,-0.062988708811705,-0.062988708811705,-0.0214140195546318,-0.0214140195546318,-0.141461374822669,-157.21591787748912,-0.0,-0.0,69.0,49.0,113.0,-0.0,-0.2168116881124818,-0.2168116881124818,0.0010136454982408,0.0010136454982408,0.0078483191021552,0.0078483191021552,-113.89540194201004,-0.1323741007194244,0.15176390240963855,0.09968763944667558,1.0116009116784799,True,final,0
challenger:2026-04-06:1115:A,challenger,2026-04-06,2026-04-06,2026-04,A,Oriol Roca Batalla,Ugo Blanchet,Clay,Madrid CH,2026-9687,R32,0.43130535,0.4137931034482758,0.3373493975903614,2.75,1.0,bet365_via_sofascore,latest_pre_match_assumed,-0.1001065981989715,-0.0071589066349069,-0.1067587633616621,0.0587910503496408,-0.0326024871745466,-16.26784619979003,0.0,0.0,76.0,-313.0,-270.0,0.0,0.0704403242151811,0.2620666410957146,0.0094185159838688,-0.0043101915157713,0.0334267801515422,0.0825413553646396,88.88807719110264,0.0285114452119734,0.09395595240963855,0.07644370585791438,1.0116009116784799,True,final,1
challenger:2026-04-06:1083:B,challenger,2026-04-06,2026-04-06,2026-04,B,Raphael Perot,Stefan Kozlov,Clay,Mexico City CH,2026-8375,R32,0.3297869,0.3267326732673267,0.4240837696335078,2.2,0.0,bet365_via_sofascore,latest_pre_match_assumed,-0.0229789007758742,-0.089510581138915,-0.0218380349669885,-0.0552025093490066,-0.2399093501215192,-158.20899620627574,-0.0,-0.0,-175.0,-65.0,-118.0,-0.0,-0.1556594111587544,-0.4628274076557178,-0.0014281018718146,-0.0390546583375125,0.0035039665657203,-0.0152695802472613,-111.0117095798023,-0.4136473429951691,-0.09429686963350781,-0.09735109636618111,0.7884573603642703,True,final,0
challenger:2026-04-06:931:A,challenger,2026-04-06,2026-04-06,2026-04,A,Raul Brancaccio,Jacopo Vasami,Clay,Monza CH,2026-2989,R32,0.6930507,0.7573529411764706,0.3373493975903614,2.75,1.0,bet365_via_sofascore,latest_pre_match_assumed,0.1617785821263707,0.0746940520840697,-0.056978576557662,-0.0863738918454386,-0.1093535878076663,102.62577799787071,0.0,0.0,202.0,73.0,273.0,0.0,0.4295734354736044,0.2519626713376504,0.0934894654980363,0.0713159038017754,-0.0022737202031035,0.0058307604868675,33.283568412726936,0.0664104206705104,0.3557013024096386,0.42000354358610914,1.0116009116784799,True,final,1
challenger:2026-04-06:922:B,challenger,2026-04-06,2026-04-06,2026-04,B,Rei Sakamoto,Roberto Carballes Baena,Clay,Monza CH,2026-2989,R32,0.32718927,0.3267326732673267,0.3913043478260869,2.38,1.0,bet365_via_sofascore,latest_pre_match_assumed,-0.0418588485251011,-0.0745905285448694,0.1457779382575403,0.1234025598773892,0.2588093829605159,-56.94873408739704,0.0,0.0,-51.0,-151.0,-55.0,0.0,0.0835862497218392,-0.1290314510130634,-0.0159138079132649,-0.0552262429835824,-0.0158378730478042,-0.0426338824503946,-297.0710146587603,-0.0955242436800662,-0.06411507782608694,-0.06457167455876023,0.8671004876833833,True,final,1
challenger:2026-04-06:939:A,challenger,2026-04-06,2026-04-06,2026-04,A,Rudolf Molleker,Carlo Alberto Caniato ,Clay,Monza CH,2026-2989,Q1,0.54015183,0.4464285714285714,0.4112149532710279,2.25,0.0,bet365_via_sofascore,latest_pre_match_assumed,0.0047674998313324,-0.0862901873602984,0.0521147875916789,-0.0228685333040441,0.2309199998540601,59.61954392598818,-0.0,-0.0,185.0,1.0,3.0,-0.0,0.1057191626970545,-0.0047966753129176,-0.0002678369352673,-0.0002621163274162,-0.0185552089498255,-0.0197993212888969,60.320051993768175,0.1504172156346069,0.12893687672897208,0.03521361815754348,0.8109302162163288,True,final,0
challenger:2026-04-06:920:B,challenger,2026-04-06,2026-04-06,2026-04,B,Sandro Kopp,Marco Cecchinato,Clay,Monza CH,2026-2989,R32,0.33239156000000003,0.3267326732673267,0.3373493975903614,2.75,0.0,bet365_via_sofascore,latest_pre_match_assumed,0.0140085594924705,0.0478392750087957,-0.2140724345017957,-0.234069843674422,-0.2220547572495726,-217.37329004212643,-1.0,-1.0,-133.0,-71.0,-74.0,-0.0,-0.3447591554249695,-0.2938660211795011,-0.0324217530605125,-0.021787379026298,-0.003864413163206,-0.0057172658920366,-176.18697309447452,-0.1451057799372406,-0.004957837590361391,-0.010616724323034732,1.0116009116784799,True,final,0
challenger:2026-04-06:1013:B,challenger,2026-04-06,2026-04-06,2026-04,B,Stefan Dostanic,Andres Andrade,Clay,Sarasota CH,2026-5069,SF,0.40428850000000005,0.38020833333333337,0.4112149532710281,2.25,1.0,bet365_via_sofascore,latest_pre_match_assumed,0.1204287493798367,0.1804304622772635,0.0925339931122075,0.003950168887854,0.035595418184987,24.413962443652053,0.0,0.0,-40.0,-137.0,-317.0,0.0,0.1153943441885108,-0.5048910269798677,0.0333341581673971,0.0392303448055919,0.0510988415802059,0.0304556283394165,-126.46562217626548,0.0898692810457516,-0.006926453271028032,-0.031006619937694713,0.8109302162163288,True,final,1
challenger:2026-04-06:1073:B,challenger,2026-04-06,2026-04-06,2026-04,B,Stefan Kozlov,James Duckworth,Clay,Mexico City CH,2026-8375,R16,0.2756588,0.24264705882352944,0.35380835380835374,2.63,0.0,bet365_via_sofascore,latest_pre_match_assumed,-0.0015957482521709,0.0002171640797579,-0.2725320004767085,-0.167303883759213,-0.0156723791114659,-141.87832374621303,-0.0,-0.0,13.0,-512.0,-202.0,-0.0,-0.2650614048824711,-0.3504023028519312,-0.0079655691455402,0.0049559258189788,-0.0231723522541077,-0.0058776284255569,-18.88238746348202,-0.0600368675311466,-0.07814955380835376,-0.1111612949848243,0.9669838461896731,True,final,0
challenger:2026-04-06:1113:B,challenger,2026-04-06,2026-04-06,2026-04,B,Stefan Palosi,Franco Agamenone,Clay,Madrid CH,2026-9687,Q2,0.48026395,0.562962962962963,0.3549488054607508,2.625,0.0,bet365_via_sofascore,latest_pre_match_assumed,0.0841971818186317,0.0841971818186317,-0.0621627061397572,-0.0621627061397572,-0.0729597047932634,-15.891011095278143,-0.0,-0.0,-165.0,-66.0,-174.0,-0.0,0.3787540196219043,0.3787540196219043,0.0080738504686813,0.0080738504686813,0.0720831319665348,0.0720831319665348,-1.5083499086756549,0.0272727272727272,0.1253151445392492,0.2080141575022122,0.965080896043587,True,final,0
challenger:2026-04-06:918:A,challenger,2026-04-06,2026-04-06,2026-04,A,Stefano Travaglia,Mattia Bellucci,Clay,Monza CH,2026-2989,QF,0.43450534,0.4137931034482758,0.4240837696335078,2.2,0.0,bet365_via_sofascore,latest_pre_match_assumed,-0.0235862545472087,0.1085935037401487,-0.0052914110678387,-0.0475402476658226,0.2198078077670848,-30.840642707481493,-0.0,-0.0,110.0,-450.0,-118.0,-0.0,-0.0744985643473014,0.1990818316816895,0.0085079702542202,0.0507952147506642,-0.0169922159352435,0.0245103140221236,164.8839676779205,-0.0037525783443923,0.010421570366492217,-0.010290666185232,0.7884573603642703,True,final,0
challenger:2026-04-06:1005:A,challenger,2026-04-06,2026-04-06,2026-04,A,Strong Kirchheimer,Thomas Faurel,Clay,Sarasota CH,2026-5069,R32,0.37207118,0.3076923076923077,0.3373493975903614,2.75,1.0,bet365_via_sofascore,latest_pre_match_assumed,-0.1438382638648334,-0.1190967047971224,0.0324020920986484,0.011137688038724,0.0741049311145777,-57.08822249046921,0.0,0.0,128.0,-34.0,-179.0,0.0,0.0410182575154482,-0.1337641039103874,-0.0106964414820505,-0.0668357349642919,0.0210423444411526,0.043089292996706,-55.28919787376026,-0.027596223674655,0.03472178240963858,-0.029657089898053712,1.0116009116784799,True,final,1
challenger:2026-04-06:1071:B,challenger,2026-04-06,2026-04-06,2026-04,B,Tibo Colson,Miguel Tobon,Clay,Mexico City CH,2026-8375,R32,0.5760082,0.6363636363636365,0.3913043478260869,2.38,1.0,bet365_via_sofascore,latest_pre_match_assumed,-0.090031230777886,0.0023611399554459,0.0710399032621413,-0.0337745070816384,-0.0527609911569687,-9.769862746146146,0.0,0.0,8.0,21.0,89.0,0.0,-0.0910948739326569,0.0859283940863785,-0.002190425223407,-0.0055947614223373,0.0067741921501336,0.0033335583655389,27.523060768541427,0.0466988727858292,0.18470385217391305,0.24505928853754955,0.8671004876833833,True,final,1
challenger:2026-04-06:1014:B,challenger,2026-04-06,2026-04-06,2026-04,B,Tyler Zink,Andres Andrade,Clay,Sarasota CH,2026-5069,R16,0.36805904,0.38020833333333337,0.3549488054607508,2.625,0.0,bet365_via_sofascore,latest_pre_match_assumed,-0.1003172713440694,-0.0611418404494558,0.1234457875124154,0.0679558607801524,0.3040570706939045,-104.54482835622844,-0.0,-0.0,-48.0,-22.0,-24.0,-0.0,-0.0386322297485097,-0.2860418024701983,-0.031133413599649,-0.0281685933281785,0.0596874549691409,-0.0354673643462291,-145.49339683223434,-0.0944444444444444,0.0131102345392492,0.025259527872582566,0.965080896043587,True,final,0
challenger:2026-04-06:1026:A,challenger,2026-04-06,2026-04-06,2026-04,A,Tyler Zink,Colton Smith,Clay,Sarasota CH,2026-5069,R32,0.31222314,0.2483660130718954,0.3373493975903614,2.75,1.0,bet365_via_sofascore,latest_pre_match_assumed,-0.1567476707471272,-0.1775739527499403,-0.0515642863515859,-0.0184703888594954,-0.1437157104939607,-210.36486371014348,0.0,0.0,3.0,-246.0,-150.0,0.0,-0.3317091780548337,-0.2811507754903306,-0.0099743202970113,-0.0129056866637356,-0.0074574937282342,-0.0819690998028148,-35.02777465596887,-0.2157894736842105,-0.02512625759036141,-0.08898338451846602,1.0116009116784799,True,final,1
challenger:2026-04-06:950:A,challenger,2026-04-06,2026-04-06,2026-04,A,Valentin Royer,Dino Prizmic,Clay,Monza CH,2026-2989,QF,0.5034792,0.437037037037037,0.375,2.5,0.0,bet365_via_sofascore,latest_pre_match_assumed,0.0055183488767204,-0.0781774214382416,0.1247368482908279,0.0955272181447951,-0.1428259028819894,-80.52032796789399,-0.0,-0.0,49.0,437.0,70.0,-0.0,-0.2798804227207062,-0.192824987031269,-0.0487550362864014,-0.0453196452977056,-0.0023839744898607,0.0027073984498119,-20.775791298271997,-0.0274239207360226,0.12847920000000002,0.062037037037037,0.9162907318741551,True,final,0
challenger:2026-04-06:919:B,challenger,2026-04-06,2026-04-06,2026-04,B,Vilius Gaubas,Stefano Travaglia,Clay,Monza CH,2026-2989,R32,0.44437610000000005,0.3936170212765957,0.4109947643979057,2.25,0.0,bet365_via_sofascore,latest_pre_match_assumed,0.0060715539306259,0.0106282264292104,0.0254458947931388,0.0794421450095628,0.1302925268840206,-30.600598401550997,-0.0,-0.0,-135.0,161.0,64.0,-0.0,-0.2184024379540602,-0.212020855346301,-0.0085240554827175,-0.0111284028845646,-0.0207707356948845,-0.0150666100544273,-22.469734019743782,-0.0154467680608364,0.03338133560209433,-0.01737774312131002,0.8109302162163288,True,final,0
atp:2026-04-13:524:B,atp,2026-04-13,2026-04-13,2026-04,B,Alex Michelsen,Arthur Rinderknech,Clay,,,,0.4463654,0.4463654,0.4285714285714286,2.333333333333333,0.0,,,0.0430929248980917,0.0703477459483981,0.0179791120588603,-0.076310195223847,0.1723195980184678,36.87637540142646,-0.0,-1.0,-63.0,-227.0,-9.0,-0.0,0.3355702322790921,-0.2156450665761088,0.0524710494352219,0.0363124440871902,0.0076386921502437,-0.0316189014538433,-84.46051726518112,0.0435374149659864,0.01779397142857142,0.01779397142857142,0.8472978603872034,True,final,0
atp:2026-04-13:533:B,atp,2026-04-13,2026-04-13,2026-04,B,Alex Molcan,Daniel Altmaier,Clay,,,,0.49113470000000004,0.49113470000000004,0.4111922141119222,2.4319526627218933,1.0,,,0.1031649925006041,0.0258025121933725,0.0808825194051856,0.0514578494168653,0.0238984819272082,75.64584583831015,0.0,0.0,-85.0,-837.0,-158.0,0.0,0.1735525240038337,0.0360148356486713,0.0492922628450695,0.0377748664438833,-0.0049733477309801,-0.0041047246793612,120.64149135416596,0.1643457698370993,0.07994248588807784,0.07994248588807784,0.888694499573161,True,final,1
atp:2026-04-13:538:B,atp,2026-04-13,2026-04-13,2026-04,B,Camilo Ugo Carabelli,Karen Khachanov,Clay,,,,0.26862233999999996,0.26862233999999996,0.412621359223301,2.4235294117647057,1.0,,,-0.002780600341545,-0.0069742240765174,0.1232367172269864,0.0862719770077143,0.2971760357455213,-106.09116091193071,0.0,0.0,-263.0,-1292.0,-32.0,0.0,0.2423915958692971,0.185599732828911,-0.0107129688621163,-0.0270469283402484,-0.058864609208497,-0.0288976695015173,-68.74550311341159,-0.1803803092233872,-0.14399901922330105,-0.14399901922330105,0.8852249122992646,True,final,1
atp:2026-04-13:541:B,atp,2026-04-13,2026-04-13,2026-04,B,Daniel Altmaier,Marin Cilic,Clay,,,,0.4483547,0.4483547,0.43069306930693074,2.3218390804597697,1.0,,,-0.1300577597491419,0.0746680737640619,-0.1881282908695761,0.0098273896822216,-0.0231809456704985,-164.5833944081062,0.0,0.0,-1.0,358.0,27.0,0.0,-0.2399043303310192,0.0777036192732018,-0.028418467078395,-0.0190887017494546,-0.0092486093335575,0.0309797704242014,-46.10574245017074,-0.1990897614776427,0.017661630693069252,0.017661630693069252,0.8423595787466208,True,final,1
atp:2026-04-13:529:B,atp,2026-04-13,2026-04-13,2026-04,B,Ethan Quinn,Cameron Norrie,Clay,,,,0.33679174999999995,0.33679174999999995,0.3890214797136038,2.570552147239264,0.0,,,-0.0359048356842585,-0.0854467957187283,-0.0668026283453532,-0.0710489287694522,0.0773159096991138,-142.1767509699821,-0.0,-0.0,-285.0,-774.0,-43.0,-0.0,-0.117250230207471,-0.2816837153562985,-0.0652845024070323,-0.0704981724343287,0.0207502149423294,0.007949445834279,-165.27353809665397,-0.2284614444580227,-0.052229729713603845,-0.052229729713603845,0.9441207191153755,True,final,0
atp:2026-04-13:548:B,atp,2026-04-13,2026-04-13,2026-04,B,Fabian Marozsan,Stefanos Tsitsipas,Clay,,,,0.37985647,0.37985647,0.37914691943127965,2.6374999999999997,1.0,,,0.170998543117326,0.0782339363594444,-0.0642125677554843,0.1080752747546338,-0.1723148889415004,-39.33127878165237,0.0,0.0,-244.0,-380.0,-18.0,0.0,-0.0251853712319483,0.0876203816992963,0.0046223798856306,-0.0088172870450534,0.0175371400451388,0.0247628361355247,-181.4752887818429,-0.1679561573178594,0.0007095505687203518,0.0007095505687203518,0.9698314988021848,True,final,1
atp:2026-04-13:531:B,atp,2026-04-13,2026-04-13,2026-04,B,Ignacio Buse,Corentin Moutet,Clay,,,,0.3966402,0.3966402,0.3627906976744186,2.7564102564102564,0.0,,,-0.0426307764823674,-0.0408286174014571,0.1045384575801426,0.1113648636155498,0.1718913947176184,-102.92665109308064,-0.0,-0.0,-163.0,-756.0,-68.0,-0.0,-0.0047672775234371,-0.0362394476915904,-0.0258326014573171,-0.0407510468576985,0.0059444321964797,0.015031115265884,6.442604757288336,-0.0016339869281045,0.03384950232558137,0.03384950232558137,1.013929201438071,True,final,0
atp:2026-04-13:543:B,atp,2026-04-13,2026-04-13,2026-04,B,Lorenzo Sonego,Pedro Martinez,Clay,,,,0.62099817,0.62099817,0.37411764705882355,2.672955974842767,1.0,,,-0.0423390516786634,-0.1098525510599671,0.0173828770795485,0.0309659936709538,0.1680886726542738,190.06695929426976,0.0,0.0,95.0,587.0,52.0,0.0,0.3679780235359045,0.0481376702871868,0.0263166603196974,-0.0359283411893099,0.0626596709854966,0.0136873214829353,-9.649118142274348,0.065605658709107,0.24688052294117646,0.24688052294117646,0.9831849667041852,True,final,1
atp:2026-04-13:523:B,atp,2026-04-13,2026-04-13,2026-04,B,Mariano Navone,Andrey Rublev,Clay,,,,0.2887936,0.2887936,0.42156862745098045,2.3720930232558137,0.0,,,0.1260729252653546,0.1842657736102316,-0.0400583010546879,-0.0084202907118511,-0.0220598666494569,-129.46045348528082,-0.0,-0.0,-318.0,-1750.0,-59.0,-0.0,0.2543700103241915,0.1088624275336904,0.0405932078265195,0.0421014649997512,-0.0099731924986169,0.0107694522999118,-26.22474841266194,-0.2385870687874406,-0.13277502745098047,-0.13277502745098047,0.8637726975907085,True,final,0
atp:2026-04-13:544:A,atp,2026-04-13,2026-04-13,2026-04,A,Reilly Opelka,Ethan Quinn,Clay,,,,0.65587807,0.65587807,0.3642691415313224,2.7452229299363067,0.0,,,0.0855254018539093,-0.1028752783357498,0.1636597126124033,0.0667260532832487,-0.1523213193777704,98.1096387865848,-0.0,-0.0,119.0,224.0,18.0,-0.0,0.2250106042591614,0.0449139556943608,-0.0285214287865157,-0.0123742610384356,0.0692576639197328,0.0110814213355083,27.97724416744086,0.1624149659863945,0.2916089284686776,0.2916089284686776,1.0098622847554402,True,final,0
atp:2026-04-13:545:A,atp,2026-04-13,2026-04-13,2026-04,A,Sebastian Baez,Tomas Machac,Clay,,,,0.4140392,0.4140392,0.42997542997543,2.3257142857142856,0.0,,,0.1225133898556474,0.1408125595312293,0.1719799040161056,0.180057214029156,0.2392116242320208,-117.90506652820795,-0.0,-0.0,101.0,-300.0,-13.0,-0.0,-0.0041773433925194,0.0618457448686436,0.0071268650694197,-0.0072070778343133,0.0019144351753187,0.0069935602485772,12.620002418434524,-0.0583008849557521,-0.015936229975429983,-0.015936229975429983,0.8440272115190809,True,final,0
atp:2026-04-13:553:A,atp,2026-04-13,2026-04-13,2026-04,A,Vitaliy Sachko,Gabriel Diallo,Clay,,,,0.3928693,0.3928693,0.4043583535108958,2.4730538922155696,0.0,,,-0.054115356587095,0.0107603704113037,0.1695803397409024,0.3195838257717851,0.252871382244542,-91.88684968145822,-0.0,-0.0,-69.0,-879.0,-128.0,-0.0,0.192213741680749,-0.3515978476364295,-0.0121548096886393,-0.0391056905644364,0.0274874403730485,0.0299141067148098,-63.42555711856767,-0.1683544303797468,-0.011489053510895797,-0.011489053510895797,0.9054537805442779,True,final,0
atp:2026-04-13:555:A,atp,2026-04-13,2026-04-13,2026-04,A,Zizou Bergs,Flavio Cobolli,Clay,,,,0.4203261,0.4203261,0.4455445544554455,2.244444444444445,0.0,,,0.0306437290339248,0.045605732535136,-0.0373073510646144,-0.0573364435139024,-0.1242153772000037,1.7223647261778297,-0.0,-0.0,-36.0,-792.0,-20.0,-0.0,0.0065883592805163,-0.2660501729942122,0.02173385309196,-0.0243533162487506,0.0099787732611126,0.0083423210795746,-146.63166762683136,-0.0873552123552123,-0.025218454455445516,-0.025218454455445516,0.8084580270709399,True,final,0
challenger:2026-04-13:1161:B,challenger,2026-04-13,2026-04-13,2026-04,B,Alex Rybakov,Stefan Kozlov,Clay,Tallahassee CH,2026-0692,R32,0.46314639999999996,0.5535714285714286,0.4112149532710281,2.25,1.0,bet365_via_sofascore,latest_pre_match_assumed,0.1413653141711849,0.1435527684936866,-0.0195301630931538,-0.0103727777659908,-0.0751121088329593,-71.77494591205709,0.0,0.0,-17.0,7.0,8.0,0.0,0.0548260284515861,-0.0769472527489429,-0.0188885504749466,-0.0351955800134514,0.0288098845258782,0.0194808880744264,-67.97906405735739,-0.0781955843990583,0.051931446728971875,0.14235647530040052,0.8109302162163288,True,final,1
challenger:2026-04-13:1256:A,challenger,2026-04-13,2026-04-13,2026-04,A,Arthur Weber,Giles Hussey,Hard,Wuning 2 CH,2026-3081,R32,0.36762512,0.3076923076923077,0.3373493975903614,2.75,0.0,bet365_via_sofascore,latest_pre_match_assumed,-0.0169163177356023,-0.002003667183182,-0.0495455227997869,-0.0525955415371112,0.063075460348744,-83.88439849500196,-0.0,-0.0,-18.0,-38.0,-86.0,-0.0,0.063601632003721,0.063601632003721,-0.0142274889551058,-0.0113908225102034,0.015696288208263,0.0170778637020677,-61.424468566516225,-0.0764912280701754,0.030275722409638606,-0.029657089898053712,1.0116009116784799,True,final,0
challenger:2026-04-13:1220:B,challenger,2026-04-13,2026-04-13,2026-04,B,August Holmgren,Alexis Galarneau,Hard,Busan CH,2026-1741,R16,0.47281885,0.562962962962963,0.3913043478260869,2.38,1.0,bet365_via_sofascore,latest_pre_match_assumed,0.0309401336642495,0.0337864213399756,0.211238941508174,0.2106459649090643,-0.1483798461010249,-142.01649101250086,0.0,0.0,-141.0,27.0,15.0,0.0,-0.1213334584606495,-0.1213334584606495,-0.0384075361737676,-0.038299462345548,0.0527111308961164,0.0523949339946353,-119.4072678547268,-0.0372425143342536,0.0815145021739131,0.17165861513687608,0.8671004876833833,True,final,1
challenger:2026-04-13:1320:A,challenger,2026-04-13,2026-04-13,2026-04,A,Billy Harris,Jurij Rodionov,Clay,Oeiras 3 CH,2026-9514,R32,0.44468862,0.437037037037037,0.3373493975903614,2.75,0.0,bet365_via_sofascore,latest_pre_match_assumed,0.0730831539585275,0.123111957811574,-0.0563209740254739,-0.0907043543012442,-0.1825757670374145,-47.461992749066894,-0.0,-0.0,-77.0,153.0,48.0,-0.0,-0.173404022953954,-0.5397746604046607,-0.0112992137769021,-0.039803895999437,-0.0089744099211913,-0.0138840126621445,-162.70414424754858,-0.0442030669144981,0.10733922240963856,0.09968763944667558,1.0116009116784799,True,final,0
challenger:2026-04-13:1240:B,challenger,2026-04-13,2026-04-13,2026-04,B,Blake Ellis,Li Tu,Hard,Wuning 2 CH,2026-3081,QF,0.35641015,0.33333333333333337,0.3549488054607508,2.625,0.0,bet365_via_sofascore,latest_pre_match_assumed,-0.0276299020131235,-0.0307203565237771,0.1058473975533181,0.1105712783596704,0.3012494191909638,-20.90235509229251,-0.0,-0.0,-60.0,-69.0,-180.0,-0.0,-0.082007188558119,-0.082007188558119,-0.0223149065110588,-0.0232295249101269,-0.0553044348192006,-0.0540617535834552,-14.117895761383352,0.0253265371137305,0.0014613445392491764,-0.021615472127417434,0.965080896043587,True,final,0
challenger:2026-04-13:1258:B,challenger,2026-04-13,2026-04-13,2026-04,B,Braden Shick,Buvaysar Gadamauri,Hard,Wuning 2 CH,2026-3081,R32,0.27331644,0.24264705882352944,0.39232409381663114,2.375,0.0,bet365_via_sofascore,latest_pre_match_assumed,-0.2092842406804683,-0.2092842406804683,-0.0108959221443926,-0.0108959221443926,-0.1170825370111932,-150.19590740745252,-0.0,-0.0,-62.0,-58.0,-247.0,-0.0,-0.130314599798085,-0.130314599798085,0.0085958547356436,0.0085958547356436,-0.0271541310032381,-0.0271541310032381,-117.63100028643112,-0.1972222222222222,-0.11900765381663114,-0.1496770349931017,0.8649974374866045,True,final,0
challenger:2026-04-13:1249:B,challenger,2026-04-13,2026-04-13,2026-04,B,Buvaysar Gadamauri,Charles Broom,Hard,Wuning 2 CH,2026-3081,QF,0.46949023,0.5535714285714286,0.4233870967741936,2.2,0.0,bet365_via_sofascore,latest_pre_match_assumed,0.2863184292769528,0.2863184292769528,0.1669419826445987,0.1669419826445987,-0.1684652890775026,48.655343687075174,-0.0,-0.0,-54.0,-55.0,-124.0,-0.0,0.0648233828558451,0.0648233828558451,0.005356250152763,0.005356250152763,-0.0340778257078994,-0.0340778257078994,39.32033713759756,0.1527777777777778,0.04610313322580639,0.130184331797235,0.7884573603642703,True,final,0
challenger:2026-04-13:1303:B,challenger,2026-04-13,2026-04-13,2026-04,B,Cezar Cretu,Franco Agamenone,Clay,Oeiras 3 CH,2026-9514,Q1,0.41260856,0.38020833333333337,0.375,2.5,0.0,bet365_via_sofascore,latest_pre_match_assumed,0.1520163978343105,0.1539139229514612,-0.047851170059815,-0.0490865002246523,-0.0780359204932357,-99.72702031982932,-0.0,-0.0,-155.0,-24.0,-53.0,-0.0,0.0010634763453637,0.0010634763453637,0.0021836966604476,0.0028939564164927,-0.0115288137390886,-0.0111435786009587,-72.69562757637414,-0.0184394409937888,0.03760856000000001,0.00520833333333337,0.9162907318741551,True,final,0
challenger:2026-04-13:1279:A,challenger,2026-04-13,2026-04-13,2026-04,A,Daniel Salazar Martinez,Santiago De La Fuente,Clay,Santa Cruz de la Sierra CH,2026-9479,Q2,0.3431933,0.2483660130718954,0.3373493975903614,2.75,0.0,bet365_via_sofascore,latest_pre_match_assumed,-0.1766264545104397,-0.152864218927085,-0.0076064764506038,-0.0232050479815368,-0.0044936749805152,-9.954458669730911,-0.0,-0.0,-36.0,-37.0,-362.0,-0.0,-0.0656659240597455,-0.0566847827223099,-0.0298259975912174,-0.0287660771129559,-0.0014147993487391,0.0061226259313608,-1.1326898441179765,-0.1041666666666666,0.005843902409638557,-0.08898338451846602,1.0116009116784799,True,final,0
challenger:2026-04-13:1183:A,challenger,2026-04-13,2026-04-13,2026-04,A,Daniil Glinka,Stefan Dostanic,Clay,Tallahassee CH,2026-0692,R32,0.6135787,0.6197916666666666,0.3549488054607508,2.625,1.0,bet365_via_sofascore,latest_pre_match_assumed,-0.2433140096772214,-0.0530998622657333,0.2251253623538867,0.4057015338394766,0.1340874393486726,20.514675891473644,0.0,0.0,43.0,234.0,391.0,0.0,-0.2450149038325751,-0.210901875395551,-0.0498569681362964,-0.0410611491291829,-0.0121596119024156,-0.0040866199712071,-40.15566253777661,-0.0771739130434783,0.2586298945392492,0.2648428612059158,0.965080896043587,True,final,1
challenger:2026-04-13:1167:A,challenger,2026-04-13,2026-04-13,2026-04,A,Dmitry Popko,Cannon Kingsley,Clay,Tallahassee CH,2026-0692,R32,0.6377248,0.6197916666666666,0.4233870967741935,2.2,0.0,bet365_via_sofascore,latest_pre_match_assumed,-0.1507809999421492,-0.0819843759476764,-0.0708091217954239,-0.167389932668765,-0.2049603860351713,4.018612533611531,-0.0,-0.0,145.0,180.0,316.0,-0.0,-0.0635003942323816,-0.0389931421680861,0.0161697069832483,0.036691947512385,-0.0269649954537346,-0.0382772409132086,38.67201090187336,-0.0005347593582887,0.21433770322580648,0.19640456989247312,0.7884573603642703,True,final,0
challenger:2026-04-13:1313:B,challenger,2026-04-13,2026-04-13,2026-04,B,Elmer Moller,Nicolas Jarry,Clay,Oeiras 3 CH,2026-9514,R32,0.4814372,0.562962962962963,0.3913043478260869,2.38,0.0,bet365_via_sofascore,latest_pre_match_assumed,0.1544045114057265,0.163490469526452,-0.0121200183953681,-0.0227410523860045,0.2437985167628068,48.10760246543009,-0.0,-0.0,16.0,16.0,2.0,-0.0,0.0718105761171848,-0.033488393401731,0.0547979810281924,0.0406704615693752,-0.1211153289123925,-0.1234685303827066,-15.220039802304427,-0.0101362578929876,0.09013285217391309,0.17165861513687608,0.8671004876833833,True,final,0
challenger:2026-04-13:1254:B,challenger,2026-04-13,2026-04-13,2026-04,B,Enzo Aguiard,Keegan Smith,Hard,Wuning 2 CH,2026-3081,R32,0.16890043,0.1785714285714286,0.3549488054607508,2.625,0.0,bet365_via_sofascore,latest_pre_match_assumed,-0.2918363285794164,-0.2918363285794164,0.0652576185138155,0.0652576185138155,0.1432850220947104,-103.50856593918296,-0.0,-0.0,-147.0,-96.0,-645.0,-0.0,-0.2564447335716523,-0.2564447335716523,-0.0513512634698873,-0.0513512634698873,-0.0324506286951059,-0.0324506286951059,-85.4334434585544,-0.5167785234899329,-0.18604837546075081,-0.1763773768893222,0.965080896043587,True,final,0
challenger:2026-04-13:1276:B,challenger,2026-04-13,2026-04-13,2026-04,B,Enzo Camargo Lima,Matteo Covato,Clay,Santa Cruz de la Sierra CH,2026-9479,Q1,0.33031299999999997,0.3267326732673267,0.3373493975903614,2.75,1.0,bet365_via_sofascore,latest_pre_match_assumed,0.2345452110595626,0.3001155523451081,-0.2069796958228436,-0.2306439636154914,0.5,40.23119234187698,0.0,0.0,-3.0,-27.0,-340.0,0.0,0.0432591641086481,0.0286348753442506,0.0672861535250878,0.0575001249041086,-0.0558885914896903,-0.0518329089198226,-15.826826799322134,0.0296052631578947,-0.007036397590361454,-0.010616724323034732,1.0116009116784799,True,final,1
challenger:2026-04-13:1290:A,challenger,2026-04-13,2026-04-13,2026-04,A,Ezequiel Monferrer,Samuel Heredia,Clay,Santa Cruz de la Sierra CH,2026-9479,Q1,0.34942073,0.2483660130718954,0.3373493975903614,2.75,0.0,bet365_via_sofascore,latest_pre_match_assumed,0.0103214659817701,0.0054341064280911,0.0141655878476764,0.0208903354322922,0.2550756232877948,-41.009087756235886,-0.0,-0.0,6.0,-23.0,-271.0,-0.0,-0.0202412301237334,0.0117366052957171,-0.0080658469362453,-0.0203983395624002,0.030543252163774,0.0282873157232359,-50.70935860127929,-0.0142857142857142,0.012071332409638591,-0.08898338451846602,1.0116009116784799,True,final,0
challenger:2026-04-13:1239:B,challenger,2026-04-13,2026-04-13,2026-04,B,Fajing Sun,Li Tu,Hard,Wuning 2 CH,2026-3081,F,0.49775165,0.562962962962963,0.39232409381663114,2.375,1.0,bet365_via_sofascore,latest_pre_match_assumed,0.012097883341637,0.0090074288309834,0.1258479765727737,0.1305718573791259,-0.1186672274216064,-30.238128534788075,0.0,0.0,-52.0,44.0,55.0,0.0,0.0202624700266331,0.0202624700266331,0.0100056397441476,0.0090910213450796,-0.0093752599692505,-0.0081325787335051,-28.853747014585903,-0.0075779656076945,0.10542755618336885,0.17063886914633186,0.8649974374866045,True,final,1
challenger:2026-04-13:1163:B,challenger,2026-04-13,2026-04-13,2026-04,B,Federico Agustin Gomez,Michael Mmoh,Clay,Tallahassee CH,2026-0692,R32,0.58041427,0.6363636363636365,0.4233870967741936,2.2,0.0,bet365_via_sofascore,latest_pre_match_assumed,-0.0283152374760999,-0.0910043677350502,0.1806390758127879,0.1764265394709811,-0.3472869899944101,-72.28774766090851,-0.0,-0.0,7.0,135.0,104.0,-0.0,-0.3379562600460307,0.1000579007334304,-0.0137658810267711,-0.0139864716561709,0.0241925594130774,-0.0003002191506745,87.58496666950032,-0.0163265306122448,0.1570271732258064,0.21297653958944285,0.7884573603642703,True,final,0
challenger:2026-04-13:1296:A,challenger,2026-04-13,2026-04-13,2026-04,A,Fernando Cavallo,Maximo Zeitune,Clay,Santa Cruz de la Sierra CH,2026-9479,Q1,0.41875502,0.3263157894736842,0.3373493975903614,2.75,0.0,bet365_via_sofascore,latest_pre_match_assumed,-0.0384509521889524,-0.0384509521889524,-0.0658801837777369,-0.0658801837777369,0.0143874376927928,-6.896967664893964,-0.0,-0.0,-12.0,-6.0,-57.0,-0.0,-0.1232565055751963,-0.1232565055751963,0.008169585085274,0.008169585085274,-0.0618760664620108,-0.0618760664620108,-9.021161417218536,-0.1111111111111111,0.08140562240963856,-0.011033608116677196,1.0116009116784799,True,final,0
challenger:2026-04-13:1304:A,challenger,2026-04-13,2026-04-13,2026-04,A,Franco Agamenone,Felix Gill,Clay,Oeiras 3 CH,2026-9514,Q2,0.5067481,0.437037037037037,0.3549488054607508,2.625,0.0,bet365_via_sofascore,latest_pre_match_assumed,0.0966955523878138,-0.0010513162439267,-0.0488769441869386,-0.0063637530576032,-0.0397762961404546,-17.383925008401775,-0.0,-0.0,148.0,22.0,43.0,-0.0,-0.1290109436578513,-0.0781178094123829,0.0403288806267341,0.0274593666390591,-0.0289283861067145,-0.0202143216910494,35.50579486849324,-0.0519266917293232,0.15179929453924923,0.0820882315762862,0.965080896043587,True,final,0
challenger:2026-04-13:1277:A,challenger,2026-04-13,2026-04-13,2026-04,A,Franco Ribero,Benjamin Torrealba,Clay,Santa Cruz de la Sierra CH,2026-9479,Q1,0.37671632,0.3076923076923077,0.4112149532710279,2.25,1.0,bet365_via_sofascore,latest_pre_match_assumed,0.1137449969159874,0.1013762689709231,0.0580473066025852,0.0769490333097258,0.3311577877390082,-44.66656138697749,0.0,0.0,18.0,-17.0,-234.0,0.0,0.0530655376572283,0.0530655376572283,-0.0433562075770371,-0.0425561624777656,0.0499192568245357,0.0456000036635577,-27.22160642181734,-0.0178571428571428,-0.03449863327102792,-0.10352264557872021,0.8109302162163288,True,final,1
challenger:2026-04-13:1188:A,challenger,2026-04-13,2026-04-13,2026-04,A,Garrett Johns,Hynek Barton,Clay,Tallahassee CH,2026-0692,R16,0.38593444,0.3263157894736842,0.375,2.5,0.0,bet365_via_sofascore,latest_pre_match_assumed,-0.0552753480651026,-0.0935142345791172,-0.2378890915375014,-0.1633421653890411,0.2616369876191267,-149.29887503062173,-0.0,-0.0,-40.0,4.0,10.0,-0.0,-0.101092228336916,-0.16096650391982,0.0188026367730491,0.0089464902204149,-0.0264761101231012,-0.0230870973239692,-164.89180268868563,-0.1262477980035231,0.01093443999999999,-0.048684210526315774,0.9162907318741551,True,final,0
challenger:2026-04-13:1323:A,challenger,2026-04-13,2026-04-13,2026-04,A,Geoffrey Blancaneaux,Remy Bertola,Clay,Oeiras 3 CH,2026-9514,Q1,0.5180665,0.437037037037037,0.4233870967741935,2.2,0.0,bet365_via_sofascore,latest_pre_match_assumed,-0.0354644117834505,-0.0496442189458857,0.0500707490562433,-0.1084823187440993,-0.1119107647067883,-47.93392565610179,-0.0,-0.0,109.0,0.0,-1.0,-0.0,-0.072996092934899,-0.036095356310133,-0.0357254752936325,-0.0086861195208571,0.0017736467652945,0.0267549422441764,68.0101137246279,-0.024583596879612,0.09467940322580648,0.013649940262843496,0.7884573603642703,True,final,0
challenger:2026-04-13:1245:B,challenger,2026-04-13,2026-04-13,2026-04,B,Giles Hussey,Fajing Sun,Hard,Wuning 2 CH,2026-3081,QF,0.41858554000000003,0.38020833333333337,0.4233870967741936,2.2,0.0,bet365_via_sofascore,latest_pre_match_assumed,-0.0221747314313632,-0.0221747314313632,-0.0304781597936493,-0.0304781597936493,0.1585179346078877,-31.580671242530343,-0.0,-0.0,-19.0,-45.0,-56.0,-0.0,-0.2869038160392196,-0.2869038160392196,0.0065992488282237,0.0065992488282237,-0.0198841602755077,-0.0198841602755077,-44.21986977448296,0.0012765957446808,-0.004801556774193583,-0.043178763440860246,0.7884573603642703,True,final,0
challenger:2026-04-13:1274:A,challenger,2026-04-13,2026-04-13,2026-04,A,Gonzalo Villanueva,Gonzalo Bueno,Clay,Santa Cruz de la Sierra CH,2026-9479,R32,0.33522627,0.2483660130718954,0.3549488054607508,2.625,0.0,bet365_via_sofascore,latest_pre_match_assumed,-0.2508475127434886,-0.2472747041589374,-0.0161947612538126,-0.0184483214802608,0.1588860118949697,-113.54428821593092,-0.0,-0.0,104.0,-127.0,-130.0,-0.0,-0.2128896026178273,-0.2128896026178273,-0.0405809121098721,-0.0412945374352531,0.0301054820089868,0.029559423733914,-112.35315101019796,-0.0302034428794992,-0.019722535460750812,-0.1065827923888554,0.965080896043587,True,final,0
challenger:2026-04-13:1340:A,challenger,2026-04-13,2026-04-13,2026-04,A,Guy Den Ouden,Jaime Faria,Clay,Oeiras 3 CH,2026-9514,R32,0.48560596,0.437037037037037,0.3538083538083538,2.63,0.0,bet365_via_sofascore,latest_pre_match_assumed,-0.0511105010003922,-0.0570417036477143,-0.1196295688810659,-0.0297264442234482,0.083258204810684,6.360658616289811,-0.0,-0.0,-15.0,-33.0,-9.0,-0.0,-0.3288685746714928,-0.1166730122076863,-0.0105170136676588,-0.0009818645035315,-0.0089666600107091,-0.0152609746133282,56.64598732199306,0.0682539682539683,0.1317976061916462,0.08322868322868321,0.9669838461896731,True,final,0
challenger:2026-04-13:1243:B,challenger,2026-04-13,2026-04-13,2026-04,B,Hayato Matsuoka,Li Tu,Hard,Wuning 2 CH,2026-3081,R32,0.5005009,0.562962962962963,0.3549488054607508,2.625,0.0,bet365_via_sofascore,latest_pre_match_assumed,0.0037472153045525,0.0006567607938988,-0.0317402337645479,-0.0270163529581957,-0.0685485507167182,-28.42421299362809,-0.0,-0.0,-102.0,-17.0,-32.0,-0.0,-0.1113361040563905,-0.1113361040563905,0.0040939816651025,0.0031793632660344,0.0110782099114784,0.0123208911472239,-31.575928819394676,0.036425902864259,0.14555209453924922,0.2080141575022122,0.965080896043587,True,final,0
challenger:2026-04-13:1331:B,challenger,2026-04-13,2026-04-13,2026-04,B,Henrique Rocha,Pablo Llamas Ruiz,Clay,Oeiras 3 CH,2026-9514,QF,0.38377123999999996,0.38020833333333337,0.4240837696335078,2.2,1.0,bet365_via_sofascore,latest_pre_match_assumed,-0.0001765962411388,-0.0088446427788477,-0.1233396474329338,-0.1106349228524937,0.1226490009263946,-81.52609341197945,0.0,0.0,14.0,120.0,55.0,0.0,-0.0988804704855942,-0.0988804704855942,-0.0285971854389037,-0.0258297299528034,-0.0389483889470205,-0.0407087216878351,-77.61293653675307,-0.1207050026704646,-0.04031252963350784,-0.04387543630017443,0.7884573603642703,True,final,1
challenger:2026-04-13:1273:A,challenger,2026-04-13,2026-04-13,2026-04,A,Hernan Casanova,Juan Bautista Torres,Clay,Santa Cruz de la Sierra CH,2026-9479,R32,0.5503673,0.4827586206896552,0.3373493975903614,2.75,0.0,bet365_via_sofascore,latest_pre_match_assumed,-0.0643977544579849,-0.0643977544579849,0.142273779780085,0.142273779780085,0.3044665469125499,23.51488587480071,-0.0,-0.0,-65.0,-3.0,-6.0,-0.0,0.360560874437203,0.360560874437203,-0.0252653969091375,-0.0252653969091375,0.0820552932999514,0.0820552932999514,21.814889659056007,-0.0057971014492753,0.21301790240963858,0.14540922309929377,1.0116009116784799,True,final,0
challenger:2026-04-13:1214:B,challenger,2026-04-13,2026-04-13,2026-04,B,Hikaru Shiraishi,Renta Tokuda,Hard,Busan CH,2026-1741,Q2,0.39937453999999994,0.38020833333333337,0.4233870967741936,2.2,0.0,bet365_via_sofascore,latest_pre_match_assumed,-0.046095022165345,-0.046095022165345,0.050298703633457,0.050298703633457,0.3221113621514847,-37.89040024515839,-0.0,-0.0,5.0,-47.0,-104.0,-0.0,0.0780742943520014,0.0780742943520014,-0.0135746270348733,-0.0135746270348733,0.0091592520869506,0.0091592520869506,-35.69410521245345,-0.0558213716108453,-0.024012556774193672,-0.043178763440860246,0.7884573603642703,True,final,0
challenger:2026-04-13:1238:A,challenger,2026-04-13,2026-04-13,2026-04,A,Hiroki Moriya,Charles Broom,Hard,Wuning 2 CH,2026-3081,R32,0.39188892,0.3263157894736842,0.3373493975903614,2.75,0.0,bet365_via_sofascore,latest_pre_match_assumed,0.100890422575056,0.100890422575056,0.0708419710136436,0.0708419710136436,-0.0126885397722179,-16.90156177957033,-0.0,-0.0,103.0,-67.0,-152.0,-0.0,0.1725837569075357,0.1725837569075357,0.0184898475154353,0.0184898475154353,-0.0404341726019237,-0.0404341726019237,-7.738215758136221,-0.0033964095099466,0.05453952240963855,-0.011033608116677196,1.0116009116784799,True,final,0
challenger:2026-04-13:1213:A,challenger,2026-04-13,2026-04-13,2026-04,A,Ilya Ivashka,Dane Sweeny,Hard,Busan CH,2026-1741,R32,0.28576437,0.2483660130718954,0.3549488054607508,2.625,1.0,bet365_via_sofascore,latest_pre_match_assumed,-0.0275212032433764,-0.0047061009807087,-0.0208192638871854,-0.0601846857227173,0.3264490515573374,24.739391087097147,0.0,0.0,-91.0,-286.0,-612.0,0.0,0.1690198616908723,0.096244109787712,-0.0010931168983983,0.015363236773624,-0.032346776408089,-0.0182328334505671,0.8862988353580477,0.1464646464646465,-0.06918443546075081,-0.1065827923888554,0.965080896043587,True,final,1
challenger:2026-04-13:1182:B,challenger,2026-04-13,2026-04-13,2026-04,B,Jack Kennedy,Joao Lucas Reis Da Silva,Clay,Tallahassee CH,2026-0692,SF,0.2020035,0.24264705882352944,0.39232409381663114,2.375,0.0,bet365_via_sofascore,latest_pre_match_assumed,0.0441398951501031,0.0319489918343145,-0.0273983863936727,-0.029186694792449,0.1792033321816804,-123.59932461664584,-0.0,-0.0,-219.0,-266.0,-771.0,-0.0,-0.0031111394861665,-0.3335290209244561,0.0363236970253816,0.0358444649979814,-0.0494307404814921,-0.0505317359044238,-142.00861722067498,-0.1733333333333334,-0.19032059381663113,-0.1496770349931017,0.8649974374866045,True,final,0
challenger:2026-04-13:1201:B,challenger,2026-04-13,2026-04-13,2026-04,B,James Mccabe,Alex Bolt,Hard,Busan CH,2026-1741,R32,0.46226424,0.5535714285714286,0.4240837696335078,2.2,0.0,bet365_via_sofascore,latest_pre_match_assumed,0.0438221578490254,0.0438221578490254,-0.0830386810897784,-0.0830386810897784,-0.1043529226696855,-15.27354048524876,-0.0,-0.0,17.0,-30.0,-22.0,-0.0,0.074706346155743,0.074706346155743,0.0114821830308022,0.0114821830308022,-0.0105709670809481,-0.0105709670809481,-25.462998163579183,0.031068524970964,0.03818047036649219,0.1294876589379208,0.7884573603642703,True,final,0
challenger:2026-04-13:1237:B,challenger,2026-04-13,2026-04-13,2026-04,B,Jie Cui,Mikhail Kukushkin,Hard,Wuning 2 CH,2026-3081,R32,0.36365590000000003,0.38020833333333337,0.375,2.5,0.0,bet365_via_sofascore,latest_pre_match_assumed,-0.0516849735128411,-0.0350268521121008,-0.2031890983422412,-0.2591776332326305,-0.0354581701011502,-223.40702729053373,-0.0,-0.0,-101.0,-14.0,-18.0,-0.0,-0.0852131140294582,-0.1783019360382109,-0.0090322460014146,-0.0310380151690115,0.0002470549913279,-0.0130570224679247,-225.88821691204063,-0.1529535864978903,-0.011344099999999968,0.00520833333333337,0.9162907318741551,True,final,0
challenger:2026-04-13:1181:A,challenger,2026-04-13,2026-04-13,2026-04,A,Joao Lucas Reis Da Silva,Liam Draxl,Clay,Tallahassee CH,2026-0692,R16,0.3901264,0.3263157894736842,0.3373493975903614,2.75,1.0,bet365_via_sofascore,latest_pre_match_assumed,-0.0897101936371498,-0.140502982788458,-0.0858828889537918,-0.1571922859162375,-0.6062277677994672,-110.07348415080378,0.0,0.0,84.0,-177.0,-74.0,0.0,-0.2076308515364825,-0.3141072513032346,-0.0451001642530174,-0.0445493805111331,-0.0207884972533798,-0.012919179282143,-22.02342442524832,-0.1316312056737588,0.05277700240963856,-0.011033608116677196,1.0116009116784799,True,final,1
challenger:2026-04-13:1338:B,challenger,2026-04-13,2026-04-13,2026-04,B,Joel Schwaerzler,Valentin Royer,Clay,Oeiras 3 CH,2026-9514,QF,0.3388843,0.3267326732673267,0.3913043478260869,2.38,0.0,bet365_via_sofascore,latest_pre_match_assumed,0.0224350078012969,0.0336157385124644,0.0359045273515846,0.0271898662399203,0.1470522713317491,-3.334297996729447,-0.0,-0.0,-60.0,-711.0,-199.0,-0.0,0.1860044093564712,0.142745245247823,-0.0259962976893808,-0.0283973429128162,0.052382953461777,0.0380704281122964,-14.8618232119386,-0.0325,-0.05242004782608689,-0.06457167455876023,0.8671004876833833,True,final,0
challenger:2026-04-13:1330:A,challenger,2026-04-13,2026-04-13,2026-04,A,Jonas Forejtek,Mattia Bellucci,Clay,Oeiras 3 CH,2026-9514,R32,0.21631615,0.1818181818181818,0.3538083538083538,2.63,1.0,bet365_via_sofascore,latest_pre_match_assumed,-0.1141426867367801,-0.0202303076064275,-0.1175363754541695,-0.0923238053835892,0.047557693034912,-202.86639061757865,0.0,0.0,44.0,-653.0,-368.0,0.0,-0.1745745796173941,-0.0408104757070065,-0.0010270389389375,0.0238422665389412,0.0043866179910786,0.0262537383474428,-29.06991974841708,-0.0486738283106759,-0.13749220380835378,-0.171990171990172,0.9669838461896731,True,final,1
challenger:2026-04-13:1255:A,challenger,2026-04-13,2026-04-13,2026-04,A,Joshua Charlton,Pavle Marinkov,Hard,Wuning 2 CH,2026-3081,Q1,0.3799876,0.3076923076923077,0.3373493975903614,2.75,0.0,bet365_via_sofascore,latest_pre_match_assumed,-0.3912896441806311,-0.3917330544738312,-0.0179687475737636,-0.0200573213983376,-0.2335767619660215,-104.22147199056236,-0.0,-0.0,-17.0,-32.0,-201.0,-0.0,-0.2449936639296756,-0.2449936639296756,-0.0240405927017288,-0.0250218020136819,0.049580983633104,0.0508688249677211,-88.97928718109824,-0.1564327485380117,0.04263820240963856,-0.029657089898053712,1.0116009116784799,True,final,0
challenger:2026-04-13:1268:B,challenger,2026-04-13,2026-04-13,2026-04,B,Juan Carlos Prado Angelo,Hugo Dellien,Clay,Santa Cruz de la Sierra CH,2026-9479,F,0.3561166,0.33333333333333337,0.3549488054607508,2.625,0.0,bet365_via_sofascore,latest_pre_match_assumed,-0.0532574892976978,-0.0541328621120453,-0.0567067859282398,-0.0658315188512191,0.2092749125623233,-94.13822891849873,-0.0,-0.0,-76.0,-159.0,-70.0,-0.0,-0.0906815543389147,-0.0906815543389147,0.0057172395267585,0.0067267324573577,-0.0330758444264627,-0.0333733841388832,-64.89395939952192,-0.1204617701187886,0.0011677945392492006,-0.021615472127417434,0.965080896043587,True,final,0
challenger:2026-04-13:1325:A,challenger,2026-04-13,2026-04-13,2026-04,A,Jurij Rodionov,Valentin Royer,Clay,Oeiras 3 CH,2026-9514,R16,0.30009657,0.2483660130718954,0.391304347826087,2.38,0.0,bet365_via_sofascore,latest_pre_match_assumed,0.0220950983979327,-0.0230306358519999,0.037551052954596,0.009616391253202,0.0696969323831671,-48.43510496100271,-0.0,-0.0,109.0,-595.0,-119.0,-0.0,0.1745745796173941,0.257445549282313,0.0094357756811839,0.0127956672172518,0.0217254801441713,-0.0014146754298941,-87.60054163487416,-0.0214219330855018,-0.09120777782608697,-0.14293833475419157,0.8671004876833833,True,final,0
challenger:2026-04-13:1259:A,challenger,2026-04-13,2026-04-13,2026-04,A,Justin Boulais,Giles Hussey,Hard,Wuning 2 CH,2026-3081,R16,0.37684113,0.3076923076923077,0.4112149532710279,2.25,0.0,bet365_via_sofascore,latest_pre_match_assumed,-0.0105952267285152,-0.0105952267285152,-0.0677388343929363,-0.0677388343929363,-0.2563155403283091,-41.25023679735591,-0.0,-0.0,-7.0,-81.0,-231.0,-0.0,0.1240658417175426,0.1240658417175426,-0.0005046541467889,-0.0005046541467889,-0.0179042200832421,-0.0179042200832421,-19.79509511927677,-0.0535294117647058,-0.03437382327102789,-0.10352264557872021,0.8109302162163288,True,final,0
challenger:2026-04-13:1260:A,challenger,2026-04-13,2026-04-13,2026-04,A,Justin Boulais,Philip Sekulic,Hard,Wuning 2 CH,2026-3081,R32,0.46549216,0.437037037037037,0.4112149532710279,2.25,1.0,bet365_via_sofascore,latest_pre_match_assumed,-0.0008160579844189,-0.0008160579844189,-0.1189520698991997,-0.1189520698991997,-0.4564778491057766,-24.85576938059012,0.0,0.0,-53.0,-10.0,-42.0,0.0,0.1058889036498335,0.1058889036498335,0.0363773523238907,0.0363773523238907,-0.054382697104422,-0.054382697104422,-12.522524438940309,-0.0528682547399125,0.05427720672897207,0.025822083766009085,0.8109302162163288,True,final,1
challenger:2026-04-13:1222:B,challenger,2026-04-13,2026-04-13,2026-04,B,Kasidit Samrej,August Holmgren,Hard,Busan CH,2026-1741,R32,0.33354353999999997,0.3267326732673267,0.3549488054607508,2.625,0.0,bet365_via_sofascore,latest_pre_match_assumed,0.0783753390611744,0.0755290513854483,-0.2079766849333702,-0.2073837083342605,0.3756656061334683,-4.567647770616304,-0.0,-0.0,-57.0,-200.0,-232.0,-0.0,-0.0440544420340083,-0.0440544420340083,0.0145704347111974,0.0144623608829777,-0.0434044161263065,-0.0430882192248254,-26.527823415115563,-0.068410275502606,-0.021405265460750833,-0.028216132193424115,0.965080896043587,True,final,0
challenger:2026-04-13:1233:B,challenger,2026-04-13,2026-04-13,2026-04,B,Kasidit Samrej,James Trotter,Hard,Busan CH,2026-1741,Q2,0.39963543,0.38020833333333337,0.39232409381663114,2.375,1.0,bet365_via_sofascore,latest_pre_match_assumed,0.1531452537280436,0.1531452537280436,-0.054016131201034,-0.054016131201034,0.4079144089632388,-25.65040260042838,0.0,0.0,-67.0,-70.0,-134.0,0.0,0.103317737573953,0.103317737573953,0.0044092955047616,0.0044092955047616,-0.0052519506410008,-0.0052519506410008,-18.970097919570435,-0.1138373504421709,0.007311336183368877,-0.012115760483297766,0.8649974374866045,True,final,1
challenger:2026-04-13:1261:B,challenger,2026-04-13,2026-04-13,2026-04,B,Leo Vithoontien,Kokoro Isomura,Hard,Wuning 2 CH,2026-3081,Q2,0.33779424,0.3267326732673267,0.4112149532710281,2.25,1.0,bet365_via_sofascore,latest_pre_match_assumed,0.0204854177880629,0.0204854177880629,0.0315849278407742,0.0315849278407742,0.2572453567367689,-61.22908545430687,0.0,0.0,-32.0,-30.0,-174.0,0.0,-0.0263608940601146,-0.0263608940601146,0.0174326999305916,0.0174326999305916,-0.0290709687196408,-0.0290709687196408,-51.10088526311961,-0.1413828689370485,-0.07342071327102806,-0.0844822800037014,0.8109302162163288,True,final,1
challenger:2026-04-13:1285:B,challenger,2026-04-13,2026-04-13,2026-04,B,Luciano Emanuel Ambrogi,Guido Ivan Justo,Clay,Santa Cruz de la Sierra CH,2026-9479,R32,0.36425125999999997,0.38020833333333337,0.39232409381663114,2.375,0.0,bet365_via_sofascore,latest_pre_match_assumed,-0.0174428486437603,-0.0174428486437603,-0.0875124772516302,-0.0875124772516302,-0.1792247008995263,-109.31251097727112,-0.0,-0.0,-7.0,-21.0,-58.0,-0.0,-0.0222320528335919,-0.0222320528335919,-0.0396017999385374,-0.0396017999385374,-0.0203672166790828,-0.0203672166790828,-101.83372339849028,-0.0587819947043247,-0.02807283381663117,-0.012115760483297766,0.8649974374866045,True,final,0
challenger:2026-04-13:1312:A,challenger,2026-04-13,2026-04-13,2026-04,A,Mackenzie Mcdonald,Chun Hsin Tseng,Clay,Oeiras 3 CH,2026-9514,R32,0.5066976,0.437037037037037,0.4109947643979057,2.25,0.0,bet365_via_sofascore,latest_pre_match_assumed,-0.1637490754330314,-0.1107523380731552,0.119100520024226,-0.0036668747006156,-0.0223722642016818,5.319649654755949,-0.0,-0.0,-144.0,48.0,10.0,-0.0,0.0146242887643974,-0.3030041059793238,-0.0162237524364111,-0.061508073836396,0.0416857363208645,-0.0045705223724433,-297.7662783132216,0.0404537990744887,0.09570283560209425,0.02604227263913128,0.8109302162163288,True,final,0
challenger:2026-04-13:1302:A,challenger,2026-04-13,2026-04-13,2026-04,A,Marco Cecchinato,Valentin Royer,Clay,Oeiras 3 CH,2026-9514,R32,0.3622757,0.3076923076923077,0.3538083538083538,2.63,0.0,bet365_via_sofascore,latest_pre_match_assumed,0.017069109913923,0.0120253849163441,-0.0136393564063107,0.0029587394460536,-0.0750756640980205,-36.890407653205784,-0.0,-0.0,64.0,-677.0,-171.0,-0.0,0.0828922095678186,0.0396330454591704,0.0354692145681492,0.02905098013591,0.0173887389979172,0.0120210507117426,-34.05705985155532,-0.0410714285714286,0.008467346191646186,-0.04611604611604608,0.9669838461896731,True,final,0
challenger:2026-04-13:1337:B,challenger,2026-04-13,2026-04-13,2026-04,B,Maxim Mrva,Alejandro Moro Canas,Clay,Oeiras 3 CH,2026-9514,Q1,0.3362391,0.3267326732673267,0.375,2.5,0.0,bet365_via_sofascore,latest_pre_match_assumed,0.2312016828864584,0.1715216976751725,-0.0943604093737592,-0.0764589821134508,0.1355833829608702,-53.255575143761234,-0.0,-0.0,-130.0,-90.0,-104.0,-0.0,0.0626297395411855,-0.173404022953954,0.0148965549966096,0.0090742676413465,-0.0702358258896126,-0.0799271711995278,-85.3297830838842,-0.008967805577975,-0.03876089999999999,-0.04826732673267331,0.9162907318741551,True,final,0
challenger:2026-04-13:1164:A,challenger,2026-04-13,2026-04-13,2026-04,A,Michael Mmoh,Clement Tabur,Clay,Tallahassee CH,2026-0692,SF,0.4864449,0.437037037037037,0.4112149532710279,2.25,0.0,bet365_via_sofascore,latest_pre_match_assumed,-0.0861500183056187,0.0732549610341294,-0.037995334896057,-0.1351817337711739,0.1538494515755494,23.51061820490395,-0.0,-0.0,-17.0,-108.0,-85.0,-0.0,0.2776617912849882,0.133785343813287,0.0025345242360607,0.011139185304854,-0.0249897220323251,0.0277546714463988,47.81783274131658,0.11901728844404,0.0752299467289721,0.025822083766009085,0.8109302162163288,True,final,0
challenger:2026-04-13:1252:B,challenger,2026-04-13,2026-04-13,2026-04,B,Moerani Bouzige,Masamichi Imamura,Hard,Wuning 2 CH,2026-3081,R32,0.49199380000000004,0.562962962962963,0.4112149532710281,2.25,1.0,bet365_via_sofascore,latest_pre_match_assumed,-0.262794105609151,-0.262794105609151,-0.0906393146524189,-0.0906393146524189,-0.2473953052817623,-148.6855145114007,0.0,0.0,-10.0,63.0,181.0,0.0,-0.4504783181220238,-0.4504783181220238,-0.0395674275580983,-0.0395674275580983,0.0170489151611349,0.0170489151611349,-156.00828729874934,-0.0797448165869218,0.08077884672897195,0.15174800969193492,0.8109302162163288,True,final,1
challenger:2026-04-13:1309:B,challenger,2026-04-13,2026-04-13,2026-04,B,Moez Echargui,Frederico Ferreira Silva,Clay,Oeiras 3 CH,2026-9514,R16,0.5176284,0.562962962962963,0.4109947643979057,2.25,0.0,bet365_via_sofascore,latest_pre_match_assumed,-0.0918197377572105,-0.0858993800001901,-0.090074531218117,0.0677825330216189,-0.0182314541527847,-38.195346712842365,-0.0,-0.0,-67.0,248.0,131.0,-0.0,-0.0035969699075995,0.1301883739056874,-0.0117789223218479,0.006017724770562,-0.0345221415511427,-0.0409276420140551,-4.978319403975092,0.0039894333926357,0.10663363560209427,0.15196819856505728,0.8109302162163288,True,final,0
challenger:2026-04-13:1207:B,challenger,2026-04-13,2026-04-13,2026-04,B,Murphy Cassone,Liam Broady,Hard,Busan CH,2026-1741,R32,0.45832616000000004,0.5535714285714286,0.4109947643979057,2.25,0.0,bet365_via_sofascore,latest_pre_match_assumed,-0.076060031809062,-0.076060031809062,0.1285030388881854,0.1285030388881854,-0.1366492947875148,-50.76023003231467,-0.0,-0.0,-55.0,94.0,90.0,-0.0,-0.3293670336902943,-0.3293670336902943,-0.080820855629608,-0.080820855629608,-0.0239172970727954,-0.0239172970727954,-63.33237960449014,-0.0273760330578513,0.04733139560209432,0.14257666417352288,0.8109302162163288,True,final,0
challenger:2026-04-13:1157:A,challenger,2026-04-13,2026-04-13,2026-04,A,Nicolas Kicker,Joao Lucas Reis Da Silva,Clay,Tallahassee CH,2026-0692,R32,0.43471992,0.4137931034482758,0.4233870967741935,2.2,0.0,bet365_via_sofascore,latest_pre_match_assumed,0.0640944769734074,0.0721273086006361,-0.0615202393929491,-0.0902134168462219,-0.0061871532314839,-53.72889479101559,-0.0,-0.0,-40.0,-74.0,-53.0,-0.0,-0.1755695527813179,-0.1246764185358495,0.0418541722297288,0.0430844751455412,-0.0139555917135337,-0.0134318700675998,-61.45292962324379,0.0609009009009008,0.011332823225806476,-0.009593993325917705,0.7884573603642703,True,final,0
challenger:2026-04-13:1286:B,challenger,2026-04-13,2026-04-13,2026-04,B,Preston Brown,Noah Schachter,Clay,Santa Cruz de la Sierra CH,2026-9479,Q1,0.28993964000000005,0.24264705882352944,0.375,2.5,0.0,bet365_via_sofascore,latest_pre_match_assumed,-0.3130988146907907,-0.1445962922920772,0.027991953376005,0.0605547717593996,-0.3527804060085266,-114.20150565708197,-0.0,-0.0,-11.0,-19.0,-333.0,-0.0,-0.50207805174481,-0.2243863061740371,0.0024196068324102,0.0293939810735799,-0.0339119040295309,-0.0231266635453171,-102.84011824724462,-0.1885342789598108,-0.08506035999999995,-0.13235294117647056,0.9162907318741551,True,final,0
challenger:2026-04-13:1342:B,challenger,2026-04-13,2026-04-13,2026-04,B,Rei Sakamoto,Henrique Rocha,Clay,Oeiras 3 CH,2026-9514,R16,0.4425878,0.3936170212765957,0.4109947643979057,2.25,0.0,bet365_via_sofascore,latest_pre_match_assumed,-0.0557205528377593,-0.0658028050138621,0.1594969913699616,0.1548474757111699,0.1535581262195546,43.358472100012705,-0.0,-0.0,-59.0,-76.0,-26.0,-0.0,-0.1245751807645102,-0.2084123234675341,-0.0168667221848329,-0.0414528968198592,0.0025336718223507,-0.0063474022475107,-158.52469527043786,0.1135130076735915,0.031593035602094255,-0.01737774312131002,0.8109302162163288,True,final,0
challenger:2026-04-13:1299:B,challenger,2026-04-13,2026-04-13,2026-04,B,Remy Bertola,Dusan Lajovic,Clay,Oeiras 3 CH,2026-9514,R32,0.30725442999999997,0.24264705882352944,0.3373493975903614,2.75,0.0,bet365_via_sofascore,latest_pre_match_assumed,-0.0533664572904796,-0.005829171669493,0.0621748904081779,0.081480486526496,-0.0498060492600226,-65.57894527801704,-0.0,-0.0,111.0,-301.0,-136.0,-0.0,0.1587547460684983,0.0835177465403995,-0.0189565125883498,-0.0212026420877415,-0.0228762835188915,-0.051209375594544,-188.08349010510415,-0.1668993020937188,-0.030094967590361454,-0.09470233876683198,1.0116009116784799,True,final,0
challenger:2026-04-13:1200:B,challenger,2026-04-13,2026-04-13,2026-04,B,Rio Noguchi,Alex Bolt,Hard,Busan CH,2026-1741,QF,0.42335075,0.3936170212765957,0.4240837696335078,2.2,0.0,bet365_via_sofascore,latest_pre_match_assumed,0.1391976950257308,0.1391976950257308,-0.0847121936275296,-0.0847121936275296,0.0412863905155217,-11.890678216731205,-0.0,-0.0,53.0,-92.0,-58.0,-0.0,0.2054634142894486,0.2054634142894486,0.0528713235391473,0.0528713235391473,-0.0554797102840751,-0.0554797102840751,-12.765263109309444,-0.0038095238095238,-0.0007330196335078032,-0.0304667483569121,0.7884573603642703,True,final,0
challenger:2026-04-13:1227:A,challenger,2026-04-13,2026-04-13,2026-04,A,Rio Noguchi,Clement Chidekh,Hard,Busan CH,2026-1741,R32,0.4434316,0.437037037037037,0.3538083538083538,2.63,1.0,bet365_via_sofascore,latest_pre_match_assumed,0.0454938698693321,0.0454938698693321,0.0115169125974499,0.0115169125974499,0.030622133199477,-41.06716645639904,0.0,0.0,81.0,27.0,19.0,0.0,0.1523212868809025,0.1523212868809025,-0.0051647820712313,-0.0051647820712313,-0.007676311593223,-0.007676311593223,-39.867241641680266,-0.0514285714285713,0.08962324619164619,0.08322868322868321,0.9669838461896731,True,final,1
challenger:2026-04-13:1317:A,challenger,2026-04-13,2026-04-13,2026-04,A,Roman Safiullin,Luca Van Assche,Clay,Oeiras 3 CH,2026-9514,R16,0.45434836,0.437037037037037,0.3373493975903614,2.75,1.0,bet365_via_sofascore,latest_pre_match_assumed,-0.1664683686123524,-0.1788107385242832,0.0276940156814119,0.1240739528105153,-0.0845728897920258,-79.18696569060717,0.0,0.0,-80.0,-14.0,-6.0,0.0,-0.1848338526930312,0.0234288155646575,-0.0267312285945662,-0.0312205274753341,0.0037380562922791,0.0219185391566502,-117.78054066334812,0.0086124401913876,0.11699896240963858,0.09968763944667558,1.0116009116784799,True,final,1
challenger:2026-04-13:1294:A,challenger,2026-04-13,2026-04-13,2026-04,A,Ryan Dickerson,Carlos Maria Zarate,Clay,Santa Cruz de la Sierra CH,2026-9479,R32,0.40126705,0.3263157894736842,0.3373493975903614,2.75,1.0,bet365_via_sofascore,latest_pre_match_assumed,0.0187131449709291,0.0474790829180173,-0.1512972949730566,-0.1144502652599219,0.0200996151782432,-77.73974375450916,0.0,0.0,-18.0,-11.0,-73.0,0.0,-0.176828538945198,-0.0835177465403995,0.0272754007797273,0.0385928773330384,-0.0089793004328269,-0.0056779603855221,-54.9896731097615,-0.1666666666666666,0.06391765240963859,-0.011033608116677196,1.0116009116784799,True,final,1
challenger:2026-04-13:1190:A,challenger,2026-04-13,2026-04-13,2026-04,A,Saba Purtseladze,Tyler Zink,Clay,Tallahassee CH,2026-0692,R32,0.36587936,0.3076923076923077,0.3373493975903614,2.75,0.0,bet365_via_sofascore,latest_pre_match_assumed,0.0215493390379745,0.0991114593016227,-0.164974794281344,-0.2056460206515857,-0.2290869071661279,-164.4648137851634,-0.0,-0.0,6.0,7.0,10.0,-0.0,-0.4704363896714797,-0.2548519944302186,-0.0270346823770694,-0.0115216690520127,-0.0814733877239681,-0.0462705154834519,-131.06595981239002,-0.0972485768500948,0.028529962409638565,-0.029657089898053712,1.0116009116784799,True,final,0
challenger:2026-04-13:1295:B,challenger,2026-04-13,2026-04-13,2026-04,B,Samuel Alejandro Linde Palacios,Ryan Dickerson,Clay,Santa Cruz de la Sierra CH,2026-9479,Q2,0.35967934,0.38020833333333337,0.3373493975903614,2.75,1.0,bet365_via_sofascore,latest_pre_match_assumed,-0.1791223090041873,-0.1658643814957431,0.0424531031747822,0.0494251510597936,-0.2191448007774538,-57.66937479047715,0.0,0.0,-1.0,-10.0,-69.0,0.0,-0.2219969698476605,-0.2959854274464906,-0.0550373750028011,-0.0534405721603936,-0.0290661662250771,-0.0348348243614529,-61.27444825923453,-0.2424242424242424,0.022329942409638592,0.04285893574297195,1.0116009116784799,True,final,1
challenger:2026-04-13:1244:B,challenger,2026-04-13,2026-04-13,2026-04,B,Sergey Fomin,Fajing Sun,Hard,Wuning 2 CH,2026-3081,SF,0.37380610000000003,0.38020833333333337,0.3373493975903614,2.75,0.0,bet365_via_sofascore,latest_pre_match_assumed,0.0321469316016669,0.0321469316016669,-0.220325606415258,-0.220325606415258,0.2492874059544249,-60.98404569504942,-0.0,-0.0,-24.0,-51.0,-65.0,-0.0,-0.2457089439865959,-0.2457089439865959,-0.0169618941034052,-0.0169618941034052,-0.0140607410537235,-0.0140607410537235,-71.92524331243794,-0.0072948328267477,0.03645670240963861,0.04285893574297195,1.0116009116784799,True,final,0
challenger:2026-04-13:1162:A,challenger,2026-04-13,2026-04-13,2026-04,A,Stefan Kozlov,Kilian Feldbausch,Clay,Tallahassee CH,2026-0692,Q2,0.5105035,0.437037037037037,0.4112149532710279,2.25,1.0,bet365_via_sofascore,latest_pre_match_assumed,-0.1711375860012354,-0.1507715621048088,-0.027982681526676,-0.0248868726969335,0.1010810692071674,5.377876203383721,0.0,0.0,114.0,55.0,94.0,0.0,-0.2330267267184577,-0.1397159343136593,-0.0244891742961691,-0.0011021369063346,-0.0467779888090251,-0.0349681294797198,-16.28351758677718,0.1205197132616487,0.09928854672897208,0.025822083766009085,0.8109302162163288,True,final,1
challenger:2026-04-13:1328:A,challenger,2026-04-13,2026-04-13,2026-04,A,Timofey Skatov,Luca Van Assche,Clay,Oeiras 3 CH,2026-9514,R32,0.3208763,0.2483660130718954,0.3538083538083538,2.63,0.0,bet365_via_sofascore,latest_pre_match_assumed,-0.1286169313926743,-0.1209336732950925,-0.1019165403661694,-0.0397034653681248,-0.4195683530497826,-259.25592630096344,-0.0,-0.0,43.0,-114.0,-71.0,-0.0,-0.3970294151568378,-0.2283785524554198,-0.0187299308441226,-0.021701089852912,-0.0016194744199157,-0.0186746774887979,-94.99591181821596,-0.1089451095550033,-0.03293205380835379,-0.10544234073645839,0.9669838461896731,True,final,0
challenger:2026-04-13:1335:B,challenger,2026-04-13,2026-04-13,2026-04,B,Tom Gentzsch,Alejandro Moro Canas,Clay,Oeiras 3 CH,2026-9514,Q2,0.4545083,0.5535714285714286,0.39232409381663114,2.375,1.0,bet365_via_sofascore,latest_pre_match_assumed,0.0755280588170581,0.0535345621145044,0.2139623538482606,0.1802502530804248,0.2336613805778253,-30.558768201002067,0.0,0.0,-114.0,-53.0,-51.0,0.0,0.1070663338976697,0.2178337437260421,-0.030251164014159,-0.0172421928151084,0.0183888007746514,0.0216338404966589,-20.108858821036392,-0.001058201058201,0.06218420618336884,0.16124733475479747,0.8649974374866045,True,final,1
challenger:2026-04-13:1341:B,challenger,2026-04-13,2026-04-13,2026-04,B,Tom Gentzsch,Henrique Rocha,Clay,Oeiras 3 CH,2026-9514,R32,0.38605579999999995,0.38020833333333337,0.35380835380835374,2.63,0.0,bet365_via_sofascore,latest_pre_match_assumed,-0.0468174183539096,-0.0700396678806153,0.2458058276910292,0.2089391552941379,0.0348692642608283,-37.73370603393869,-0.0,-0.0,-62.0,-213.0,-133.0,-0.0,-0.0348836334247932,0.0758837764035791,-0.0166395178245919,0.0033056069972,0.023287421443528,0.0297529171245219,-75.90583994301596,0.0442822384428223,0.03224744619164621,0.026399979524979633,0.9669838461896731,True,final,0
challenger:2026-04-13:1199:B,challenger,2026-04-13,2026-04-13,2026-04,B,Tung Lin Wu,Alex Bolt,Hard,Busan CH,2026-1741,R16,0.4235519,0.3936170212765957,0.4109947643979057,2.25,0.0,bet365_via_sofascore,latest_pre_match_assumed,0.1360527282428535,0.1360527282428535,-0.0149353016428441,-0.0149353016428441,-0.2589169409206397,-47.54629878997412,-0.0,-0.0,87.0,-212.0,-214.0,-0.0,0.1873896214127489,0.1873896214127489,0.0533511047984073,0.0533511047984073,-0.0019164540735073,-0.0019164540735073,-37.224006148908074,0.006105006105006,0.01255713560209426,-0.01737774312131002,0.8109302162163288,True,final,0
challenger:2026-04-13:1159:B,challenger,2026-04-13,2026-04-13,2026-04,B,Tyler Zink,Mitchell Krueger,Clay,Tallahassee CH,2026-0692,R16,0.32966819999999997,0.3267326732673267,0.4233870967741936,2.2,1.0,bet365_via_sofascore,latest_pre_match_assumed,0.0547967105293673,-0.1143817469174748,0.0131112318756643,0.1147248590231418,0.0283822296483301,-86.31695071806985,0.0,0.0,-145.0,-106.0,-90.0,0.0,0.2301958859943402,-0.2350303474396344,-0.009999040591795,-0.0360230913734025,-0.0065517623413478,-0.0590687830448927,-163.65668352639364,-0.0910861773414368,-0.09371889677419365,-0.09665442350686693,0.7884573603642703,True,final,1
challenger:2026-04-13:1177:B,challenger,2026-04-13,2026-04-13,2026-04,B,Tyler Zink,Clement Tabur,Clay,Tallahassee CH,2026-0692,QF,0.36654323,0.38020833333333337,0.39232409381663114,2.375,0.0,bet365_via_sofascore,latest_pre_match_assumed,-0.1053699885429276,0.0117920332341315,0.012787606817467,0.0401529523010656,0.07355522655993,-120.06747488148562,-0.0,-0.0,-95.0,-114.0,-94.0,-0.0,0.0994610930181166,0.0879326248525445,-0.0193818499964499,-0.0246129523922659,-0.003392374216574,-0.0101141589055422,-30.135325169594353,-0.0740702691596466,-0.02578086381663114,-0.012115760483297766,0.8649974374866045,True,final,0
challenger:2026-04-13:1262:A,challenger,2026-04-13,2026-04-13,2026-04,A,Yaojie Zeng,Leo Vithoontien,Hard,Wuning 2 CH,2026-3081,R32,0.37964526,0.3076923076923077,0.3923240938166311,2.375,0.0,bet365_via_sofascore,latest_pre_match_assumed,-0.0788104451218419,-0.0788104451218419,-0.1037322812121114,-0.1037322812121114,-0.2274445334157894,-17.644142247586842,-0.0,-0.0,-2.0,-22.0,-200.0,-0.0,-0.0925238759988934,-0.0925238759988934,-0.0071429588918613,-0.0071429588918613,-0.0199280186179915,-0.0199280186179915,-19.505970206971146,-0.0743034055727553,-0.012678833816631097,-0.08463178612432337,0.8649974374866045,True,final,0
challenger:2026-04-20:1425:B,challenger,2026-04-20,2026-04-20,2026-04,B,Aidan Mayo,Nicolas Kicker,Clay,Savannah CH,2026-5067,R32,0.3057025,0.24264705882352944,0.39232409381663114,2.375,1.0,bet365_via_sofascore,latest_pre_match_assumed,-0.1367358096948491,-0.1435157361529101,0.0438725073613606,0.0118972706867839,0.1232017703793547,-31.030360720089902,0.0,0.0,-43.0,-151.0,-358.0,0.0,0.2234506850853782,0.037446275728907,-0.0029731686275658,-0.003003976709515,0.014473724381754,-0.015547847223481,-121.29956230315474,-0.0959846605007895,-0.08662159381663115,-0.1496770349931017,0.8649974374866045,True,final,1
challenger:2026-04-20:1445:B,challenger,2026-04-20,2026-04-20,2026-04,B,Aidan Mayo,Andres Andrade,Clay,Savannah CH,2026-5067,R16,0.28084445,0.24264705882352944,0.3549488054607508,2.625,0.0,bet365_via_sofascore,latest_pre_match_assumed,-0.3057669190589557,-0.2656330198294743,0.0550411318201293,-0.0530829229322499,-0.0650264224050921,-153.89613347360432,-0.0,-0.0,31.0,-141.0,-346.0,-0.0,-0.2734550501029884,-0.4344003141199087,-0.0227541183581044,-0.0195153325119438,0.0083140585452656,-0.0318759109472155,-189.63122382191523,-0.0671828171828171,-0.07410435546075078,-0.11230174663722137,0.965080896043587,True,final,0
challenger:2026-04-20:1458:A,challenger,2026-04-20,2026-04-20,2026-04,A,Alan Magadan,Bruno Kuzuhara,Clay,Savannah CH,2026-5067,Q1,0.34424892,0.2483660130718954,0.4112149532710279,2.25,0.0,bet365_via_sofascore,latest_pre_match_assumed,-0.0475688177609858,-0.0634908067312615,0.0048527626816388,0.0565152226577189,0.0477535564712159,-25.92713484962519,-0.0,-0.0,-67.0,-43.0,-265.0,-0.0,-0.2072464551908653,-0.1071932997690228,-0.0068515243741654,0.003438810047382,-0.0373689435898479,-0.0374690744025386,-14.039630538984966,0.067099567099567,-0.0669660332710279,-0.1628489401991325,0.8109302162163288,True,final,0
challenger:2026-04-20:1437:A,challenger,2026-04-20,2026-04-20,2026-04,A,Alex Rybakov,Kilian Feldbausch,Clay,Savannah CH,2026-5067,R32,0.46714482,0.437037037037037,0.3549488054607508,2.625,0.0,bet365_via_sofascore,latest_pre_match_assumed,0.0104673201109485,0.0246584824538784,0.0064280149260376,0.0188451606197642,0.0220736163180769,-52.299187622245654,-0.0,-0.0,97.0,62.0,102.0,-0.0,-0.0974952584293165,-0.0885141170918809,-0.047694027089792,-0.0416643521437488,-0.0148754974838005,-0.0111830802381458,-68.29292133747458,0.042042042042042,0.11219601453924921,0.0820882315762862,0.965080896043587,True,final,0
challenger:2026-04-20:1362:A,challenger,2026-04-20,2026-04-20,2026-04,A,Andrea Guerrieri,Dalibor Svrcina,Clay,Rome CH,2026-2151,F,0.20230362,0.1388888888888889,0.3549488054607508,2.625,1.0,bet365_via_sofascore,latest_pre_match_assumed,-0.0689162387862036,0.0663614555469218,-0.0240718999646599,-0.0111240600020841,0.0856099952960109,-198.2312188512583,0.0,0.0,-143.0,-572.0,-417.0,0.0,-0.0124460428059007,0.0612594876391817,-0.0264338957488327,0.0221287884827418,-0.0074220230291845,-0.0064988408115952,-111.13088549783288,-0.0498357963875204,-0.15264518546075082,-0.2160599165718619,0.965080896043587,True,final,1
challenger:2026-04-20:1348:B,challenger,2026-04-20,2026-04-20,2026-04,B,Andrea Vavassori,Laslo Djere,Clay,Rome CH,2026-2151,R16,0.3980578,0.38020833333333337,0.4233870967741936,2.2,1.0,bet365_via_sofascore,latest_pre_match_assumed,-0.0681330963907629,0.0515935387112341,0.0672985334010842,0.0237383487916423,0.0013749775697391,102.529405259231,0.0,0.0,79.0,-505.0,-238.0,0.0,0.1565530161839607,-0.1758277232345372,-0.0082222074418051,0.0002025290648489,-0.0171592214838172,0.0204205178211704,5.581844380939401,0.0223841749089015,-0.0253292967741936,-0.043178763440860246,0.7884573603642703,True,final,1
challenger:2026-04-20:1446:A,challenger,2026-04-20,2026-04-20,2026-04,A,Andres Andrade,Nishesh Basavareddy,Clay,Savannah CH,2026-5067,QF,0.3331061,0.2483660130718954,0.4112149532710279,2.25,0.0,bet365_via_sofascore,latest_pre_match_assumed,0.221348638203192,0.2109727590683484,-0.1866944786100627,-0.0412434176325361,0.0812628609598276,-105.6351468692278,-0.0,-0.0,25.0,-149.0,-105.0,-0.0,-0.159890062395721,-0.0090393931546746,-0.0193512537089833,-0.0003381389847794,-0.0554063965415631,-0.0227340717410307,75.38433870384688,-0.1424466338259441,-0.0781088532710279,-0.1628489401991325,0.8109302162163288,True,final,0
challenger:2026-04-20:1451:B,challenger,2026-04-20,2026-04-20,2026-04,B,Andrew Johnson,Garrett Johns,Clay,Savannah CH,2026-5067,Q1,0.10959302999999998,0.08333333333333337,0.4112149532710281,2.25,1.0,bet365_via_sofascore,latest_pre_match_assumed,0.1211249048333185,0.1086615992560106,-0.0193549436253009,-0.0214260791136631,-0.2622862029324662,-45.97330892945138,0.0,0.0,-95.0,-177.0,-1396.0,0.0,-0.1126010123867804,-0.1126010123867804,0.1080009075170819,0.105502844934337,-0.1208490566529555,-0.1239947438012012,-34.94577087880657,-0.4736842105263157,-0.3016219232710281,-0.3278816199376947,0.8109302162163288,True,final,1
challenger:2026-04-20:1533:B,challenger,2026-04-20,2026-04-20,2026-04,B,Antoine Ghibaudo,Mili Poljicak,Clay,Shymkent 1 CH,2026-7736,R32,0.46393585000000004,0.5535714285714286,0.3549488054607508,2.625,1.0,bet365_via_sofascore,latest_pre_match_assumed,0.0072360336291415,0.0072360336291415,-0.0965630451002267,-0.0965630451002267,0.0837927888016684,-26.06719360335046,0.0,0.0,-1.0,17.0,40.0,0.0,-0.2542785352120752,-0.8592455774620354,-0.0281846884621441,-0.0281846884621441,0.0007569508849286,0.0007569508849286,-181.75003789524297,0.1084063615709185,0.10898704453924923,0.1986226231106778,0.965080896043587,True,final,1
challenger:2026-04-20:1471:B,challenger,2026-04-20,2026-04-20,2026-04,B,Beibit Zhukayev,Liam Broady,Hard,Gwangju CH,2026-7490,R32,0.35528857,0.3267326732673267,0.3549488054607508,2.625,0.0,bet365_via_sofascore,latest_pre_match_assumed,-0.180805548091586,-0.1956387637117766,0.0723741035187078,0.0613297950081015,-0.2722745940487336,-176.40411244925644,-0.0,-0.0,8.0,19.0,27.0,-0.0,-0.4478419574241414,-0.6565880157756456,-0.0710558491076243,-0.0892202293672074,-0.0363143280367216,-0.0293756457598199,-203.48816955392567,-0.1341977115884444,0.000339764539249221,-0.028216132193424115,0.965080896043587,True,final,0
challenger:2026-04-20:1428:B,challenger,2026-04-20,2026-04-20,2026-04,B,Braden Shick,Mitchell Krueger,Clay,Savannah CH,2026-5067,R16,0.22467923,0.24264705882352944,0.3373493975903614,2.75,0.0,bet365_via_sofascore,latest_pre_match_assumed,-0.0968207452843438,-0.2117499030324773,0.1486180625954771,0.2000276855129004,-0.2311703758419628,-154.6103779990815,-0.0,-0.0,-198.0,-236.0,-483.0,-0.0,0.0262384163858755,-0.012694738069467,-0.016885511005991,-0.0338494236701241,-0.0222779414686491,-0.0220540456872818,-126.57375473736693,-0.1626794258373205,-0.11267016759036141,-0.09470233876683198,1.0116009116784799,True,final,0
challenger:2026-04-20:1436:B,challenger,2026-04-20,2026-04-20,2026-04,B,Braden Shick,Strong Kirchheimer,Clay,Savannah CH,2026-5067,Q1,0.5448444,0.562962962962963,0.3549488054607508,2.625,1.0,bet365_via_sofascore,latest_pre_match_assumed,-0.1149705651522144,-0.1141344499708872,0.0750914534468411,0.1182431287551035,-0.2631215592874239,18.919242404162787,0.0,0.0,-156.0,1.0,7.0,0.0,-0.1099036287215725,0.1019697691325015,0.0102412442233271,0.0185954595546098,-0.0180136729910861,-0.0195880484065448,45.341119679747635,-0.0555253130103429,0.1898955945392492,0.2080141575022122,0.965080896043587,True,final,1
challenger:2026-04-20:1442:B,challenger,2026-04-20,2026-04-20,2026-04,B,Braden Shick,Nick Hardt,Clay,Savannah CH,2026-5067,Q2,0.4043778,0.38020833333333337,0.3549488054607508,2.625,0.0,bet365_via_sofascore,latest_pre_match_assumed,-0.1537108138715662,-0.1033927160025975,0.1282487255505185,0.1479844344992797,0.0777112195026327,-50.61328828892488,-0.0,-0.0,-125.0,-12.0,-82.0,-0.0,0.2448674380372778,0.2993713018791314,-0.0062126732422388,-0.0185757947937739,0.0037966269665751,-0.0107074920689147,-16.19850911932963,-0.106951871657754,0.049428994539249205,0.025259527872582566,0.965080896043587,True,final,0
challenger:2026-04-20:1452:B,challenger,2026-04-20,2026-04-20,2026-04,B,Bruno Kuzuhara,Tyler Zink,Clay,Savannah CH,2026-5067,Q2,0.37350720000000004,0.38020833333333337,0.39232409381663114,2.375,0.0,bet365_via_sofascore,latest_pre_match_assumed,0.0510917403572202,0.053303498925752,-0.0214926798663581,-0.0386123056060582,-0.2357243461066562,-90.86572265303926,-0.0,-0.0,21.0,-101.0,-237.0,-0.0,-0.1365476813559646,-0.0423953830018482,-0.0129847758969287,-0.0168471891868376,-0.0054834340091356,0.0152643099064291,-10.127466023555144,-0.0535956580732699,-0.018816893816631097,-0.012115760483297766,0.8649974374866045,True,final,0
challenger:2026-04-20:1396:A,challenger,2026-04-20,2026-04-20,2026-04,A,Calvin Hemery,Maks Kasnikowski,Hard,Abidjan 1 CH,2026-2995,R16,0.53629744,0.4464285714285714,0.4112149532710279,2.25,1.0,bet365_via_sofascore,latest_pre_match_assumed,-0.0935860745733049,-0.1642122762970021,0.1238415584984344,0.0669666506782931,-0.0754802026177867,-38.62296857919023,0.0,0.0,74.0,95.0,150.0,0.0,-0.1177364885530499,-0.2513964864403344,-0.0300510322347964,-0.0447018926871444,0.0058944984004354,-0.0209107014541155,-66.07538895048447,0.0193288664626244,0.1250824867289721,0.03521361815754348,0.8109302162163288,True,final,1
challenger:2026-04-20:1349:B,challenger,2026-04-20,2026-04-20,2026-04,B,Carlo Alberto Caniato ,Laslo Djere,Clay,Rome CH,2026-2151,R32,0.22447879999999998,0.24264705882352944,0.3549488054607508,2.625,0.0,bet365_via_sofascore,latest_pre_match_assumed,-0.0913106011459338,-0.0776684552204666,-0.1040994383604738,-0.0192834717433695,-0.2322630719580188,-168.39446333395722,-0.0,-0.0,-10.0,-532.0,-302.0,-0.0,-0.0076339701368203,-0.1791956714307955,-0.0221575974261422,-0.039533832666031,-0.0009399395940999,0.0298901809563764,-163.76262514319387,-0.2549019607843137,-0.13047000546075083,-0.11230174663722137,0.965080896043587,True,final,0
challenger:2026-04-20:1371:A,challenger,2026-04-20,2026-04-20,2026-04,A,Cezar Cretu,Marko Topo,Clay,Rome CH,2026-2151,R32,0.30222872,0.2483660130718954,0.4233870967741935,2.2,1.0,bet365_via_sofascore,latest_pre_match_assumed,0.1584662144311309,0.1239982834571709,-0.3179793340776906,-0.2842448543535493,0.2098364658270562,-153.92685653084027,0.0,0.0,-47.0,-108.0,-149.0,0.0,-0.2560802635450356,-0.2060509104063672,0.0395430082439299,0.0094525621663458,-0.0678919914503097,-0.0371346468244649,-105.33342887764888,-0.0156288156288156,-0.1211583767741935,-0.1750210837022981,0.7884573603642703,True,final,1
challenger:2026-04-20:1493:A,challenger,2026-04-20,2026-04-20,2026-04,A,Clement Chidekh,Coleman Wong,Hard,Gwangju CH,2026-7490,R32,0.4547927,0.437037037037037,0.3923240938166311,2.375,1.0,bet365_via_sofascore,latest_pre_match_assumed,0.0398113172739722,0.0398113172739722,-0.0461521387532743,-0.0461521387532743,0.0909903181242175,12.378840017576522,0.0,0.0,-11.0,-186.0,-98.0,0.0,-0.0280199530922746,-0.0280199530922746,0.0399603215492855,0.0399603215492855,-0.0074622749889964,-0.0074622749889964,37.96595523247447,0.0246819338422391,0.06246860618336891,0.04471294322040592,0.8649974374866045,True,final,1
challenger:2026-04-20:1360:A,challenger,2026-04-20,2026-04-20,2026-04,A,Dan Added,Arthur Fery,Clay,Rome CH,2026-2151,R32,0.33991846,0.2483660130718954,0.3373493975903614,2.75,0.0,bet365_via_sofascore,latest_pre_match_assumed,-0.0149799452394769,-0.0382979407754442,0.0092180740638764,-0.040235706453972,-0.0666741235240264,-145.65339476520307,-0.0,-0.0,61.0,-20.0,-12.0,-0.0,-0.2089538401599459,-0.1671483912890154,-0.0277410265581828,0.0037590944247054,-0.0347015717973702,-0.043368726133666,-100.49438849032072,-0.1805668016194331,0.002569062409638556,-0.08898338451846602,1.0116009116784799,True,final,0
challenger:2026-04-20:1434:A,challenger,2026-04-20,2026-04-20,2026-04,A,Daniel Elahi Galan,Nishesh Basavareddy,Clay,Savannah CH,2026-5067,SF,0.44600537,0.437037037037037,0.375,2.5,0.0,bet365_via_sofascore,latest_pre_match_assumed,0.1243480820693197,0.1434391903082295,-0.1606184102925356,-0.0206208618801951,-0.0633882542853003,-174.37383308126914,-0.0,-0.0,89.0,56.0,15.0,-0.0,-0.6281609222398369,-0.518506965849903,-0.057830801883587,-0.0380605555556536,-0.0541010847794293,-0.0267665450987488,57.56946178053204,-0.0815700104493207,0.07100537000000001,0.062037037037037,0.9162907318741551,True,final,0
challenger:2026-04-20:1435:A,challenger,2026-04-20,2026-04-20,2026-04,A,Daniel Elahi Galan,Hynek Barton,Clay,Savannah CH,2026-5067,R32,0.4849356,0.437037037037037,0.4233870967741935,2.2,1.0,bet365_via_sofascore,latest_pre_match_assumed,0.1545426804931324,0.1321966760129744,-0.2218295629464364,-0.1524947873950247,-0.1756598100191362,-78.41613754050809,0.0,0.0,40.0,230.0,152.0,0.0,-0.5443543314862588,-0.5673510255682739,-0.0190121833825679,-0.025161130472445,-0.031494956483168,-0.0266684789745398,-74.73731668511391,0.0010026737967914,0.06154850322580652,0.013649940262843496,0.7884573603642703,True,final,1
challenger:2026-04-20:1524:B,challenger,2026-04-20,2026-04-20,2026-04,B,Daniil Ostapenkov,Buvaysar Gadamauri,Clay,Shymkent 1 CH,2026-7736,R16,0.29746556,0.24264705882352944,0.3373493975903614,2.75,1.0,bet365_via_sofascore,latest_pre_match_assumed,-0.2304727494694237,-0.0397883974606199,-0.2413069407777242,-0.1077939889111274,0.0920711359530064,-120.46170532097813,0.0,0.0,-66.0,-65.0,-295.0,0.0,-0.0160737208165524,-0.1280890822579778,-0.0133836278668426,-0.0275509751676479,-0.0071493353567848,0.0177059343717413,-77.88672135699107,-0.0444444444444444,-0.039883837590361404,-0.09470233876683198,1.0116009116784799,True,final,1
challenger:2026-04-20:1528:B,challenger,2026-04-20,2026-04-20,2026-04,B,Daniil Ostapenkov,Giuseppe La Vela,Clay,Shymkent 1 CH,2026-7736,Q2,0.56858233,0.5862068965517242,0.3549488054607508,2.625,1.0,bet365_via_sofascore,latest_pre_match_assumed,-0.0372911420443473,-0.0372911420443473,0.0224255601371062,0.0224255601371062,0.0,36.6937325501292,0.0,0.0,3.0,-10.0,-70.0,0.0,0.2371307790445476,0.1884391972983283,0.0369671647242016,0.0369671647242016,0.0484258279469608,0.0484258279469608,26.77362815791253,0.2222222222222222,0.21363352453924922,0.2312580910909734,0.965080896043587,True,final,1
challenger:2026-04-20:1531:A,challenger,2026-04-20,2026-04-20,2026-04,A,Daniil Ostapenkov,Samuele Pieri,Clay,Shymkent 1 CH,2026-7736,R32,0.45370975,0.437037037037037,0.3549488054607508,2.625,1.0,bet365_via_sofascore,latest_pre_match_assumed,-0.1070869407189026,-0.1070869407189026,-0.0122985222532204,-0.0122985222532204,0.0681486656694482,25.182195717575496,0.0,0.0,-6.0,-38.0,-213.0,0.0,0.1024792855647573,0.0537877038185381,-0.038702990258557,-0.038702990258557,0.0304310198051273,0.0304310198051273,9.151983015866335,0.1555555555555555,0.09876094453924922,0.0820882315762862,0.965080896043587,True,final,1
challenger:2026-04-20:1350:A,challenger,2026-04-20,2026-04-20,2026-04,A,David Jorda Sanchis,Philip Henning,Clay,Rome CH,2026-2151,Q1,0.44187212,0.437037037037037,0.4112149532710279,2.25,1.0,bet365_via_sofascore,latest_pre_match_assumed,-0.0306825299808782,0.0263781381551282,-0.0129936963872747,-0.020795618302965,0.2776520173032573,6.185779022820952,0.0,0.0,106.0,-33.0,-67.0,0.0,-0.1883845945766729,-0.1664709790755439,-0.0364179130973848,-0.0160861122314125,-0.0551217783411615,-0.0538980354402816,107.39171239933172,0.0079831932773109,0.030657166728972063,0.025822083766009085,0.8109302162163288,True,final,1
challenger:2026-04-20:1503:A,challenger,2026-04-20,2026-04-20,2026-04,A,Denis Yevseyev,Dali Blanch,Clay,Shymkent 1 CH,2026-7736,R32,0.48207027,0.437037037037037,0.3373493975903614,2.75,0.0,bet365_via_sofascore,latest_pre_match_assumed,-0.1423473701267616,-0.1393915843304001,-0.0781113916549574,-0.1290575196906189,0.1101843904251034,-56.065940955325686,-0.0,-0.0,206.0,33.0,88.0,-0.0,-0.2900701615772442,-0.3333293256858924,0.0209544595346355,0.0167419116877856,0.0164855319483024,0.0015123849210962,-179.55265938571938,-0.0288353863381859,0.1447208724096386,0.09968763944667558,1.0116009116784799,True,final,0
challenger:2026-04-20:1432:A,challenger,2026-04-20,2026-04-20,2026-04,A,Dmitry Popko,Kilian Feldbausch,Clay,Savannah CH,2026-5067,Q1,0.46217433,0.437037037037037,0.3549488054607508,2.625,0.0,bet365_via_sofascore,latest_pre_match_assumed,-0.0840230232107712,-0.0885863330666274,0.0652953557353488,-0.0323287497388496,-0.10734346978244,-59.37095275352499,-0.0,-0.0,182.0,128.0,160.0,-0.0,-0.2426265314440781,-0.2993325540692875,-0.0487986430616579,-0.0414001469961982,-0.0392639535801405,-0.0549212530812111,-109.4303701020974,0.0021114864864865,0.10722552453924922,0.0820882315762862,0.965080896043587,True,final,0
challenger:2026-04-20:1513:A,challenger,2026-04-20,2026-04-20,2026-04,A,Ergi Kirkin,Gilles Arnaud Bailly,Clay,Shymkent 1 CH,2026-7736,R32,0.3416134,0.2483660130718954,0.3549488054607508,2.625,0.0,bet365_via_sofascore,latest_pre_match_assumed,0.1642754274135073,0.2584183590052452,-0.0204320795879989,-0.0725527195688433,0.0973381363466764,-14.23211542785566,-0.0,-0.0,136.0,-211.0,-344.0,-0.0,0.2628831589239743,-0.1225290032451478,0.0374711406355942,-0.0030217901959881,-0.0064280059153275,-0.0304310250032677,-55.17826169975092,0.0840493672863614,-0.013335405460750793,-0.1065827923888554,0.965080896043587,True,final,0
challenger:2026-04-20:1382:A,challenger,2026-04-20,2026-04-20,2026-04,A,Fabrizio Andaloro,Jacopo Vasami,Clay,Rome CH,2026-2151,Q1,0.5688443,0.6063829787234043,0.3923240938166311,2.375,0.0,bet365_via_sofascore,latest_pre_match_assumed,0.1280785993966004,0.0412556118147606,-0.0591352416723691,-0.0386530232657763,-0.2951238124590586,-33.851826343088305,-0.0,-0.0,9.0,129.0,371.0,-0.0,-0.0173816601423488,-0.29204143081981,0.0393734092545536,0.0271081106667941,-0.059045743624119,-0.0594959721489438,-134.43640099317986,-0.0151515151515151,0.1765202061833689,0.21405888490677322,0.8649974374866045,True,final,0
challenger:2026-04-20:1359:B,challenger,2026-04-20,2026-04-20,2026-04,B,Filip Cristian Jianu,Remy Bertola,Clay,Rome CH,2026-2151,R32,0.4555211,0.5535714285714286,0.4233870967741936,2.2,1.0,bet365_via_sofascore,latest_pre_match_assumed,-0.0391414966742423,-0.1139586580134894,-0.0412020561021385,-0.0326780446881108,0.3754278248661472,-68.95785018576635,0.0,0.0,53.0,-22.0,-23.0,0.0,-0.1125039435393311,-0.0183516451852145,-0.0158086386921224,-0.0215246352018854,0.0074986083451048,0.0299977479832577,45.825421230250186,-0.0413576142002148,0.032134003225806396,0.130184331797235,0.7884573603642703,True,final,1
challenger:2026-04-20:1346:B,challenger,2026-04-20,2026-04-20,2026-04,B,Filippo Romano,Kimmer Coppejans,Clay,Rome CH,2026-2151,R32,0.2867906,0.24264705882352944,0.3373493975903614,2.75,1.0,bet365_via_sofascore,latest_pre_match_assumed,-0.0462388308577082,-0.03660459400434,0.110805332117714,0.0887901087117042,0.0754747378944487,-94.88360432824128,0.0,0.0,-183.0,-174.0,-339.0,0.0,0.0795030214686607,-0.0146492768854556,-0.0441061273021087,-0.0307938693378447,0.0145221285333544,0.0048395955420071,-180.60609635756668,-0.1130932896890343,-0.050558797590361415,-0.09470233876683198,1.0116009116784799,True,final,1
challenger:2026-04-20:1388:A,challenger,2026-04-20,2026-04-20,2026-04,A,Filippo Romano,Michele Ribecai,Clay,Rome CH,2026-2151,Q2,0.36063647,0.3076923076923077,0.3549488054607508,2.625,1.0,bet365_via_sofascore,latest_pre_match_assumed,-0.137214503446019,-0.1481598189265262,0.1983814866812251,0.1985094156723353,0.2131915143103792,-2.2380346296151856,0.0,0.0,24.0,-44.0,-149.0,0.0,0.0836874874931787,-0.027104341146756,-0.0150017452650296,-0.020292138151144,-0.0017805185399137,-0.0123656527599422,-69.32591047966389,-0.1483516483516483,0.005687664539249182,-0.047256497768443095,0.965080896043587,True,final,1
challenger:2026-04-20:1393:B,challenger,2026-04-20,2026-04-20,2026-04,B,Florent Bax,Calvin Hemery,Hard,Abidjan 1 CH,2026-2995,QF,0.3893685,0.38020833333333337,0.4233870967741936,2.2,0.0,bet365_via_sofascore,latest_pre_match_assumed,-0.0349725036425846,0.015918524054886,-0.1194603979786851,-0.0304441397065232,-0.119820956982719,-108.07862226214412,-0.0,-0.0,-177.0,-24.0,-24.0,-0.0,-0.2125799588094237,0.0801861068010399,-0.0244414293747431,-0.0101933933178286,-0.0401446349317689,-0.0430783963269444,-33.26227272067604,-0.1041366041366041,-0.03401859677419361,-0.043178763440860246,0.7884573603642703,True,final,0
challenger:2026-04-20:1407:A,challenger,2026-04-20,2026-04-20,2026-04,A,Hamish Stewart,Eliakim Coulibaly,Hard,Abidjan 1 CH,2026-2995,R32,0.58568025,0.6197916666666666,0.3923240938166311,2.375,1.0,bet365_via_sofascore,latest_pre_match_assumed,-0.0491196592049028,-0.160691098824251,-0.0494870523119386,-0.1259281111655086,-0.1761627508044764,38.151955831919395,0.0,0.0,-39.0,-18.0,-24.0,0.0,0.2259712134688788,0.2095826856919649,-0.0048121923036059,-0.0099772481368386,0.0396147087565882,0.0351987121395483,22.593543194295535,0.0675675675675675,0.19335615618336893,0.22746757285003555,0.8649974374866045,True,final,1
challenger:2026-04-20:1368:A,challenger,2026-04-20,2026-04-20,2026-04,A,Henri Squire,Stefanos Sakellaridis,Clay,Rome CH,2026-2151,R32,0.4918987,0.437037037037037,0.375,2.5,0.0,bet365_via_sofascore,latest_pre_match_assumed,-0.0619099001106687,0.0968218447434057,-0.2115425641150928,-0.2820060336108423,0.0986753978560528,-13.871034815102805,-0.0,-0.0,132.0,8.0,4.0,-0.0,-0.2964517441850034,-0.2192189557823199,-0.0270574287280674,-0.0037021309049415,-0.0069151572134568,-0.0297004617792859,73.99412932439486,0.0216330754447345,0.11689870000000002,0.062037037037037,0.9162907318741551,True,final,0
challenger:2026-04-20:1466:A,challenger,2026-04-20,2026-04-20,2026-04,A,Hiroki Moriya,Beibit Zhukayev,Hard,Gwangju CH,2026-7490,Q2,0.3676676,0.3076923076923077,0.3373493975903614,2.75,0.0,bet365_via_sofascore,latest_pre_match_assumed,0.0490317092953392,0.0638649249155298,-0.099034057841819,-0.0879897493312127,0.2118964200916582,-19.14077623033631,-0.0,-0.0,43.0,-99.0,-191.0,-0.0,0.0228954563106755,0.2316415146621798,0.0021221646619798,0.020286544921563,-0.0331027095834276,-0.0400413918603292,11.699233044235598,-0.0635433620088351,0.03031820240963856,-0.029657089898053712,1.0116009116784799,True,final,0
challenger:2026-04-20:1467:A,challenger,2026-04-20,2026-04-20,2026-04,A,Hiroki Moriya,Philip Sekulic,Hard,Gwangju CH,2026-7490,Q1,0.5117078,0.437037037037037,0.375,2.5,1.0,bet365_via_sofascore,latest_pre_match_assumed,-0.0507125703214309,-0.0507125703214309,-0.0664263117816327,-0.0664263117816327,0.0492599514767326,40.678409209349866,0.0,0.0,108.0,14.0,51.0,0.0,0.214644250865448,0.214644250865448,0.0272034694876244,0.0272034694876244,-0.061314295481805,-0.061314295481805,36.099029861115014,-0.036279401282965,0.13670780000000005,0.062037037037037,0.9162907318741551,True,final,1
challenger:2026-04-20:1468:B,challenger,2026-04-20,2026-04-20,2026-04,B,Ilia Simakin,Alex Bolt,Hard,Gwangju CH,2026-7490,R32,0.42577529999999997,0.3936170212765957,0.4112149532710281,2.25,1.0,bet365_via_sofascore,latest_pre_match_assumed,0.137240071395831,0.137240071395831,-0.0111437030175987,-0.0111437030175987,0.0529915711586348,-16.396818875160307,0.0,0.0,-68.0,-140.0,-102.0,0.0,-0.1030649365101122,-0.1030649365101122,0.0209837183853068,0.0209837183853068,-0.0083567433962258,-0.0083567433962258,-15.120511598515805,0.1448974706774115,0.014560346728971885,-0.01759793199443238,0.8109302162163288,True,final,1
challenger:2026-04-20:1423:B,challenger,2026-04-20,2026-04-20,2026-04,B,Jack Kennedy,Kei Nishikori,Clay,Savannah CH,2026-5067,R16,0.17365043999999996,0.1785714285714286,0.3373493975903614,2.75,1.0,bet365_via_sofascore,latest_pre_match_assumed,-0.0531093006700453,-0.0188161695562368,-0.0174904918173807,-0.1325897779122881,-0.3105349373087616,-225.6900220686125,0.0,0.0,-27.0,-379.0,-822.0,0.0,-0.0322527817259438,-0.0917045223479911,-0.0071725361197076,-0.0552549700705309,-0.0480763547658131,-0.0286162208597935,-42.90269080702046,-0.3055555555555556,-0.16369895759036146,-0.15877796901893282,1.0116009116784799,True,final,1
challenger:2026-04-20:1459:B,challenger,2026-04-20,2026-04-20,2026-04,B,Jack Kennedy,Sascha Gueymard Wayenburg,Clay,Savannah CH,2026-5067,R32,0.24421674000000004,0.24264705882352944,0.4233870967741936,2.2,1.0,bet365_via_sofascore,latest_pre_match_assumed,-0.0108882897412064,-0.011208419061647,0.0267691239761337,0.0634076081593037,-0.1995792619131154,-104.90759473999536,0.0,0.0,-99.0,-279.0,-779.0,0.0,0.0734305841385892,-0.0182609238357399,-0.0062998620608524,-0.0231890269977658,-0.0434941410195675,-0.0292399985909167,-26.921813041114778,0.0,-0.17917035677419357,-0.18074003795066418,0.7884573603642703,True,final,1
challenger:2026-04-20:1460:B,challenger,2026-04-20,2026-04-20,2026-04,B,Jack Kennedy,Kilian Feldbausch,Clay,Savannah CH,2026-5067,SF,0.20536065000000003,0.24264705882352944,0.4112149532710281,2.25,1.0,bet365_via_sofascore,latest_pre_match_assumed,-0.02685100598845,-0.044732805198516,0.0620908279299595,0.0499680786696408,-0.0728208547761377,-73.1020027951256,0.0,0.0,-65.0,-109.0,-595.0,0.0,-0.0422347387740401,-0.0545047811957525,-0.0518208489815211,-0.0526246395901826,-0.0585702731383851,-0.0597829687635114,-96.83828869638546,-0.069069069069069,-0.20585430327102805,-0.16856789444749865,0.8109302162163288,True,final,1
challenger:2026-04-20:1461:B,challenger,2026-04-20,2026-04-20,2026-04,B,Jack Kennedy,Nishesh Basavareddy,Clay,Savannah CH,2026-5067,F,0.18650370000000005,0.1785714285714286,0.3373493975903614,2.75,0.0,bet365_via_sofascore,latest_pre_match_assumed,0.0898712040118633,0.1060507866048977,-0.1329262144749126,-0.0383673218350832,-0.0911569649731652,-247.82535241747405,-0.0,-0.0,-78.0,-331.0,-811.0,-0.0,-0.2828302410073163,-0.1281716101858672,-0.0321447214217431,-0.0118138488023317,-0.0817512362552699,-0.0606255140445222,-34.07638303798444,-0.2337164750957854,-0.15084569759036137,-0.15877796901893282,1.0116009116784799,True,final,0
challenger:2026-04-20:1347:B,challenger,2026-04-20,2026-04-20,2026-04,B,Jacopo Vasami,Frederico Ferreira Silva,Clay,Rome CH,2026-2151,R32,0.26871645,0.24264705882352944,0.4112149532710281,2.25,1.0,bet365_via_sofascore,latest_pre_match_assumed,-0.1574575236902763,-0.0775393696962046,-0.0168505376555843,-0.0291263598492423,0.1582239321743028,-151.3649383190209,0.0,0.0,-208.0,-151.0,-398.0,0.0,-0.0508931342454684,0.0214117867871734,-0.0557584161982198,-0.0374305870698051,-0.0154750799851662,-0.016386425353102,-6.31657970734409,-0.0043103448275861,-0.1424985032710281,-0.16856789444749865,0.8109302162163288,True,final,1
challenger:2026-04-20:1375:B,challenger,2026-04-20,2026-04-20,2026-04,B,Jacopo Vasami,Dalibor Svrcina,Clay,Rome CH,2026-2151,SF,0.17716330000000002,0.1785714285714286,0.3549488054607508,2.625,0.0,bet365_via_sofascore,latest_pre_match_assumed,-0.2271254302007358,-0.0530830145985889,0.0863648240800059,0.0840094382417238,0.1864860383246043,-258.9295920549796,-0.0,-0.0,-179.0,-604.0,-568.0,-0.0,-0.1561921037643844,-0.0101816522866601,-0.1066009993778656,-0.0551590119538914,0.0093225024774852,0.0118908169934465,-110.19615828310384,-0.0665024630541871,-0.17778550546075078,-0.1763773768893222,0.965080896043587,True,final,0
challenger:2026-04-20:1383:B,challenger,2026-04-20,2026-04-20,2026-04,B,Jacopo Vasami,Stefanos Sakellaridis,Clay,Rome CH,2026-2151,QF,0.2532211,0.24264705882352944,0.4112149532710281,2.25,1.0,bet365_via_sofascore,latest_pre_match_assumed,-0.1583124425725905,0.0244888915861503,-0.0383283300285287,-0.0382912839406069,0.163102051894311,-123.8291379864488,0.0,0.0,-67.0,-136.0,-381.0,0.0,-0.1135228737866539,-0.101092228336916,-0.0296246713106502,-0.0079998217381903,-0.0151229268230055,-0.0345094123408699,-28.97081277919733,-0.0164835164835165,-0.1579938532710281,-0.16856789444749865,0.8109302162163288,True,final,1
challenger:2026-04-20:1387:B,challenger,2026-04-20,2026-04-20,2026-04,B,Jacopo Vasami,Gianluca Cadenasso ,Clay,Rome CH,2026-2151,R16,0.22380429999999996,0.24264705882352944,0.39232409381663114,2.375,1.0,bet365_via_sofascore,latest_pre_match_assumed,-0.1314859972113865,-0.0690803651145557,0.1652510894215464,0.1554033943373379,0.0379709563627438,-112.66665389015998,0.0,0.0,-17.0,-115.0,-351.0,0.0,-0.2246262079135444,-0.1523212868809025,-0.0784166062975263,-0.0626228861242175,-0.0271428343786842,-0.0321878585597786,-76.84134254679975,-0.0609756097560976,-0.16851979381663118,-0.1496770349931017,0.8649974374866045,True,final,1
challenger:2026-04-20:1372:B,challenger,2026-04-20,2026-04-20,2026-04,B,Jamie Mackenzie,Cezar Cretu,Clay,Rome CH,2026-2151,Q1,0.30587834,0.24264705882352944,0.375,2.5,0.0,bet365_via_sofascore,latest_pre_match_assumed,-0.1559058655745712,-0.1559058655745712,0.0073296030594687,0.0096167985131772,-0.4026963773219233,-42.7632712061918,-0.0,-0.0,-62.0,-114.0,-711.0,-0.0,-0.0367873787497943,-0.0407271561678527,-0.0477898238872153,-0.0478642351267217,0.0600037841297793,0.0606170551151686,-52.18348566951954,-0.1392857142857142,-0.06912165999999997,-0.13235294117647056,0.9162907318741551,True,final,0
challenger:2026-04-20:1465:A,challenger,2026-04-20,2026-04-20,2026-04,A,Jason Jung,Hyeon Chung,Hard,Gwangju CH,2026-7490,R32,0.422846,0.3636363636363636,0.4233870967741935,2.2,0.0,bet365_via_sofascore,latest_pre_match_assumed,0.0938778474322051,0.0938778474322051,0.0491211399458739,0.0491211399458739,0.2410954246736523,131.41522089937962,-0.0,-0.0,71.0,-121.0,-709.0,-0.0,-0.1066841815751937,-0.1066841815751937,-0.0274152112892325,-0.0274152112892325,0.0199518107077381,0.0199518107077381,112.8827643830125,0.1256296296296296,-0.0005410967741935058,-0.059750733137829914,0.7884573603642703,True,final,0
challenger:2026-04-20:1506:A,challenger,2026-04-20,2026-04-20,2026-04,A,Jelle Sels,Antoine Ghibaudo,Clay,Shymkent 1 CH,2026-7736,QF,0.42303935,0.3636363636363636,0.3923240938166311,2.375,0.0,bet365_via_sofascore,latest_pre_match_assumed,-0.0690992449540173,-0.0376204473046471,-0.1146782453347873,-0.0462152740219949,-0.3040616868234455,-129.48294979441926,-0.0,-0.0,136.0,7.0,14.0,-0.0,-0.4113286627566688,0.2554547265724546,3.909892117237579e-05,-0.0305604450011072,-0.0337659167437131,-0.0570400511478925,7.338077285257668,-0.0827941528876108,0.0307152561833689,-0.02868773018026749,0.8649974374866045,True,final,0
challenger:2026-04-20:1416:A,challenger,2026-04-20,2026-04-20,2026-04,A,Jeremy Schifris,Aditya Vishal Balsekar,Hard,Abidjan 1 CH,2026-2995,Q2,0.50557715,0.437037037037037,0.4233870967741935,2.2,1.0,bet365_via_sofascore,latest_pre_match_assumed,0.2242459823887811,0.2242459823887811,0.0138856751920315,0.0138856751920315,0.0,-7.861799736171406,0.0,0.0,-4.0,0.0,-28.0,0.0,-0.3218970764728321,0.1781029235271678,-0.0035374279326098,-0.0035374279326098,0.0846508812787782,0.0846508812787782,21.489795391978532,-0.3333333333333333,0.08219005322580653,0.013649940262843496,0.7884573603642703,True,final,1
challenger:2026-04-20:1475:A,challenger,2026-04-20,2026-04-20,2026-04,A,Kaichi Uchida,James Mccabe,Hard,Gwangju CH,2026-7490,R32,0.29967713,0.2483660130718954,0.3373493975903614,2.75,0.0,bet365_via_sofascore,latest_pre_match_assumed,0.2097713281496291,0.2097713281496291,-0.0075965360097464,-0.0075965360097464,-0.1320091041044393,-162.96213390666185,-0.0,-0.0,56.0,-93.0,-59.0,-0.0,-0.2236253922028837,-0.2236253922028837,0.0002232142681461,0.0002232142681461,-0.0520050318139531,-0.0520050318139531,-136.99145813607856,-0.1397504456327986,-0.03767226759036141,-0.08898338451846602,1.0116009116784799,True,final,0
challenger:2026-04-20:1450:B,challenger,2026-04-20,2026-04-20,2026-04,B,Kilian Feldbausch,Liam Draxl,Clay,Savannah CH,2026-5067,R16,0.35676209999999997,0.33333333333333337,0.4112149532710281,2.25,1.0,bet365_via_sofascore,latest_pre_match_assumed,0.0654959492720226,0.0389289229010839,-0.1268445458704337,-0.1704726642274724,-0.5347320340606915,-107.5388280634379,0.0,0.0,-69.0,-334.0,-250.0,0.0,0.0319778354194506,-0.0474436301331661,0.0267517080666027,0.0288174299543162,0.0172589292088116,0.0232400613880461,-33.854485353878545,-0.1228501228501228,-0.05445285327102811,-0.07788161993769471,0.8109302162163288,True,final,1
challenger:2026-04-20:1343:B,challenger,2026-04-20,2026-04-20,2026-04,B,Lorenzo Carboni,Norbert Gombos,Clay,Rome CH,2026-2151,Q1,0.35992884999999997,0.38020833333333337,0.4233870967741936,2.2,1.0,bet365_via_sofascore,latest_pre_match_assumed,0.0012297736274581,-0.0275210049264054,-0.1001796962948065,-0.121011587081014,-0.0049008914981906,-91.32295399858094,0.0,0.0,-161.0,-67.0,-128.0,0.0,-0.1233746698152856,-0.1197273112629084,0.0101627047717527,-0.0004504789401896,-0.0241416335279308,-0.0066295961741292,-126.08084757956044,-0.1648558758314856,-0.06345824677419365,-0.043178763440860246,0.7884573603642703,True,final,1
challenger:2026-04-20:1380:B,challenger,2026-04-20,2026-04-20,2026-04,B,Lorenzo Carboni,Jonas Forejtek,Clay,Rome CH,2026-2151,Q2,0.38246983,0.38020833333333337,0.3549488054607508,2.625,0.0,bet365_via_sofascore,latest_pre_match_assumed,0.0255949300044555,0.067826188325678,-0.1545101331483911,-0.1544491799091853,0.1768147352129533,-155.94021100890814,-0.0,-0.0,-161.0,5.0,17.0,-0.0,-0.2806188579015035,-0.2178125038231426,0.009205221813499,-0.0014563376712949,-0.0551829448593713,-0.0470455622035942,-121.77282231121194,-0.15509977827051,0.027521024539249206,0.025259527872582566,0.965080896043587,True,final,0
challenger:2026-04-20:1526:A,challenger,2026-04-20,2026-04-20,2026-04,A,Luca Staeheli,Oleksii Krutykh,Clay,Shymkent 1 CH,2026-7736,Q2,0.34769493,0.2483660130718954,0.4233870967741935,2.2,0.0,bet365_via_sofascore,latest_pre_match_assumed,-0.2487405287394271,-0.2426018179389029,-0.1876339189673018,-0.187648320497789,0.218452327716195,-67.7383273999883,-0.0,-0.0,-166.0,-27.0,-169.0,-0.0,-0.4616318628712194,-0.4616318628712194,-0.0186027836374447,-0.0132622201462422,-0.116023580505335,-0.1195097329155839,2.3449997504774274,-0.5294117647058824,-0.07569216677419349,-0.1750210837022981,0.7884573603642703,True,final,0
challenger:2026-04-20:1415:B,challenger,2026-04-20,2026-04-20,2026-04,B,Massimo Giunta,Andrew Fenty,Hard,Abidjan 1 CH,2026-2995,R32,0.39649029999999996,0.38020833333333337,0.4233870967741936,2.2,1.0,bet365_via_sofascore,latest_pre_match_assumed,0.0879305842099558,0.0559764240089046,0.0064461236663518,-0.0750032283538614,-0.4732162570465448,-55.03171319795115,0.0,0.0,-24.0,-44.0,-190.0,0.0,0.1223342741713103,0.1216693827591676,-0.0084794680484723,0.011980930049983,-0.00551734058477,-0.0165527255203149,-29.228877929060445,-0.1028151774785802,-0.026896796774193654,-0.043178763440860246,0.7884573603642703,True,final,1
challenger:2026-04-20:1414:B,challenger,2026-04-20,2026-04-20,2026-04,B,Matteo Fondriest,Matt Kuhar,Hard,Abidjan 1 CH,2026-2995,Q2,0.23771054000000003,0.24264705882352944,0.3549488054607508,2.625,0.0,bet365_via_sofascore,latest_pre_match_assumed,-0.2950821614770509,-0.2991959186612402,0.0363839422536608,0.0318628546986993,0.284935360119415,6.597152457032507,-0.0,-0.0,-19.0,-29.0,-510.0,-0.0,-0.1427201712251767,0.0499993988528838,-0.0094224879263199,-0.0072583763053478,-0.0294283706318154,-0.0270059700794967,28.796458717752103,-0.1847826086956521,-0.11723826546075078,-0.11230174663722137,0.965080896043587,True,final,0
challenger:2026-04-20:1520:B,challenger,2026-04-20,2026-04-20,2026-04,B,Max Wiskandt,Sergey Fomin,Clay,Shymkent 1 CH,2026-7736,QF,0.3870152,0.38020833333333337,0.4112149532710281,2.25,0.0,bet365_via_sofascore,latest_pre_match_assumed,-0.1593672559021358,0.1357915162332171,0.2038479168896655,0.0549021845575931,-0.2529710820937522,-97.8392228261066,-0.0,-0.0,15.0,-41.0,-105.0,-0.0,-0.258622979530149,-0.197571273699409,0.0345758361744392,-0.014872064218641,-0.0122503531040462,0.0395843818257625,-84.82257162807855,-0.0370482842392955,-0.02419975327102808,-0.031006619937694713,0.8109302162163288,True,final,0
challenger:2026-04-20:1522:B,challenger,2026-04-20,2026-04-20,2026-04,B,Max Wiskandt,Mathys Erhard,Clay,Shymkent 1 CH,2026-7736,R32,0.3865702,0.38020833333333337,0.39232409381663114,2.375,1.0,bet365_via_sofascore,latest_pre_match_assumed,0.0394063257839999,0.117706497496824,0.0201467388549203,0.0153297776590956,-0.095259209725188,-86.72193490476707,0.0,0.0,-34.0,-51.0,-116.0,0.0,0.0360741164072334,-0.1091306259536942,0.0434612726535616,0.0500798026203724,-0.0050090897024642,-0.0223507123039086,-90.0946072569975,-0.0221065131999634,-0.0057538938166311615,-0.012115760483297766,0.8649974374866045,True,final,1
challenger:2026-04-20:1529:A,challenger,2026-04-20,2026-04-20,2026-04,A,Max Wiskandt,Gilles Arnaud Bailly,Clay,Shymkent 1 CH,2026-7736,R16,0.33985433,0.2483660130718954,0.3373493975903614,2.75,1.0,bet365_via_sofascore,latest_pre_match_assumed,-0.0240039560320998,0.1881484150524838,0.0972559129561199,0.090562658478393,0.0875352131611859,-81.20487272331184,0.0,0.0,52.0,-179.0,-238.0,0.0,-0.0169972637967317,-0.2246511960346027,0.0329255159092359,0.0187626237176113,0.0297006050771593,0.0110591632107394,-102.25585341844408,0.0710598238688126,0.0025049324096385606,-0.08898338451846602,1.0116009116784799,True,final,1
challenger:2026-04-20:1355:B,challenger,2026-04-20,2026-04-20,2026-04,B,Maxim Mrva,Andrea Vavassori,Clay,Rome CH,2026-2151,R32,0.35371876,0.3267326732673267,0.375,2.5,0.0,bet365_via_sofascore,latest_pre_match_assumed,0.1688742073002712,0.0075572702176606,-0.1816242589139473,-0.0779715166467929,0.0638885074459773,-116.30327275380388,-0.0,-0.0,-53.0,-3.0,-8.0,-0.0,-0.0518939499561291,-0.174574579617394,0.0515139556580988,0.0202737207283772,-0.0731446627187398,-0.0901415734974548,-136.1409390719798,-0.0939528023598819,-0.02128123999999998,-0.04826732673267331,0.9162907318741551,True,final,0
challenger:2026-04-20:1390:A,challenger,2026-04-20,2026-04-20,2026-04,A,Maxime Chazal,Hamish Stewart,Hard,Abidjan 1 CH,2026-2995,SF,0.28574038,0.2222222222222222,0.3549488054607508,2.625,0.0,bet365_via_sofascore,latest_pre_match_assumed,-0.0322429343774621,-0.1314639527739695,0.0065099593730778,0.1616886004458004,-0.1835139311378193,-83.30420206564713,-0.0,-0.0,28.0,-82.0,-242.0,-0.0,-0.318470101346714,-0.3876067694216613,0.0196306966370306,-0.0305347535062942,-0.0226917995543987,-0.043422945203689,-172.012332446727,-0.1829521829521829,-0.06920842546075079,-0.1327265832385286,0.965080896043587,True,final,0
challenger:2026-04-20:1392:A,challenger,2026-04-20,2026-04-20,2026-04,A,Maxime Chazal,Karim Bennani,Hard,Abidjan 1 CH,2026-2995,QF,0.6170287,0.6197916666666666,0.4112149532710279,2.25,1.0,bet365_via_sofascore,latest_pre_match_assumed,-0.1183308198225877,-0.2190154713472318,0.0157470254720772,0.1600203850100843,-0.1093560299440025,-3.844970516629246,0.0,0.0,65.0,32.0,227.0,0.0,-0.225481473551648,-0.2946181416265953,-0.1074105627275125,-0.1561620481828285,0.1155996274746585,0.0956648665086841,-100.26214677396251,0.3846153846153846,0.20581374672897207,0.2085767133956387,0.8109302162163288,True,final,1
challenger:2026-04-20:1378:B,challenger,2026-04-20,2026-04-20,2026-04,B,Mika Brunold,Miguel Damas,Clay,Rome CH,2026-2151,Q1,0.52790987,0.562962962962963,0.39232409381663114,2.375,0.0,bet365_via_sofascore,latest_pre_match_assumed,-0.1288771647689855,-0.0578198500205127,0.0286605424055693,-0.0006711140867344,0.0410604696225308,62.826697235952224,-0.0,-0.0,-39.0,-16.0,-24.0,-0.0,0.1667708685277946,-0.0008637811067999,-0.0337289637150856,-0.0014918178298706,0.056215542864665,0.0083368946783523,-12.932004654377806,0.1065116279069767,0.13558577618336887,0.17063886914633186,0.8649974374866045,True,final,0
challenger:2026-04-20:1463:A,challenger,2026-04-20,2026-04-20,2026-04,A,Mikhail Kukushkin,Pavel Kotov,Hard,Gwangju CH,2026-7490,R32,0.4751523,0.437037037037037,0.3923240938166311,2.375,1.0,bet365_via_sofascore,latest_pre_match_assumed,0.0134585677505529,3.0991879655994925e-05,0.0321435202303296,0.0732000728197276,-0.2888045499439058,-122.67636988319578,0.0,0.0,38.0,81.0,167.0,0.0,-0.5625422614586317,-0.4952855875573076,-0.0033855267458926,0.012367176934698,-0.0417056978436137,-0.0320116138186674,-90.91968461980764,-0.0286935286935287,0.08282820618336895,0.04471294322040592,0.8649974374866045,True,final,1
challenger:2026-04-20:1427:A,challenger,2026-04-20,2026-04-20,2026-04,A,Mitchell Krueger,Daniel Elahi Galan,Clay,Savannah CH,2026-5067,QF,0.5046673,0.437037037037037,0.4112149532710279,2.25,0.0,bet365_via_sofascore,latest_pre_match_assumed,-0.081909653724463,0.0301079783777949,-0.0274791242275728,-0.1243274029175072,0.2429332765374524,32.54894126643262,-0.0,-0.0,33.0,-121.0,-54.0,-0.0,0.2061983762016644,0.409561298377915,0.0295747923705922,0.0470993313262034,0.0060858738255792,-0.0003468394257207,24.960442096890347,-0.0702751196172248,0.09345234672897212,0.025822083766009085,0.8109302162163288,True,final,0
challenger:2026-04-20:1352:A,challenger,2026-04-20,2026-04-20,2026-04,A,Nerman Fatic,Chun Hsin Tseng,Clay,Rome CH,2026-2151,R32,0.33554015,0.2483660130718954,0.375,2.5,1.0,bet365_via_sofascore,latest_pre_match_assumed,-0.0726552698834206,0.0244929186861072,0.1019690548731203,0.09769389025321,0.0270877682122892,-100.0437813912638,0.0,0.0,-44.0,-244.0,-100.0,0.0,-0.0733211340994653,0.0293289154982714,-0.0418548617762241,-0.0562651260543841,0.005126970092199,0.013278557269072,-79.25240147874342,-0.0370143288598223,-0.03945985000000002,-0.1266339869281046,0.9162907318741551,True,final,1
challenger:2026-04-20:1377:A,challenger,2026-04-20,2026-04-20,2026-04,A,Nikolas Sanchez Izquierdo,Stefanos Sakellaridis,Clay,Rome CH,2026-2151,R16,0.4441834,0.437037037037037,0.4112149532710279,2.25,0.0,bet365_via_sofascore,latest_pre_match_assumed,-0.1447471285931159,-0.0243514265312058,-0.1888026744574464,-0.1789179332853161,-0.1242523265629481,-80.70877716232349,-0.0,-0.0,149.0,-18.0,-25.0,-0.0,-0.096907762312398,-0.1567820378953019,0.0068846241441636,0.0127157535433148,-0.0071005201535873,-0.0214419814903572,-16.10425152167568,-0.0748168498168498,0.03296844672897209,0.025822083766009085,0.8109302162163288,True,final,0
challenger:2026-04-20:1527:A,challenger,2026-04-20,2026-04-20,2026-04,A,Oleksii Krutykh,Andrej Nedic,Clay,Shymkent 1 CH,2026-7736,R32,0.37254512,0.3076923076923077,0.3549488054607508,2.625,0.0,bet365_via_sofascore,latest_pre_match_assumed,-0.0251615635016597,-0.0313002743021839,-0.0061848750549858,-0.0061704735244986,-0.0710550076681527,-31.289277911316276,-0.0,-0.0,149.0,-115.0,-283.0,-0.0,-0.11556408514129,-0.11556408514129,0.0064952743106935,0.001154710819491,-0.0083126644433788,-0.00482651203313,-47.13605419376336,0.1008403361344538,0.017596314539249203,-0.047256497768443095,0.965080896043587,True,final,0
challenger:2026-04-20:1474:B,challenger,2026-04-20,2026-04-20,2026-04,B,Patrick Zahraj,Daniel Masur,Hard,Gwangju CH,2026-7490,Q2,0.52498785,0.562962962962963,0.3549488054607508,2.625,0.0,bet365_via_sofascore,latest_pre_match_assumed,-0.0411407841914538,-0.0264845868414992,-0.0354787021860952,-0.028126709370261,0.0575098393219698,-87.10201941966147,-0.0,-0.0,-116.0,122.0,254.0,-0.0,-0.0791436132441019,-0.0814857576086411,0.0570349529902761,0.0331502510652554,-0.0761465743092938,-0.0592789172227152,-49.62749586818404,-0.0213464696223316,0.17003904453924923,0.2080141575022122,0.965080896043587,True,final,0
challenger:2026-04-20:1449:A,challenger,2026-04-20,2026-04-20,2026-04,A,Pedro Boscardin Dias,Liam Draxl,Clay,Savannah CH,2026-5067,R32,0.38554117,0.3263157894736842,0.4233870967741935,2.2,0.0,bet365_via_sofascore,latest_pre_match_assumed,0.012044118823583,-0.0324047067574216,-0.119001902178296,-0.1747527697956534,-0.2006750906882253,-20.74977949262575,-0.0,-0.0,50.0,-264.0,-142.0,-0.0,0.1060442782841094,-0.0076552100397198,-0.0084026276707409,-0.0071406963916889,-0.0457658980487095,-0.0409974614946013,50.49034160876772,-0.1337729627885068,-0.03784592677419352,-0.09707130730050928,0.7884573603642703,True,final,0
challenger:2026-04-20:1510:B,challenger,2026-04-20,2026-04-20,2026-04,B,Petr Bar Biryukov,Gijs Brouwer,Clay,Shymkent 1 CH,2026-7736,R32,0.6776218700000001,0.7516339869281046,0.375,2.5,1.0,bet365_via_sofascore,latest_pre_match_assumed,0.0332544594422283,0.0913408278924169,0.0549556405340788,0.1759859265471313,0.1748164484320339,-19.73672408235325,0.0,0.0,-67.0,136.0,613.0,0.0,-0.0942535361254559,0.1608790258372662,-0.0617179913866774,-0.0535868477950728,-0.0277255234232709,0.034930625602898,-31.6300752204495,0.0312825860271115,0.30262187000000007,0.37663398692810457,0.9162907318741551,True,final,1
challenger:2026-04-20:1345:A,challenger,2026-04-20,2026-04-20,2026-04,A,Pierre Hugues Herbert,Guy Den Ouden,Clay,Rome CH,2026-2151,R32,0.4791958,0.437037037037037,0.3549488054607508,2.625,1.0,bet365_via_sofascore,latest_pre_match_assumed,-0.0565083498701324,-0.0729269927340588,0.2141368722055828,0.1009736420439665,-0.0806258755058599,-22.283594257993855,0.0,0.0,53.0,27.0,5.0,0.0,0.2211554638983426,-0.0224279998539969,-0.0345839556152372,-0.0505049748795418,0.0392080431497787,0.0212451594918094,-163.59210641553068,-0.0418956043956043,0.1242469945392492,0.0820882315762862,0.965080896043587,True,final,1
challenger:2026-04-20:1354:B,challenger,2026-04-20,2026-04-20,2026-04,B,Pol Martin Tiffon,Andrea Vavassori,Clay,Rome CH,2026-2151,QF,0.32606894,0.3267326732673267,0.4112149532710281,2.25,1.0,bet365_via_sofascore,latest_pre_match_assumed,-0.0324189732236883,-0.1581404782592943,-0.0441397072382464,0.0696685839157461,0.0412690086642091,-135.88697942195313,0.0,0.0,8.0,-20.0,-45.0,0.0,-0.2478744738139598,-0.1699264053543561,0.0141889085226438,-0.032933583388324,-0.0162934040551906,-0.0386153968068431,-158.52414354894086,-0.1395450888612593,-0.08514601327102811,-0.0844822800037014,0.8109302162163288,True,final,1
challenger:2026-04-20:1376:A,challenger,2026-04-20,2026-04-20,2026-04,A,Pol Martin Tiffon,Jonas Forejtek,Clay,Rome CH,2026-2151,R32,0.43543065,0.437037037037037,0.3549488054607508,2.625,1.0,bet365_via_sofascore,latest_pre_match_assumed,-0.04411647720768,-0.0629998991098143,-0.0257270499634315,-0.0150458819343334,0.1952955437064215,-33.04083503038373,0.0,0.0,-84.0,22.0,63.0,0.0,-0.3120660399485985,-0.3120660399485985,0.0068470585031764,-0.0074973887018199,-0.0231936200574095,-0.0358329989064161,-87.40993820355197,-0.0703890344688571,0.08048184453924917,0.0820882315762862,0.965080896043587,True,final,1
challenger:2026-04-20:1412:B,challenger,2026-04-20,2026-04-20,2026-04,B,Samir Hamza Reguig,Oscar Weightman,Hard,Abidjan 1 CH,2026-2995,R32,0.4191104,0.3936170212765957,0.3373493975903614,2.75,1.0,bet365_via_sofascore,latest_pre_match_assumed,-0.1489945629067308,-0.0743133027825215,0.0251923526746381,-0.1078383213712975,-0.0805515239477504,-96.11746201218692,0.0,0.0,-7.0,2.0,14.0,0.0,-0.3354487319528819,-0.27870299247287,0.0207887907060558,-0.001840588566279,-0.0360722826202669,-0.0675392050531447,-49.86870896599317,-0.3263888888888889,0.08176100240963857,0.05626762368623428,1.0116009116784799,True,final,1
challenger:2026-04-20:1525:B,challenger,2026-04-20,2026-04-20,2026-04,B,Sean Cuenin,Buvaysar Gadamauri,Clay,Shymkent 1 CH,2026-7736,R32,0.31084585,0.24264705882352944,0.3549488054607508,2.625,0.0,bet365_via_sofascore,latest_pre_match_assumed,-0.1678147824443223,0.0318291307136699,-0.3039391910185642,-0.2686644162983116,0.0515305954124658,-240.19895713339292,-0.0,-0.0,-57.0,-22.0,-63.0,-0.0,-0.2804997546411042,-0.3462559577148433,-0.0449470536283924,-0.0410397789169492,-0.0474220415107302,-0.0225277321616639,-135.90572545600162,-0.3777777777777777,-0.044102955460750826,-0.11230174663722137,0.965080896043587,True,final,0
challenger:2026-04-20:1366:B,challenger,2026-04-20,2026-04-20,2026-04,B,Sebastian Sorger,Andrea Guerrieri,Clay,Rome CH,2026-2151,Q1,0.36689912999999996,0.38020833333333337,0.375,2.5,0.0,bet365_via_sofascore,latest_pre_match_assumed,0.0754393472237654,0.0619974225799048,0.0822662712124611,0.0630300896038876,-0.3782706655754595,-179.4794864169114,-0.0,-0.0,-43.0,-14.0,-55.0,-0.0,-0.3505131313881662,-0.1735583665505704,-0.0424034938677031,-0.0407492886135046,-0.0209033363639954,0.0152210268997431,-110.15178787536776,-0.2813725490196079,-0.008100870000000038,0.00520833333333337,0.9162907318741551,True,final,0
challenger:2026-04-20:1518:A,challenger,2026-04-20,2026-04-20,2026-04,A,Sergey Fomin,Sandro Kopp,Clay,Shymkent 1 CH,2026-7736,R16,0.40426832,0.3263157894736842,0.3549488054607508,2.625,1.0,bet365_via_sofascore,latest_pre_match_assumed,0.0799918214817363,-0.0848310302103416,-0.1881505501323424,-0.021337129756717,0.5354852414065129,-3.6763958153910608,0.0,0.0,-18.0,-31.0,-39.0,0.0,0.0714411399258418,0.0069399299827995,-0.0136918482417937,0.0442826758211722,-0.0186419954085347,-0.0918254512431125,-16.789258092038153,0.0517038777908343,0.04931951453924921,-0.02863301598706658,0.965080896043587,True,final,1
challenger:2026-04-20:1521:A,challenger,2026-04-20,2026-04-20,2026-04,A,Sergey Fomin,Andrej Nedic,Clay,Shymkent 1 CH,2026-7736,SF,0.47425655,0.437037037037037,0.3549488054607508,2.625,1.0,bet365_via_sofascore,latest_pre_match_assumed,0.0362640227130657,-0.108718679811601,-0.0759600471626958,0.0825386772344247,0.3615669669415745,6.02220036465701,0.0,0.0,53.0,-37.0,-51.0,0.0,-0.0260541185034747,-0.0905553284465169,-0.0303504450919436,0.0337588940868273,0.0152582814082425,-0.0587752423895305,14.697399626831611,0.0579150579150579,0.1193077445392492,0.0820882315762862,0.965080896043587,True,final,1
challenger:2026-04-20:1530:B,challenger,2026-04-20,2026-04-20,2026-04,B,Svyatoslav Gulin,Max Hans Rehberg,Clay,Shymkent 1 CH,2026-7736,R32,0.45608309999999996,0.5535714285714286,0.39232409381663114,2.375,1.0,bet365_via_sofascore,latest_pre_match_assumed,-0.0835191091482367,0.0496138123061032,-0.1877674603115646,-0.1495737803139802,-0.004796588312162,-128.34905367776355,0.0,0.0,-81.0,28.0,105.0,0.0,-0.1387132111833285,-0.0362688454810709,-0.0083909799790308,-0.0034112167879194,-0.0692855470237726,-0.0291351891733131,-100.38812096238644,-0.0728355474118185,0.06375900618336883,0.16124733475479747,0.8649974374866045,True,final,1
challenger:2026-04-20:1483:B,challenger,2026-04-20,2026-04-20,2026-04,B,Tom Paris,Tung Lin Wu,Hard,Gwangju CH,2026-7490,Q2,0.3975058,0.38020833333333337,0.39232409381663114,2.375,0.0,bet365_via_sofascore,latest_pre_match_assumed,-0.0253951518715982,-0.0253951518715982,-0.0778047637284387,-0.0778047637284387,0.3453272936880849,-115.86390465474004,-0.0,-0.0,-182.0,73.0,115.0,-0.0,-0.4083965842612118,-0.4083965842612118,-0.0672287713744731,-0.0672287713744731,-0.0371918063284857,-0.0371918063284857,-128.0971604306594,-0.0336134453781512,0.005181706183368884,-0.012115760483297766,0.8649974374866045,True,final,0
challenger:2026-04-20:1505:B,challenger,2026-04-20,2026-04-20,2026-04,B,Tomasz Berkieta,Jelle Sels,Clay,Shymkent 1 CH,2026-7736,R32,0.33929204999999996,0.3267326732673267,0.4233870967741936,2.2,0.0,bet365_via_sofascore,latest_pre_match_assumed,-0.0764768243817535,-0.2520900577381597,0.1305518909356474,-0.0668873984603861,-0.4174608530122934,-76.76936582538815,-0.0,-0.0,-199.0,-77.0,-225.0,-0.0,0.0039328942061176,-0.2554547265724546,-0.0070355329289025,0.0220645651407593,-0.0140535752167465,-0.0174660804603462,-85.63582753682363,-0.3479750778816199,-0.08409504677419366,-0.09665442350686693,0.7884573603642703,True,final,0
challenger:2026-04-20:1516:A,challenger,2026-04-20,2026-04-20,2026-04,A,Vladyslav Orlov,Sergey Fomin,Clay,Shymkent 1 CH,2026-7736,R32,0.32628226,0.2483660130718954,0.4233870967741935,2.2,0.0,bet365_via_sofascore,latest_pre_match_assumed,-0.1598252167056233,-0.0196478717145636,0.0918942143319512,-0.0606091083486765,-0.3053791052196471,-173.3107950072624,-0.0,-0.0,41.0,-59.0,-159.0,-0.0,-0.257445549282313,-0.1929443393392707,0.0410646163419131,-0.0249746247042789,-0.0812962298581685,0.0020423021804591,-142.22152751905378,-0.1125734430082256,-0.09710483677419351,-0.1750210837022981,0.7884573603642703,True,final,0
challenger:2026-04-20:1487:A,challenger,2026-04-20,2026-04-20,2026-04,A,Yu Hsiou Hsu,Tristan Schoolkate,Hard,Gwangju CH,2026-7490,QF,0.37390268,0.3076923076923077,0.3549488054607508,2.625,1.0,bet365_via_sofascore,latest_pre_match_assumed,0.002301367738978,0.0065781715863332,0.0211733746638463,0.0126027538905252,0.074631233722371,-79.91962739026076,0.0,0.0,-24.0,-382.0,-120.0,0.0,-0.1953749132042502,-0.1144947662491895,0.0107842547776618,0.0244329175743301,-0.0335868826165097,-0.0241692424177063,-38.706735996742054,-0.0659340659340659,0.018953874539249183,-0.047256497768443095,0.965080896043587,True,final,1
challenger:2026-04-20:1469:B,challenger,2026-04-20,2026-04-20,2026-04,B,Yuta Shimizu,Taro Daniel,Hard,Gwangju CH,2026-7490,Q2,0.43764289999999995,0.3936170212765957,0.4233870967741936,2.2,1.0,bet365_via_sofascore,latest_pre_match_assumed,-0.202009844344755,-0.1969146432946295,-0.0608739992665406,-0.0645106097491341,0.0426177233807705,-64.91648776120769,0.0,0.0,54.0,13.0,25.0,0.0,-0.0820071885581191,-0.0820071885581191,0.0044465473998958,0.0050475789422093,-0.0030524002935891,-0.0035676785410003,-100.90215030443096,-0.0703876103884805,0.01425580322580633,-0.029770075497597914,0.7884573603642703,True,final,1
challenger:2026-04-20:1489:B,challenger,2026-04-20,2026-04-20,2026-04,B,Yuta Shimizu,August Holmgren,Hard,Gwangju CH,2026-7490,QF,0.37832920000000003,0.38020833333333337,0.3549488054607508,2.625,0.0,bet365_via_sofascore,latest_pre_match_assumed,-0.1454719415063287,-0.1454719415063287,-0.1822997895311662,-0.1822997895311662,0.1098422988989326,-44.44821424190627,-0.0,-0.0,42.0,-171.0,-161.0,-0.0,-0.0827012287121398,-0.0827012287121398,0.0091006004580687,0.0091006004580687,-0.0203266603977744,-0.0203266603977744,-52.04401818583733,-0.0036567431137962,0.023380394539249227,0.025259527872582566,0.965080896043587,True,final,0
challenger:2026-04-20:1490:B,challenger,2026-04-20,2026-04-20,2026-04,B,Yuta Shimizu,Sho Shimabukuro,Hard,Gwangju CH,2026-7490,R16,0.30722249999999995,0.24264705882352944,0.3373493975903614,2.75,1.0,bet365_via_sofascore,latest_pre_match_assumed,-0.0866176047873875,-0.0866176047873875,-0.0245736919404583,-0.0245736919404583,-0.2486605860348414,-207.7865725104905,0.5,0.5,2.0,-273.0,-204.0,0.0,-0.0326496004159894,-0.0326496004159894,0.0001252928787007,0.0001252928787007,0.031029191874659,0.031029191874659,-188.5027696290867,-0.0618537609185468,-0.030126897590361468,-0.09470233876683198,1.0116009116784799,True,final,1
challenger:2026-04-27:1655:B,challenger,2026-04-27,2026-04-27,2026-04,B,Alejo Sanchez Quilez,Cezar Cretu,Clay,Mauthausen CH,2026-9697,Q2,0.29554343000000005,0.24264705882352944,0.4233870967741936,2.2,0.0,bet365_via_sofascore,latest_pre_match_assumed,0.116353911127251,0.1102377735831308,-0.0048434045036047,-0.0065308570672578,0.2292509275913761,-31.50496521742366,-0.0,-0.0,-40.0,-77.0,-295.0,-0.0,0.0309770197087898,-0.0122821443998581,0.0257977658794101,0.0222027047009638,-0.0474565088700927,-0.0414387805457246,-70.46264430458723,-0.019047619047619,-0.12784366677419357,-0.18074003795066418,0.7884573603642703,True,final,0
challenger:2026-04-27:1557:A,challenger,2026-04-27,2026-04-27,2026-04,A,Alexander Donski,Carlos Sanchez Jover,Clay,Ostrava CH,2026-1797,Q1,0.3015793,0.2483660130718954,0.375,2.5,0.0,bet365_via_sofascore,latest_pre_match_assumed,-0.1029801115526592,-0.1211523358731949,-0.0437292476255448,-0.0566134507741259,-0.246799728237527,-84.64772315164032,-0.0,-0.0,-97.0,-112.0,-358.0,-0.0,0.0138077709361377,0.021441741072958,-0.041602150114027,-0.0425571787016291,-0.0159840423295002,-0.0177545614838073,-65.25550845630892,-0.0571125265392781,-0.0734207,-0.1266339869281046,0.9162907318741551,True,final,0
challenger:2026-04-27:1608:B,challenger,2026-04-27,2026-04-27,2026-04,B,Andre Ilagan,James Mccabe,Hard,Jiujiang CH,2026-3083,R32,0.3451691,0.3267326732673267,0.39232409381663114,2.375,1.0,bet365_via_sofascore,latest_pre_match_assumed,0.0692237420132586,0.0692237420132586,0.1144059250152867,0.1144059250152867,-0.2203792508675332,-141.99040069443458,0.0,0.0,-60.0,-167.0,-156.0,0.0,-0.1392075560987855,-0.1392075560987855,0.0254935315274495,0.0254935315274495,-0.012338395293975,-0.012338395293975,-124.45223482119196,-0.0350529100529101,-0.04715499381663113,-0.06559142054930445,0.8649974374866045,True,final,1
challenger:2026-04-27:1650:A,challenger,2026-04-27,2026-04-27,2026-04,A,Andrea Guerrieri,Jaime Faria,Clay,Mauthausen CH,2026-9697,R32,0.3645539,0.3076923076923077,0.4109947643979057,2.25,0.0,bet365_via_sofascore,latest_pre_match_assumed,-0.1057197868343921,-0.0975243215312761,0.1038068912893122,0.120277620031419,0.2048255943948393,-1.91981086080591,-0.0,-0.0,-40.0,-322.0,-361.0,-0.0,0.3217118236505744,0.3217118236505744,0.0464653390872896,0.0479969174626798,-0.0034125351193886,-0.002722399608623,-29.185973482829013,0.0251081043381224,-0.046440864397905735,-0.10330245670559801,0.8109302162163288,True,final,0
challenger:2026-04-27:1643:A,challenger,2026-04-27,2026-04-27,2026-04,A,Billy Harris,Diego Dedura Palomero,Clay,Mauthausen CH,2026-9697,R32,0.55390006,0.4827586206896552,0.3549488054607508,2.625,0.0,bet365_via_sofascore,latest_pre_match_assumed,0.0672574347626725,0.0808451542005357,0.0308655065166993,-0.0493869391192575,0.1134548573887163,53.31497688515787,-0.0,-0.0,140.0,355.0,258.0,-0.0,-0.1191429405122273,-0.323347368637796,-0.0699108751398281,-0.0842869527806655,-0.02423627564888,-0.0417113578606647,-110.63506802797929,0.053475413041353,0.19895125453924922,0.1278098152289044,0.965080896043587,True,final,0
challenger:2026-04-27:1579:B,challenger,2026-04-27,2026-04-27,2026-04,B,Brandon Perez,Adil Kalyanpur,Hard,Abidjan 2 CH,2026-2997,Q1,0.4607574,0.5535714285714286,0.4233870967741936,2.2,0.0,bet365_via_sofascore,latest_pre_match_assumed,-0.046221427772432,-0.0464083879387827,0.0136636230964629,-0.0012019150169382,0.1334578791745039,-55.74763299851588,-0.0,-0.0,-2.0,3.0,132.0,-0.0,-0.1782006982668716,-0.2290938325123401,-0.0034963717502126,-0.0057416231770396,0.00571423526052,-0.0105631789554482,-41.57482236324768,-0.0818181818181818,0.03737030322580637,0.130184331797235,0.7884573603642703,True,final,0
challenger:2026-04-27:1572:A,challenger,2026-04-27,2026-04-27,2026-04,A,Calvin Hemery,Maks Kasnikowski,Hard,Abidjan 2 CH,2026-2997,R16,0.55024284,0.4827586206896552,0.4112149532710279,2.25,1.0,bet365_via_sofascore,latest_pre_match_assumed,0.0267246942993906,-0.0167388168334506,0.0099399655726043,-0.0258569750627978,0.016070329477038,-9.38588081685748,0.0,0.0,76.0,95.0,150.0,0.0,0.0422429510418247,-0.0028808098842841,-0.0182470567274439,-0.0282223167864518,0.0238413194822055,0.005463429844001,-29.98225506439917,0.0230429546366921,0.1390278867289721,0.07154366741862728,0.8109302162163288,True,final,1
challenger:2026-04-27:1654:A,challenger,2026-04-27,2026-04-27,2026-04,A,Chun Hsin Tseng,Lukas Neumayer,Clay,Mauthausen CH,2026-9697,R32,0.5941162,0.6197916666666666,0.391304347826087,2.38,0.0,bet365_via_sofascore,latest_pre_match_assumed,0.0486018360730564,-0.0110391332114262,-0.2159465879182842,-0.199265641931529,0.1232849242227297,53.552731499201855,-0.0,-0.0,52.0,240.0,97.0,-0.0,-0.151531657511421,-0.0988804704855944,0.0011521897105398,-0.0006307208484603,-0.0211651861970574,-0.0110502352488426,65.16171377893056,0.0891330891330891,0.202811852173913,0.22848731884057966,0.8671004876833833,True,final,0
challenger:2026-04-27:1577:A,challenger,2026-04-27,2026-04-27,2026-04,A,Constantin Bittoun Kouzmine,Massimo Giunta,Hard,Abidjan 2 CH,2026-2997,R32,0.41635934,0.3263157894736842,0.3549488054607508,2.625,0.0,bet365_via_sofascore,latest_pre_match_assumed,-0.1021265052488357,-0.1766403083860711,0.0192779528366739,0.0810985125678466,0.5853751356683092,-59.87141244207646,-0.0,-0.0,25.0,9.0,55.0,-0.0,-0.2155715972299427,-0.2810890202398085,-0.0244607105794361,-0.0397030137921897,0.0082871542935151,-0.003208635257994,-98.11250613429796,-0.0072463768115941,0.06141053453924922,-0.02863301598706658,0.965080896043587,True,final,0
challenger:2026-04-27:1644:A,challenger,2026-04-27,2026-04-27,2026-04,A,Daniel Cukierman,Michael Vrbensky,Clay,Mauthausen CH,2026-9697,Q1,0.29232553,0.2483660130718954,0.3923240938166311,2.375,1.0,bet365_via_sofascore,latest_pre_match_assumed,0.0601141227694778,0.0534247365932593,0.0175601020686018,3.9086465027926565e-06,0.0796079224563138,-24.47794893279729,0.0,0.0,-96.0,-56.0,-624.0,0.0,0.0998410796953116,0.0278158481852889,0.0197836653422299,0.012150612581427,0.0035704372475121,0.0168405004297915,24.00123228694315,-0.0222347842472206,-0.09999856381663108,-0.14395808074473568,0.8649974374866045,True,final,1
challenger:2026-04-27:1540:B,challenger,2026-04-27,2026-04-27,2026-04,B,Daniel Michalski,Marco Cecchinato,Clay,Ostrava CH,2026-1797,R32,0.35444975,0.3267326732673267,0.39232409381663114,2.375,0.0,bet365_via_sofascore,latest_pre_match_assumed,-0.1254775000922546,-0.086379596165159,-0.1666155892365519,-0.180477478871733,0.1506751509156749,-134.6098740499899,-0.0,-0.0,-58.0,-30.0,-23.0,-0.0,-0.0703140983227835,-0.1936383794932914,0.0115083200477982,0.0159533262059575,-0.036093219941388,-0.0638824166707543,-172.10717375961917,-0.0718829008649368,-0.03787434381663113,-0.06559142054930445,0.8649974374866045,True,final,0
challenger:2026-04-27:1555:B,challenger,2026-04-27,2026-04-27,2026-04,B,Daniel Siniakov,Rudolf Molleker,Clay,Ostrava CH,2026-1797,R32,0.25858974,0.24264705882352944,0.3549488054607508,2.625,0.0,bet365_via_sofascore,latest_pre_match_assumed,-0.009105646801493,0.0551107569408952,-0.133048198569637,-0.0623852776492203,-0.2638589314057585,-127.03281885092632,-0.0,-0.0,-191.0,-66.0,-242.0,-0.0,-0.2314359768768793,-0.2515218323663371,0.0187769981279736,0.0149030552556229,-0.0433861956777701,-0.0349315427053583,-155.23257005421033,-0.2898755656108597,-0.09635906546075079,-0.11230174663722137,0.965080896043587,True,final,0
challenger:2026-04-27:1648:B,challenger,2026-04-27,2026-04-27,2026-04,B,Darwin Blanch,Hugo Gaston,Clay,Mauthausen CH,2026-9697,R16,0.29194623,0.24264705882352944,0.375,2.5,1.0,bet365_via_sofascore,latest_pre_match_assumed,-0.008452335612493,-0.0200703572869421,0.1043209705012946,-0.0176503796726388,-0.4731223109990422,-189.25325694812636,0.0,0.0,-133.0,-477.0,-204.0,0.0,-0.0492869870477271,-0.1596435152963566,0.0270352438216719,0.0005127648114418,0.0173759476550197,0.0085546270591282,-235.2025416709498,-0.1803497692494535,-0.08305377000000003,-0.13235294117647056,0.9162907318741551,True,final,1
challenger:2026-04-27:1651:B,challenger,2026-04-27,2026-04-27,2026-04,B,Darwin Blanch,Jurij Rodionov,Clay,Mauthausen CH,2026-9697,R32,0.3420676,0.3267326732673267,0.375,2.5,1.0,bet365_via_sofascore,latest_pre_match_assumed,-0.0134021549088616,0.0577593481422383,-0.0081531248657409,-0.0130944739731651,-0.279652061362432,-103.66205621105314,0.0,0.0,-225.0,-153.0,-124.0,0.0,-0.082870969664919,-0.2368975436019396,0.0342238329630432,0.0185824421634357,-0.0241539084930126,-0.0319505762772603,-141.02064518166526,-0.1338841649286058,-0.03293239999999997,-0.04826732673267331,0.9162907318741551,True,final,1
challenger:2026-04-27:1590:B,challenger,2026-04-27,2026-04-27,2026-04,B,Elijah Sanogo,Matt Kuhar,Hard,Abidjan 2 CH,2026-2997,Q1,0.254923,0.24264705882352944,0.3549488054607508,2.625,1.0,bet365_via_sofascore,latest_pre_match_assumed,-0.0415074664681577,-0.0456029231343336,0.0098275381976932,0.0048713515015801,0.131704099424137,8.122055104259061,0.0,0.0,-24.0,-35.0,-1255.0,0.0,-0.3865646042958999,-0.3865646042958999,0.0205237262021012,0.0219541796762227,0.0548471784756803,0.0561446884157422,5.067012203568083,-0.44,-0.1000258054607508,-0.11230174663722137,0.965080896043587,True,final,1
challenger:2026-04-27:1602:A,challenger,2026-04-27,2026-04-27,2026-04,A,Fajing Sun,Tristan Schoolkate,Hard,Jiujiang CH,2026-3083,R32,0.36128238,0.3076923076923077,0.3549488054607508,2.625,1.0,bet365_via_sofascore,latest_pre_match_assumed,0.1267812042014168,0.1277544776058562,0.0444668675527192,0.0389615006178666,-0.0010629373087102,-67.51791513733406,0.0,0.0,-86.0,-445.0,-176.0,0.0,0.245780783968455,0.3056550595513589,0.0039005751701016,0.0123127411470139,0.0010542876516216,0.0064862083233475,-21.794179566186813,-0.0625170625170624,0.006333574539249209,-0.047256497768443095,0.965080896043587,True,final,1
challenger:2026-04-27:1639:B,challenger,2026-04-27,2026-04-27,2026-04,B,Federico Iannaccone,David Jorda Sanchis,Clay,Mauthausen CH,2026-9697,Q2,0.35571090000000005,0.33333333333333337,0.375,2.5,0.0,bet365_via_sofascore,latest_pre_match_assumed,0.1720173273719006,0.0231919037538236,-0.077094558976824,-0.0610255371930156,-0.2897827929846237,-38.39493615622723,-0.0,-0.0,-81.0,-78.0,-319.0,-0.0,0.1833859800020503,-0.1451466703709243,0.0601318531352129,-0.0179699574774373,0.0111265154622998,-0.0119746926833798,-169.4856101247708,-0.0526437312398984,-0.019289099999999948,-0.04166666666666663,0.9162907318741551,True,final,0
challenger:2026-04-27:1653:A,challenger,2026-04-27,2026-04-27,2026-04,A,Federico Iannaccone,Dusan Obradovic,Clay,Mauthausen CH,2026-9697,Q1,0.45267552,0.437037037037037,0.4233870967741935,2.2,1.0,bet365_via_sofascore,latest_pre_match_assumed,0.0312587519842111,-0.0749080533451685,-0.0163984827989358,-0.0097717769239998,0.3499137717463273,38.01936881425945,0.0,0.0,49.0,-24.0,-144.0,0.0,0.3366972738821505,0.0157985936459961,0.0442700484260434,-0.0184925183696449,0.0310365386620964,0.0084024488851889,-29.000038299701373,0.0928961748633879,0.029288423225806492,0.013649940262843496,0.7884573603642703,True,final,1
challenger:2026-04-27:1559:B,challenger,2026-04-27,2026-04-27,2026-04,B,Felix Gill,Dalibor Svrcina,Clay,Ostrava CH,2026-1797,R32,0.29857330000000004,0.24264705882352944,0.39232409381663114,2.375,0.0,bet365_via_sofascore,latest_pre_match_assumed,-0.1929861298421864,-0.0704703069690371,0.1328072142680629,0.1065006976454642,0.2455976716671666,-118.62922783809496,-0.0,-0.0,-130.0,-527.0,-282.0,-0.0,0.0970787421526339,0.0567516565394425,-0.0783629949271453,-0.0518513852394576,0.043534397808188,0.042610560619827,-78.73107314868639,0.0304487179487179,-0.0937507938166311,-0.1496770349931017,0.8649974374866045,True,final,0
challenger:2026-04-27:1561:A,challenger,2026-04-27,2026-04-27,2026-04,A,George Loffhagen,Tom Gentzsch,Clay,Ostrava CH,2026-1797,R32,0.46022916,0.437037037037037,0.3923240938166311,2.375,0.0,bet365_via_sofascore,latest_pre_match_assumed,-0.0749033016591535,-0.0644093671110417,-0.2521746861219467,-0.2224386076289765,-0.2892458323779958,-89.7898546188735,-0.0,-0.0,-41.0,97.0,80.0,-0.0,-0.3755664341809802,-0.6476362722276907,-0.0153738411461205,-0.0310819359153679,-0.0144521031150379,-0.0169106819793461,-144.77285996543833,0.0020790020790021,0.06790506618336895,0.04471294322040592,0.8649974374866045,True,final,0
challenger:2026-04-27:1617:A,challenger,2026-04-27,2026-04-27,2026-04,A,Gijs Brouwer,Manas Dhamne,Clay,Shymkent 2 CH,2026-9192,R16,0.4662355,0.437037037037037,0.3923240938166311,2.375,0.0,bet365_via_sofascore,latest_pre_match_assumed,-0.0722576668963711,0.0028636369451454,0.1794126891773122,-0.0173790710992503,-0.153314405753121,111.75524409211287,-0.0,-0.0,115.0,-44.0,-353.0,-0.0,0.1337641039103875,-0.1301883739056875,0.0002180857599758,-0.020082657596774,0.0453587221706616,0.0053442173580547,4.97560551498259,0.1014492753623189,0.07391140618336894,0.04471294322040592,0.8649974374866045,True,final,0
challenger:2026-04-27:1586:A,challenger,2026-04-27,2026-04-27,2026-04,A,Hamish Stewart,Eliakim Coulibaly,Hard,Abidjan 2 CH,2026-2997,QF,0.605375,0.6197916666666666,0.3923240938166311,2.375,0.0,bet365_via_sofascore,latest_pre_match_assumed,-0.0703502923317139,-0.1659580482862164,-0.0809716947711178,-0.1337526231000518,0.0195161689361564,86.08402604724051,-0.0,-0.0,-35.0,-18.0,-24.0,-0.0,0.3472383343933695,0.3333080857829927,0.021939331752516,0.0163950444701548,0.0406799686546363,0.0365032670615759,67.71925443304463,0.1017316017316017,0.21305090618336892,0.22746757285003555,0.8649974374866045,True,final,0
challenger:2026-04-27:1562:B,challenger,2026-04-27,2026-04-27,2026-04,B,Jakub Nicod,Jonas Forejtek,Clay,Ostrava CH,2026-1797,Q2,0.3841926,0.38020833333333337,0.375,2.5,0.0,bet365_via_sofascore,latest_pre_match_assumed,0.156977763826091,0.146108688208023,-0.172200554258221,-0.1740271871777873,0.3948098349825415,-54.919493325058966,-0.0,-0.0,-189.0,-48.0,-184.0,-0.0,0.0790852922064964,0.0790852922064964,0.0009937649628803,0.0024039562246039,-0.0031001787340571,0.0021715094113502,-22.95677184601732,0.070048309178744,0.009192599999999995,0.00520833333333337,0.9162907318741551,True,final,0
challenger:2026-04-27:1636:B,challenger,2026-04-27,2026-04-27,2026-04,B,Jan Choinski,Laslo Djere,Clay,Mauthausen CH,2026-9697,R16,0.5519129,0.562962962962963,0.4109947643979057,2.25,0.0,bet365_via_sofascore,latest_pre_match_assumed,-0.0528553077770917,-0.030449550720916,-0.0897253082512876,-0.021462644709264,0.3237560248420981,128.32712389276367,-0.0,-0.0,159.0,-154.0,-27.0,-0.0,0.1213334584606496,0.0286348753442506,0.0406296271405997,0.0294205880418082,-0.0124412396878107,0.0086736621987948,111.76007753923592,0.0217948717948717,0.14091813560209432,0.15196819856505728,0.8109302162163288,True,final,0
challenger:2026-04-27:1641:A,challenger,2026-04-27,2026-04-27,2026-04,A,Jan Choinski,Joel Schwaerzler,Clay,Mauthausen CH,2026-9697,R32,0.56004345,0.6063829787234043,0.4109947643979057,2.25,1.0,bet365_via_sofascore,latest_pre_match_assumed,-0.0355710665727322,-0.0225852792218171,-0.1500523795005345,-0.1084425200025225,0.1487068956160167,-7.66856924280637,0.0,0.0,92.0,285.0,131.0,0.0,-0.1071704399207728,-0.0472961643378688,0.0490289510736285,0.0553046527334156,-0.0347906637728286,-0.0290785829805381,33.60943762447414,0.0226039332835449,0.14904868560209428,0.19538821432549858,0.8109302162163288,True,final,1
challenger:2026-04-27:1611:A,challenger,2026-04-27,2026-04-27,2026-04,A,Jelle Sels,Sergey Fomin,Clay,Shymkent 2 CH,2026-9192,R32,0.41138637,0.3263157894736842,0.3373493975903614,2.75,0.0,bet365_via_sofascore,latest_pre_match_assumed,-0.240423420521054,-0.1480700511988995,-0.020411149124798,-0.0340116014395157,-0.3591785422297536,-126.69498439404629,-0.0,-0.0,137.0,2.0,2.0,-0.0,-0.6119816804663825,-0.5019295506949303,-0.0157283081970525,-0.0673363602205875,-0.0198388698173092,-0.0013367684758808,-158.71430678198203,-0.0375058602906704,0.07403697240963858,-0.011033608116677196,1.0116009116784799,True,final,0
challenger:2026-04-27:1637:B,challenger,2026-04-27,2026-04-27,2026-04,B,Justin Engel,Laslo Djere,Clay,Mauthausen CH,2026-9697,R32,0.30216306000000004,0.24264705882352944,0.3373493975903614,2.75,0.0,bet365_via_sofascore,latest_pre_match_assumed,-0.0244105061759746,-0.0857856118909336,-0.0315709541087646,0.04803985873134,0.0927724160796165,-29.87523739098515,-0.0,-0.0,38.0,-336.0,-88.0,-0.0,-0.0834609037958367,-0.1851406282496711,-0.0057560545610035,-0.0193639028612881,-0.0598807178400958,-0.046576684966207,-182.59083652826052,-0.1373873873873874,-0.03518633759036138,-0.09470233876683198,1.0116009116784799,True,final,0
challenger:2026-04-27:1595:A,challenger,2026-04-27,2026-04-27,2026-04,A,Karan Singh,Karim Bennani,Hard,Abidjan 2 CH,2026-2997,R32,0.6079842,0.6197916666666666,0.4112149532710279,2.25,0.0,bet365_via_sofascore,latest_pre_match_assumed,0.0498857769821171,0.0498857769821171,0.4479423255051574,0.4479423255051574,-0.2073574282896286,-92.58753756883608,-0.0,-0.0,42.0,61.0,336.0,-0.0,0.1213334584606495,0.1213334584606495,-0.0124262275004844,-0.0124262275004844,-0.0084544549434066,-0.0084544549434066,-103.61190038117049,0.2790697674418604,0.19676924672897206,0.2085767133956387,0.8109302162163288,True,final,0
challenger:2026-04-27:1567:B,challenger,2026-04-27,2026-04-27,2026-04,B,Karol Filar,Radu Mihai Papoe,Clay,Ostrava CH,2026-1797,Q1,0.24087064999999996,0.24264705882352944,0.3549488054607508,2.625,0.0,bet365_via_sofascore,latest_pre_match_assumed,-0.1667007616362884,-0.1504102124916548,-0.2177012479973695,-0.2122614723127607,0.0427625516435609,-113.3015774441144,-0.0,-0.0,-23.0,-13.0,-76.0,-0.0,-0.6078478521342443,-0.1078478521342443,-0.0904361579260474,-0.0935463704078387,-0.0842000280161578,-0.0868597885389251,-86.8754106169165,-0.64,-0.11407815546075084,-0.11230174663722137,0.965080896043587,True,final,0
challenger:2026-04-27:1546:B,challenger,2026-04-27,2026-04-27,2026-04,B,Luka Pavlovic,Vitaliy Sachko,Clay,Ostrava CH,2026-1797,R32,0.4245124,0.3936170212765957,0.39232409381663114,2.375,0.0,bet365_via_sofascore,latest_pre_match_assumed,0.2689204053680024,0.1701076740173505,0.018887964196255,-0.0259183086223031,0.067254881040121,-1.438223413884316,-0.0,-0.0,-190.0,-87.0,-49.0,-0.0,0.1136994883238292,0.0029320784954568,-0.0191998299148035,-0.0373054820672467,-0.0263165482936246,-0.0200696114845725,-45.12517891181801,0.0261634746600158,0.032188306183368876,0.0012929274599645657,0.8649974374866045,True,final,0
challenger:2026-04-27:1667:B,challenger,2026-04-27,2026-04-27,2026-04,B,Marko Topo,Martin Krumich,Clay,Mauthausen CH,2026-9697,R32,0.6620710000000001,0.7516339869281046,0.375,2.5,0.0,bet365_via_sofascore,latest_pre_match_assumed,-0.0558456628581675,-0.0642480616163601,0.1631611157201502,0.1281858318672892,-0.0533410558942968,110.22531954117515,-0.0,-0.0,6.0,92.0,110.0,-0.0,0.2606872715861736,0.1737580617891343,-0.039128787228775,-0.0223649659352488,0.0165875943235751,0.0055053240109523,117.95033134131428,0.0700665859564165,0.2870710000000001,0.37663398692810457,0.9162907318741551,True,final,0
challenger:2026-04-27:1569:A,challenger,2026-04-27,2026-04-27,2026-04,A,Maxime Chazal,Calvin Hemery,Hard,Abidjan 2 CH,2026-2997,R32,0.25804335,0.1818181818181818,0.375,2.5,0.0,bet365_via_sofascore,latest_pre_match_assumed,0.0705945155806077,0.0377211216428533,-0.0298071778130416,0.062866900560094,-0.035803080218428,-112.9034912290881,-0.0,-0.0,-166.0,-146.0,-321.0,-0.0,-0.0918521110023546,-0.082870969664919,-0.0043116811578878,-0.0255472543985419,-0.0230844334192609,-0.0298449205407322,-136.73096899647155,-0.1644156645081714,-0.11695665,-0.1931818181818182,0.9162907318741551,True,final,0
challenger:2026-04-27:1661:A,challenger,2026-04-27,2026-04-27,2026-04,A,Miguel Damas,Francesco Maestrelli,Clay,Mauthausen CH,2026-9697,R32,0.31897262,0.2483660130718954,0.3373493975903614,2.75,1.0,bet365_via_sofascore,latest_pre_match_assumed,-0.0289379666555566,-0.1316289263723776,-0.1962222337901796,-0.0987199121220885,-0.5342738340269246,-174.3702487779201,0.0,0.0,-111.0,-280.0,-183.0,0.0,-0.1631861706101203,-0.0494866822862909,0.0650510066397757,0.0219439133518338,-0.0384189348059567,-0.0327616148848105,-68.87414160382787,-0.0968702441606563,-0.018376777590361437,-0.08898338451846602,1.0116009116784799,True,final,1
challenger:2026-04-27:1598:A,challenger,2026-04-27,2026-04-27,2026-04,A,Mikhail Kukushkin,Coleman Wong,Hard,Jiujiang CH,2026-3083,R32,0.47376412,0.437037037037037,0.3549488054607508,2.625,0.0,bet365_via_sofascore,latest_pre_match_assumed,0.1092637932116259,0.1011920669981226,0.0626577523524749,0.0986718909747789,0.1582401243927386,19.07114404875847,-0.0,-0.0,52.0,-229.0,-148.0,-0.0,0.0989017103884938,0.1474946572822004,0.0141692849100453,0.0255591447906939,0.0209587804020627,0.0277311704344579,54.35001564693948,0.0436429512516469,0.1188153145392492,0.0820882315762862,0.965080896043587,True,final,0
challenger:2026-04-27:1576:B,challenger,2026-04-27,2026-04-27,2026-04,B,Millen Hurrion,Aziz Dougaz,Hard,Abidjan 2 CH,2026-2997,R32,0.22965013999999995,0.24264705882352944,0.3373493975903614,2.75,0.0,bet365_via_sofascore,latest_pre_match_assumed,-0.0912080699026979,-0.0624186619268586,-0.2257882684529981,-0.2149216050539424,0.2229055246718118,-157.13329031316653,-0.0,-0.0,-147.0,-104.0,-290.0,-0.0,-0.3832216442207,-0.4228334497769709,-0.0143217514461259,-0.008274996940252,-0.0390808165605353,-0.0457866074543649,-133.70479438691245,-0.457516339869281,-0.10769925759036147,-0.09470233876683198,1.0116009116784799,True,final,0
challenger:2026-04-27:1536:A,challenger,2026-04-27,2026-04-27,2026-04,A,Norbert Gombos,Thiago Seyboth Wild,Clay,Ostrava CH,2026-1797,R32,0.3050664,0.2483660130718954,0.4233870967741935,2.2,0.0,bet365_via_sofascore,latest_pre_match_assumed,-0.0982124892247722,-0.0361020911358147,-0.0107172104388783,0.012740997783155,0.2180565818267177,-92.2187013648495,-0.0,-0.0,35.0,-86.0,-82.0,-0.0,-0.2139808473883643,-0.1269254116989274,-0.0609215550884779,-0.0602896673146032,-0.0293736886623605,-0.0368683965860554,-81.40867859757032,-0.0304036791006643,-0.11832069677419349,-0.1750210837022981,0.7884573603642703,True,final,0
challenger:2026-04-27:1596:B,challenger,2026-04-27,2026-04-27,2026-04,B,Oskar Brostrom Poulsen,Massimo Giunta,Hard,Abidjan 2 CH,2026-2997,Q2,0.38297000000000003,0.38020833333333337,0.4112149532710281,2.25,0.0,bet365_via_sofascore,latest_pre_match_assumed,-0.0840738826262297,-0.125531044090104,0.1906362658275342,0.2536787449532927,0.5,52.032717249589496,-0.0,-0.0,-19.0,-43.0,-473.0,-0.0,0.0326931154763708,-0.0328243075334949,-0.099013891273455,-0.1112565565830033,0.0593719633735375,0.0507621798107699,13.66187646108142,0.1666666666666666,-0.02824495327102805,-0.031006619937694713,0.8109302162163288,True,final,0
challenger:2026-04-27:1549:A,challenger,2026-04-27,2026-04-27,2026-04,A,Raul Brancaccio,Toby Samuel,Clay,Ostrava CH,2026-1797,R32,0.3319039,0.2483660130718954,0.4112149532710279,2.25,1.0,bet365_via_sofascore,latest_pre_match_assumed,-0.0691325002115978,-0.0688219398015571,-0.0339069915442299,-0.0669686805246518,-0.0784975139350893,-209.16848733572397,0.0,0.0,169.0,-80.0,-128.0,0.0,-0.2695221558968708,-0.1424808108228702,-0.0233479798439609,-0.0210933841240592,-0.0453880670122779,-0.0463534925347721,11.29567007523474,-0.144387517466232,-0.07931105327102794,-0.1628489401991325,0.8109302162163288,True,final,1
challenger:2026-04-27:1604:B,challenger,2026-04-27,2026-04-27,2026-04,B,Rio Noguchi,Yu Hsiou Hsu,Hard,Jiujiang CH,2026-3083,R32,0.48554010000000003,0.562962962962963,0.4112149532710281,2.25,1.0,bet365_via_sofascore,latest_pre_match_assumed,0.1456837554164763,0.1456837554164763,-0.0178827061186759,-0.0178827061186759,0.0230416183491887,35.35956930172301,0.0,0.0,43.0,-12.0,-9.0,0.0,0.0590789976575438,0.0590789976575438,0.0187240649643791,0.0187240649643791,-0.012868361635666,-0.012868361635666,31.91198259101475,0.0165022530751431,0.07432514672897195,0.15174800969193492,0.8109302162163288,True,final,1
challenger:2026-04-27:1570:A,challenger,2026-04-27,2026-04-27,2026-04,A,Skander Mansouri,Oscar Weightman,Hard,Abidjan 2 CH,2026-2997,Q1,0.33103547,0.2483660130718954,0.4112149532710279,2.25,0.0,bet365_via_sofascore,latest_pre_match_assumed,-0.0910592513130078,0.0778368470455619,0.0673402952270416,-0.0498257202722514,-0.0450433411280367,-34.27631796792684,-0.0,-0.0,61.0,-30.0,-666.0,-0.0,-0.0,-0.0614591828777455,0.0233154401746782,0.0322127686348838,0.0299087351707048,0.0188125036863351,-52.858789897586576,-0.0773558368495077,-0.08017948327102792,-0.1628489401991325,0.8109302162163288,True,final,0
challenger:2026-04-27:1613:A,challenger,2026-04-27,2026-04-27,2026-04,A,Sora Fukuda,Petr Bar Biryukov,Clay,Shymkent 2 CH,2026-9192,R32,0.28587195,0.2483660130718954,0.3373493975903614,2.75,0.0,bet365_via_sofascore,latest_pre_match_assumed,-0.085006733344937,-0.085006733344937,-0.2130095739353095,-0.2130095739353095,-0.5732435425843004,-182.59055836183325,-0.0,-0.0,-69.0,-111.0,-381.0,-0.0,-0.4298237684045481,0.0405405405405405,-0.0050972198825683,-0.0050972198825683,0.0216630050430421,0.0216630050430421,-7.754166392516936,-0.5694444444444444,-0.051477447590361436,-0.08898338451846602,1.0116009116784799,True,final,0
challenger:2026-04-27:1588:A,challenger,2026-04-27,2026-04-27,2026-04,A,Tom Hands,Sebastian Gima,Hard,Abidjan 2 CH,2026-2997,Q1,0.340058,0.2483660130718954,0.3549488054607508,2.625,0.0,bet365_via_sofascore,latest_pre_match_assumed,0.2797676775036995,0.3102787223637704,-0.02436878098368,-0.0010799621736677,0.0241076972056296,59.14859886348518,-0.0,-0.0,-72.0,-73.0,-989.0,-0.0,0.2775382783561668,-0.1337641039103874,0.0336176457062905,0.027297776506822,-0.0276436463532865,-0.0024164893030622,47.99547742143773,0.0103896103896103,-0.014890805460750778,-0.1065827923888554,0.965080896043587,True,final,0
challenger:2026-04-27:1614:A,challenger,2026-04-27,2026-04-27,2026-04,A,Viktor Durasovic,Buvaysar Gadamauri,Clay,Shymkent 2 CH,2026-9192,R32,0.47272632,0.437037037037037,0.3549488054607508,2.625,0.0,bet365_via_sofascore,latest_pre_match_assumed,-0.1690219021251749,-0.0598684311293627,-0.1876539044612261,-0.0598832504514034,0.0051727426546648,-99.23526650756185,-0.0,-0.0,129.0,126.0,200.0,-0.0,-0.3927976858537795,-0.1907538213908485,0.0034489863680339,-0.0217378663707881,-0.0410682482630164,-0.0271795559348424,-66.35961545577106,-0.1508006556550245,0.11777751453924917,0.0820882315762862,0.965080896043587,True,final,0
challenger:2026-04-27:1628:B,challenger,2026-04-27,2026-04-27,2026-04,B,Yannik Kelm,Giuseppe La Vela,Clay,Shymkent 2 CH,2026-9192,Q1,0.26309866000000004,0.24264705882352944,0.4112149532710281,2.25,0.0,bet365_via_sofascore,latest_pre_match_assumed,-0.1086066140905083,-0.1086066140905083,-0.1462579711276871,-0.1462579711276871,0.0405405405405405,-41.77591999984156,-0.0,-0.0,-4.0,-36.0,-374.0,-0.0,-0.3679750195096243,-0.3679750195096243,0.0273503649901811,0.0273503649901811,-0.0683624170894687,-0.0683624170894687,-20.86170005084932,-0.375,-0.14811629327102804,-0.16856789444749865,0.8109302162163288,True,final,0
challenger:2026-04-28:1674:B,challenger,2026-04-28,2026-04-28,2026-04,B,Aleksandar Vukic,Marcos Giron,Clay,Cagliari CH,2026-2861,R32,0.51621297,0.562962962962963,0.35380835380835374,2.63,0.0,bet365_via_sofascore,latest_pre_match_assumed,-0.1031587666293025,-0.0468961648277462,-0.1024280300222639,-0.0457455551269729,0.2315512993049993,88.89805235978633,-0.0,-0.0,140.0,-137.0,-19.0,-0.0,-0.2108253105618028,0.6328634824134136,-0.0246261389782467,4.948511832897351e-05,0.0027880687881495,-0.0193937492185035,143.40627712784408,0.0464743589743589,0.16240461619164626,0.20915460915460926,0.9669838461896731,True,final,0
challenger:2026-04-28:1676:A,challenger,2026-04-28,2026-04-28,2026-04,A,Andrea Pellegrino,Stefanos Sakellaridis,Clay,Cagliari CH,2026-2861,R32,0.61809886,0.6197916666666666,0.4109947643979057,2.25,1.0,bet365_via_sofascore,latest_pre_match_assumed,-0.0865112587370818,-0.0125097818367612,-0.0579707919437826,-0.0426717396481911,0.0643844412065711,36.20552147905005,0.0,0.0,163.0,251.0,141.0,0.0,-0.054519252894946,-0.054519252894946,0.0034933603068095,0.0074359585959976,-0.0211046417525966,-0.025998722210906,98.8517542150862,0.027361536551039,0.2071040956020943,0.2087969022687609,0.8109302162163288,True,final,1
challenger:2026-04-28:1704:A,challenger,2026-04-28,2026-04-28,2026-04,A,Clement Chidekh,Rinky Hijikata,Clay,Aix-en-Provence CH,2026-7009,R32,0.38873276,0.3263157894736842,0.3373493975903614,2.75,0.0,bet365_via_sofascore,latest_pre_match_assumed,-0.2059585595900789,0.1476519325501398,-0.0697130808862799,-0.2510904300854372,-0.2128757219799217,-70.64171834878266,-0.0,-0.0,-20.0,-326.0,-135.0,-0.0,-0.3723224678539782,-0.0767067838091451,-0.0052906585195777,0.0260419774039623,0.0193226831265244,-0.0811916568010304,-16.383737450083572,-0.0611867928884785,0.05138336240963859,-0.011033608116677196,1.0116009116784799,True,final,0
challenger:2026-04-28:1680:A,challenger,2026-04-28,2026-04-28,2026-04,A,Enrico Dalla Valle,Stefanos Sakellaridis,Clay,Cagliari CH,2026-2861,Q2,0.37888336,0.3076923076923077,0.3549488054607508,2.625,0.0,bet365_via_sofascore,latest_pre_match_assumed,0.0887178077134274,0.1692483413063681,-0.0690445478133046,-0.0697939616616289,0.0585048427318045,-54.87580737019039,-0.0,-0.0,59.0,-91.0,-185.0,-0.0,-0.0961250065273127,-0.0961250065273127,0.0060346460863066,0.0102301901232819,-0.0007780332572573,-0.0104148341539821,-6.940706257523743,-0.004936726463635,0.023934554539249198,-0.047256497768443095,0.965080896043587,True,final,0
challenger:2026-04-28:1706:A,challenger,2026-04-28,2026-04-28,2026-04,A,Francisco Comesana,Ignacio Buse,Clay,Aix-en-Provence CH,2026-7009,R32,0.50918263,0.437037037037037,0.391304347826087,2.38,0.0,bet365_via_sofascore,latest_pre_match_assumed,0.0354481635697548,0.0487067591712012,0.0564466888225821,0.0212064344688123,-0.0944784031320729,-20.82510537224084,-0.0,-0.0,27.0,202.0,35.0,-0.0,-0.1816029391006336,-0.1816029391006336,0.0045264274358055,0.009657464428147,0.0030686544179101,-0.003153350911797,-57.626497449170074,0.0686274509803921,0.117878282173913,0.04573268921095003,0.8671004876833833,True,final,0
challenger:2026-04-28:1690:B,challenger,2026-04-28,2026-04-28,2026-04,B,Lorenzo Carboni,Gianluca Cadenasso ,Clay,Cagliari CH,2026-2861,R32,0.26388747,0.24264705882352944,0.35380835380835374,2.63,0.0,bet365_via_sofascore,latest_pre_match_assumed,-0.0826894730217879,-0.0429296122552231,0.047764507366359,0.0542104705502344,-0.2052618035722167,-158.49667179950666,-0.0,-0.0,3.0,-56.0,-115.0,-0.0,-0.2278098582274018,-0.1769167239819333,-0.0466546207017147,-0.0511674020651746,-0.0580546352171826,-0.0533801925489705,-154.97332423448233,-0.1668351870576339,-0.08992088380835372,-0.1111612949848243,0.9669838461896731,True,final,0
challenger:2026-04-28:1697:B,challenger,2026-04-28,2026-04-28,2026-04,B,Matteo Martineau,Kimmer Coppejans,Clay,Aix-en-Provence CH,2026-7009,Q2,0.38643193,0.38020833333333337,0.375,2.5,0.0,bet365_via_sofascore,latest_pre_match_assumed,0.0604129594578433,-0.0447765482250132,0.046749629837715,0.0841087400907452,-0.2132994687230763,-56.84950941974262,-0.0,-0.0,19.0,-80.0,-86.0,-0.0,-0.1058889036498336,-0.1462159892630248,-0.052519791287775,-0.0194879393602906,0.0385803069880725,0.0280375941537026,-144.90763602055654,-0.0476237952808242,0.011431929999999979,0.00520833333333337,0.9162907318741551,True,final,0
challenger:2026-04-28:1677:B,challenger,2026-04-28,2026-04-28,2026-04,B,Patrick Kypson,Matteo Berrettini,Clay,Cagliari CH,2026-2861,R32,0.50286067,0.562962962962963,0.3373493975903614,2.75,0.0,bet365_via_sofascore,latest_pre_match_assumed,0.1224338510770942,0.1683357890370767,-0.0275927254624931,0.1475719009602033,0.1044186903618122,221.7702754402235,-0.0,-0.0,166.0,-412.0,-62.0,-0.0,0.0676378680330284,0.3662358960896125,0.0102549519676067,0.0005005306732421,0.0084016872275013,-0.0135319221182563,147.84874388072717,-0.0890804597701149,0.1655112724096386,0.22561356537260158,1.0116009116784799,True,final,0
challenger:2026-04-28:1699:A,challenger,2026-04-28,2026-04-28,2026-04,A,Pedro Martinez,Valentin Royer,Clay,Aix-en-Provence CH,2026-7009,R32,0.498685,0.437037037037037,0.4109947643979057,2.25,0.0,bet365_via_sofascore,latest_pre_match_assumed,-0.0383887156640123,0.0354070312263533,-0.0018101576384512,0.0066245514629044,-0.1177100918015301,-13.22524327306337,-0.0,-0.0,-54.0,-256.0,-35.0,-0.0,0.0190637998758974,-0.161302428218338,0.0586774955113906,0.056695515849359,0.0295838388706928,0.0024853558822238,-45.43078566621807,0.0574938574938574,0.08769023560209427,0.02604227263913128,0.8109302162163288,True,final,0
challenger:2026-04-28:1693:A,challenger,2026-04-28,2026-04-28,2026-04,A,Pierre Hugues Herbert,Pol Martin Tiffon,Clay,Aix-en-Provence CH,2026-7009,Q2,0.62447983,0.6197916666666666,0.4233870967741935,2.2,0.0,bet365_via_sofascore,latest_pre_match_assumed,0.0311910650386015,0.0136511308848903,0.0935114818518468,0.0523644659964249,-0.1521448325171568,22.730254121092003,-0.0,-0.0,21.0,272.0,226.0,-0.0,-0.0579942814092804,-0.1716937697331098,-0.0323963824766625,-0.0327437883424588,0.0140055058353917,0.0014309492749878,14.861838590459456,0.0816438356164384,0.20109273322580645,0.19640456989247312,0.7884573603642703,True,final,0
challenger:2026-04-28:1710:A,challenger,2026-04-28,2026-04-28,2026-04,A,Robin Bertrand,Thomas Faurel,Clay,Aix-en-Provence CH,2026-7009,Q1,0.5959369,0.6197916666666666,0.4112149532710279,2.25,0.0,bet365_via_sofascore,latest_pre_match_assumed,-0.0246992786659339,0.0136815447226698,0.1246735564687637,0.0695611393094123,0.3291891205995687,61.79192129723606,-0.0,-0.0,63.0,94.0,212.0,-0.0,0.1425505161739854,-0.0640765541347312,0.0266073389627418,-0.0265800590449797,0.0292432072693885,-0.0420711589192621,3.001307504045826,-0.0052110474205315,0.18472194672897208,0.2085767133956387,0.8109302162163288,True,final,0
challenger:2026-04-28:1692:B,challenger,2026-04-28,2026-04-28,2026-04,B,Sascha Gueymard Wayenburg,Roberto Bautista Agut,Clay,Aix-en-Provence CH,2026-7009,R32,0.32579040000000004,0.3267326732673267,0.4109947643979057,2.25,0.0,bet365_via_sofascore,latest_pre_match_assumed,-0.0011461651338137,-0.0374414075218477,-0.0263494003731386,-0.0766382671025986,-0.0495024281513057,-15.136717704687952,-0.0,-0.0,97.0,-373.0,-109.0,-0.0,-0.2570915104471328,-0.2689950842812252,-0.0380426032630826,-0.0029851285006529,-0.0365233777278406,-0.0552823389336957,-71.55663533066308,-0.2262996941896023,-0.08520436439790569,-0.08426209113057903,0.8109302162163288,True,final,0
challenger:2026-04-28:1691:A,challenger,2026-04-28,2026-04-28,2026-04,A,Stan Wawrinka,Sebastian Ofner,Clay,Aix-en-Provence CH,2026-7009,R32,0.44312266,0.437037037037037,0.4240837696335078,2.2,0.0,bet365_via_sofascore,latest_pre_match_assumed,-0.0746235930941159,-0.132775833765965,-0.0068837130087657,-0.0758821345379391,-0.2435345764217817,-118.732690779304,-0.0,-0.0,-114.0,-66.0,-25.0,-0.0,-0.1316998118543629,-0.2222047516561022,-0.04170089612047,-0.0324599586471867,0.0208077192655538,0.0100740644163256,-162.1419534038298,0.0426630434782608,0.0190388903664922,0.0129532674035292,0.7884573603642703,True,final,0
challenger:2026-04-28:1673:A,challenger,2026-04-28,2026-04-28,2026-04,A,Stefano Travaglia,Jesper De Jong,Clay,Cagliari CH,2026-2861,R32,0.4286861,0.4137931034482758,0.3538083538083538,2.63,0.0,bet365_via_sofascore,latest_pre_match_assumed,-0.0441556911049483,0.0037042124716297,0.0369257188100757,0.0129479301537154,-0.0786377032919988,8.622934622407229,-0.0,-0.0,63.0,-455.0,-120.0,-0.0,0.0817004130014791,-0.0124518853526373,0.0069403147346659,0.014183469470071,0.0303318259138646,0.0218999913118718,-50.6759805970928,-0.0220378532538242,0.07487774619164622,0.05998474963992201,0.9669838461896731,True,final,0
